-- --------------------------------------------------------
-- Host:                         127.0.0.1
-- Server version:               8.4.3 - MySQL Community Server - GPL
-- Server OS:                    Win64
-- HeidiSQL Version:             12.8.0.6908
-- --------------------------------------------------------

/*!40101 SET @OLD_CHARACTER_SET_CLIENT=@@CHARACTER_SET_CLIENT */;
/*!40101 SET NAMES utf8 */;
/*!50503 SET NAMES utf8mb4 */;
/*!40103 SET @OLD_TIME_ZONE=@@TIME_ZONE */;
/*!40103 SET TIME_ZONE='+00:00' */;
/*!40014 SET @OLD_FOREIGN_KEY_CHECKS=@@FOREIGN_KEY_CHECKS, FOREIGN_KEY_CHECKS=0 */;
/*!40101 SET @OLD_SQL_MODE=@@SQL_MODE, SQL_MODE='NO_AUTO_VALUE_ON_ZERO' */;
/*!40111 SET @OLD_SQL_NOTES=@@SQL_NOTES, SQL_NOTES=0 */;


-- Dumping database structure for sipsr
DROP DATABASE IF EXISTS `sipsr`;
CREATE DATABASE IF NOT EXISTS `sipsr` /*!40100 DEFAULT CHARACTER SET utf8mb4 COLLATE utf8mb4_0900_ai_ci */ /*!80016 DEFAULT ENCRYPTION='N' */;
USE `sipsr`;

-- Dumping structure for table sipsr.activity_logs
DROP TABLE IF EXISTS `activity_logs`;
CREATE TABLE IF NOT EXISTS `activity_logs` (
  `id` char(36) COLLATE utf8mb4_unicode_ci NOT NULL,
  `user_id` char(36) COLLATE utf8mb4_unicode_ci NOT NULL,
  `role_saat_itu` enum('ADMIN','STAFF') COLLATE utf8mb4_unicode_ci NOT NULL,
  `jenis_aktivitas` varchar(255) COLLATE utf8mb4_unicode_ci NOT NULL,
  `detail` text COLLATE utf8mb4_unicode_ci,
  `document_id` char(36) COLLATE utf8mb4_unicode_ci DEFAULT NULL,
  `ip_address` varchar(255) COLLATE utf8mb4_unicode_ci DEFAULT NULL,
  `user_agent` text COLLATE utf8mb4_unicode_ci,
  `created_at` timestamp NULL DEFAULT NULL,
  PRIMARY KEY (`id`),
  KEY `activity_logs_user_id_foreign` (`user_id`),
  KEY `activity_logs_document_id_foreign` (`document_id`),
  CONSTRAINT `activity_logs_document_id_foreign` FOREIGN KEY (`document_id`) REFERENCES `documents` (`id`) ON DELETE SET NULL,
  CONSTRAINT `activity_logs_user_id_foreign` FOREIGN KEY (`user_id`) REFERENCES `users` (`id`) ON DELETE CASCADE
) ENGINE=InnoDB DEFAULT CHARSET=utf8mb4 COLLATE=utf8mb4_unicode_ci;

-- Dumping data for table sipsr.activity_logs: ~345 rows (approximately)
INSERT INTO `activity_logs` (`id`, `user_id`, `role_saat_itu`, `jenis_aktivitas`, `detail`, `document_id`, `ip_address`, `user_agent`, `created_at`) VALUES
	('019ede24-cd55-739e-baa3-434fbb677d6c', '019ede24-cb74-73b7-85ee-ba849d9f5f21', 'STAFF', 'LOGIN', 'User berhasil login ke sistem', NULL, '192.168.1.15', 'Mozilla/5.0 (Windows NT 10.0; Win64; x64; rv:120.0) Gecko/20100101 Firefox/120.0', '2026-05-12 19:30:14'),
	('019ede24-cd56-71c0-8b48-bcfaf428e395', '019ede24-caa3-7243-b800-c3eb6d954d53', 'ADMIN', 'LOGOUT', 'User logout dari sistem', NULL, '10.0.0.5', 'Mozilla/5.0 (Macintosh; Intel Mac OS X 10_15_7) AppleWebKit/605.1.15', '2026-05-26 05:30:14'),
	('019ede24-cd57-724d-988a-75575861a336', '019ede24-caa3-7243-b800-c3eb6d954d53', 'ADMIN', 'UPLOAD_DOKUMEN', 'Mengupload dokumen baru', '019ede24-cd41-702f-97ba-a842a4f26df9', '192.168.1.10', 'Mozilla/5.0 (Macintosh; Intel Mac OS X 10_15_7) AppleWebKit/605.1.15', '2021-11-09 23:50:52'),
	('019ede24-cd59-728b-b5f0-4d242edad8b9', '019ede24-cd0c-7025-87e8-0e4781f0eec8', 'STAFF', 'EDIT_DOKUMEN', 'Mengedit metadata dokumen', '019ede24-cd4c-70be-9144-f6921e6190b9', '192.168.1.15', 'Mozilla/5.0 (Windows NT 10.0; Win64; x64) AppleWebKit/537.36', '2022-10-12 13:51:14'),
	('019ede24-cd5a-71db-8f64-6cf5ec79edcb', '019ede24-caa3-7243-b800-c3eb6d954d53', 'ADMIN', 'HAPUS_DOKUMEN', 'Menghapus dokumen (soft delete)', '019ede24-cd3a-738a-a72c-6f29e78fa14d', '172.16.0.100', 'Mozilla/5.0 (Macintosh; Intel Mac OS X 10_15_7) AppleWebKit/605.1.15', '2024-04-17 01:56:33'),
	('019ede24-cd5b-7356-aad7-6d79c04452da', '019ede24-cc48-721c-a54d-7bce429c3a32', 'STAFF', 'RESTORE_DOKUMEN', 'Memulihkan dokumen dari recycle bin', '019ede24-cd4d-7313-abeb-6486130318ba', '192.168.1.20', 'Mozilla/5.0 (Macintosh; Intel Mac OS X 10_15_7) AppleWebKit/605.1.15', '2024-12-29 03:36:20'),
	('019ede24-cd5c-719e-a8fe-3c1421fb5279', '019ede24-cd0c-7025-87e8-0e4781f0eec8', 'STAFF', 'DOWNLOAD_DOKUMEN', 'Mengunduh file dokumen', '019ede24-cd49-7189-8331-9fa7e5c43c88', '192.168.1.20', 'Mozilla/5.0 (Windows NT 10.0; Win64; x64) AppleWebKit/537.36', '2025-10-14 17:05:20'),
	('019ede24-cd5c-719e-a8fe-3c14221018a7', '019ede24-cd0c-7025-87e8-0e4781f0eec8', 'STAFF', 'SHARE_LINK', 'Membuat share link dokumen', '019ede24-cd32-7192-9076-5ce460e5acf9', '172.16.0.100', 'Mozilla/5.0 (Windows NT 10.0; Win64; x64) AppleWebKit/537.36', '2025-04-21 10:32:40'),
	('019ede24-cd5d-726e-9899-9d6092a8475a', '019ede24-cd0c-7025-87e8-0e4781f0eec8', 'STAFF', 'TAMBAH_USER', 'Menambahkan user baru', NULL, '10.0.0.5', 'Mozilla/5.0 (Windows NT 10.0; Win64; x64; rv:120.0) Gecko/20100101 Firefox/120.0', '2026-06-16 09:30:14'),
	('019ede24-cd5e-71af-b049-33c2055bc88c', '019ede24-cc48-721c-a54d-7bce429c3a32', 'STAFF', 'EDIT_USER', 'Mengedit data user', NULL, '192.168.1.20', 'Mozilla/5.0 (Macintosh; Intel Mac OS X 10_15_7) AppleWebKit/605.1.15', '2026-05-15 12:30:14'),
	('019ede24-cd5f-73c2-b134-44fda5d26b08', '019ede24-cc48-721c-a54d-7bce429c3a32', 'STAFF', 'NONAKTIFKAN_USER', 'Menonaktifkan akun user', NULL, '10.0.0.5', 'Mozilla/5.0 (Macintosh; Intel Mac OS X 10_15_7) AppleWebKit/605.1.15', '2026-05-29 04:30:14'),
	('019ede24-cd60-7379-a448-dfed5243fe6c', '019ede24-cb74-73b7-85ee-ba849d9f5f21', 'STAFF', 'TAMBAH_KATEGORI', 'Menambahkan kategori baru', NULL, '192.168.1.10', 'Mozilla/5.0 (Macintosh; Intel Mac OS X 10_15_7) AppleWebKit/605.1.15', '2026-04-21 08:30:14'),
	('019ede24-cd60-7379-a448-dfed524cd115', '019ede24-cb74-73b7-85ee-ba849d9f5f21', 'STAFF', 'EDIT_KATEGORI', 'Mengedit nama kategori', NULL, '172.16.0.100', 'Mozilla/5.0 (Windows NT 10.0; Win64; x64; rv:120.0) Gecko/20100101 Firefox/120.0', '2026-05-06 00:30:14'),
	('019ede24-cd61-7135-9ab0-0eb4fd721721', '019ede24-cd0c-7025-87e8-0e4781f0eec8', 'STAFF', 'HAPUS_KATEGORI', 'Menghapus kategori', NULL, '192.168.1.10', 'Mozilla/5.0 (Windows NT 10.0; Win64; x64) AppleWebKit/537.36', '2026-04-28 05:30:14'),
	('019ede24-cd62-72fd-95b1-0b1ddc820cf7', '019ede24-cb74-73b7-85ee-ba849d9f5f21', 'STAFF', 'LIHAT_DOKUMEN', 'Melihat detail dokumen', '019ede24-cd41-702f-97ba-a842a4f26df9', '10.0.0.5', 'Mozilla/5.0 (Macintosh; Intel Mac OS X 10_15_7) AppleWebKit/605.1.15', '2021-11-09 23:50:52'),
	('019ede24-cd63-707d-9d37-63fabea313cb', '019ede24-cc48-721c-a54d-7bce429c3a32', 'STAFF', 'GANTI_PASSWORD', 'Mengganti password sendiri', NULL, '192.168.1.15', 'Mozilla/5.0 (Windows NT 10.0; Win64; x64) AppleWebKit/537.36', '2026-05-31 23:30:14'),
	('019ede24-cd64-705d-80a7-9290eb580045', '019ede24-cd0c-7025-87e8-0e4781f0eec8', 'STAFF', 'UPLOAD_DOKUMEN', 'Mengupload dokumen laporan', '019ede24-cd4e-7143-a659-5596318cf77c', '192.168.1.20', 'Mozilla/5.0 (Macintosh; Intel Mac OS X 10_15_7) AppleWebKit/605.1.15', '2024-11-16 03:42:19'),
	('019ede24-cd65-701a-8882-f073f51de670', '019ede24-cd0c-7025-87e8-0e4781f0eec8', 'STAFF', 'LOGIN', 'User berhasil login ke sistem', NULL, '192.168.1.20', 'Mozilla/5.0 (Windows NT 10.0; Win64; x64; rv:120.0) Gecko/20100101 Firefox/120.0', '2026-04-22 22:30:14'),
	('019ede24-cd66-72dc-97e9-37630748c504', '019ede24-cb74-73b7-85ee-ba849d9f5f21', 'STAFF', 'EDIT_DOKUMEN', 'Mengedit deskripsi dokumen', '019ede24-cd3a-738a-a72c-6f29e78fa14d', '192.168.1.20', 'Mozilla/5.0 (Windows NT 10.0; Win64; x64; rv:120.0) Gecko/20100101 Firefox/120.0', '2024-04-17 01:56:33'),
	('019ede24-cd67-729a-84a4-f001c4a182b5', '019ede24-caa3-7243-b800-c3eb6d954d53', 'ADMIN', 'DOWNLOAD_DOKUMEN', 'Mengunduh dokumen perizinan', '019ede24-cd32-7192-9076-5ce460e5acf9', '192.168.1.10', 'Mozilla/5.0 (Macintosh; Intel Mac OS X 10_15_7) AppleWebKit/605.1.15', '2025-04-21 10:32:40'),
	('019ede28-de3e-7353-9600-ce846a367fe0', '019ede24-caa3-7243-b800-c3eb6d954d53', 'ADMIN', 'LOGIN_BERHASIL', 'User berhasil login ke sistem', NULL, '127.0.0.1', 'Mozilla/5.0 (Linux; Android 15; Pixel 9) AppleWebKit/537.36 (KHTML, like Gecko) Chrome/149.0.0.0 Mobile Safari/537.36', '2026-06-18 21:34:40'),
	('019ede2b-5b9d-729e-853c-5b74ad122ac8', '019ede24-caa3-7243-b800-c3eb6d954d53', 'ADMIN', 'TAMBAH_USER', NULL, NULL, '127.0.0.1', 'Mozilla/5.0 (Linux; Android 15; Pixel 9) AppleWebKit/537.36 (KHTML, like Gecko) Chrome/149.0.0.0 Mobile Safari/537.36', NULL),
	('019ede2c-80f6-71ea-8cc0-8b6a0a50e360', '019ede24-cb74-73b7-85ee-ba849d9f5f21', 'STAFF', 'LOGIN_BERHASIL', 'User berhasil login ke sistem', NULL, '127.0.0.1', 'Mozilla/5.0 (Linux; Android 15; Pixel 9) AppleWebKit/537.36 (KHTML, like Gecko) Chrome/149.0.0.0 Mobile Safari/537.36', '2026-06-18 21:38:39'),
	('019ede73-ae43-711c-b401-e3551d8dd708', '019ede24-caa3-7243-b800-c3eb6d954d53', 'ADMIN', 'LOGIN_BERHASIL', 'User berhasil login ke sistem', NULL, '127.0.0.1', 'Mozilla/5.0 (Windows NT 10.0; Win64; x64) AppleWebKit/537.36 (KHTML, like Gecko) Chrome/149.0.0.0 Safari/537.36', '2026-06-18 22:56:23'),
	('019ede7e-ea88-7153-983e-ae08249b4cc6', '019ede24-caa3-7243-b800-c3eb6d954d53', 'ADMIN', 'LOGIN_BERHASIL', 'User berhasil login ke sistem', NULL, '127.0.0.1', 'Mozilla/5.0 (Windows NT 10.0; Win64; x64) AppleWebKit/537.36 (KHTML, like Gecko) Chrome/149.0.0.0 Safari/537.36', '2026-06-18 23:08:40'),
	('019ede80-1084-71b3-be6e-d6738608c62c', '019ede24-caa3-7243-b800-c3eb6d954d53', 'ADMIN', 'LOGIN_BERHASIL', 'User berhasil login ke sistem', NULL, '127.0.0.1', 'Mozilla/5.0 (Linux; Android 15; Pixel 9) AppleWebKit/537.36 (KHTML, like Gecko) Chrome/149.0.0.0 Mobile Safari/537.36', '2026-06-18 23:09:55'),
	('019ede88-31cd-712f-841d-3e801992a82e', '019ede24-caa3-7243-b800-c3eb6d954d53', 'ADMIN', 'LOGIN_BERHASIL', 'User berhasil login ke sistem', NULL, '127.0.0.1', 'Mozilla/5.0 (Linux; Android 15; Pixel 9) AppleWebKit/537.36 (KHTML, like Gecko) Chrome/149.0.0.0 Mobile Safari/537.36', '2026-06-18 23:18:48'),
	('019edeb3-af2a-70b4-88e3-70792fd07590', '019ede24-caa3-7243-b800-c3eb6d954d53', 'ADMIN', 'UPLOAD_DOKUMEN', 'Mengupload dokumen: Dokumen Test Upload', '019edeb3-af1d-7207-9619-cfadf856fec7', '127.0.0.1', 'Mozilla/5.0 (Windows NT 10.0; Win64; x64) AppleWebKit/537.36 (KHTML, like Gecko) Chrome/149.0.0.0 Safari/537.36', '2023-01-03 11:24:51'),
	('019edeb5-5a35-73cd-8bc2-e15459fba000', '019ede24-caa3-7243-b800-c3eb6d954d53', 'ADMIN', 'EDIT_METADATA', 'Mengedit metadata: Dokumen Test Upload', '019edeb3-af1d-7207-9619-cfadf856fec7', '127.0.0.1', 'Mozilla/5.0 (Windows NT 10.0; Win64; x64) AppleWebKit/537.36 (KHTML, like Gecko) Chrome/149.0.0.0 Safari/537.36', '2023-01-03 11:24:51'),
	('019edec2-060b-7338-a94f-c2e6e620e219', '019ede24-caa3-7243-b800-c3eb6d954d53', 'ADMIN', 'EDIT_METADATA', 'Mengedit metadata: Dokumen Test Uploadghgh', '019edeb3-af1d-7207-9619-cfadf856fec7', '127.0.0.1', 'Mozilla/5.0 (Windows NT 10.0; Win64; x64) AppleWebKit/537.36 (KHTML, like Gecko) Chrome/149.0.0.0 Safari/537.36', '2023-01-03 11:24:51'),
	('019edee7-c2b5-73ab-a827-ce9b51b77842', '019ede24-caa3-7243-b800-c3eb6d954d53', 'ADMIN', 'DOWNLOAD_DOKUMEN', 'Mengunduh dokumen: Dokumen Test Uploadghgh', '019edeb3-af1d-7207-9619-cfadf856fec7', '127.0.0.1', 'Mozilla/5.0 (Windows NT 10.0; Win64; x64) AppleWebKit/537.36 (KHTML, like Gecko) Chrome/149.0.0.0 Safari/537.36', '2023-01-03 11:24:51'),
	('019edee7-dbcd-7044-9514-8214618ad6a0', '019ede24-caa3-7243-b800-c3eb6d954d53', 'ADMIN', 'DOWNLOAD_DOKUMEN', 'Mengunduh dokumen: Dokumen Test Uploadghgh', '019edeb3-af1d-7207-9619-cfadf856fec7', '127.0.0.1', 'Mozilla/5.0 (Windows NT 10.0; Win64; x64) AppleWebKit/537.36 (KHTML, like Gecko) Chrome/149.0.0.0 Safari/537.36', '2023-01-03 11:24:51'),
	('019edee8-12a9-73a2-9b53-fbfb8939dcf3', '019ede24-caa3-7243-b800-c3eb6d954d53', 'ADMIN', 'DOWNLOAD_DOKUMEN', 'Mengunduh dokumen: Dokumen Test Uploadghgh', '019edeb3-af1d-7207-9619-cfadf856fec7', '127.0.0.1', 'Mozilla/5.0 (Windows NT 10.0; Win64; x64) AppleWebKit/537.36 (KHTML, like Gecko) Chrome/149.0.0.0 Safari/537.36', '2023-01-03 11:24:51'),
	('019edee8-19ef-73d8-bbea-36678ffacaf5', '019ede24-caa3-7243-b800-c3eb6d954d53', 'ADMIN', 'DOWNLOAD_DOKUMEN', 'Mengunduh dokumen: Dokumen Test Uploadghgh', '019edeb3-af1d-7207-9619-cfadf856fec7', '127.0.0.1', 'Mozilla/5.0 (Windows NT 10.0; Win64; x64) AppleWebKit/537.36 (KHTML, like Gecko) Chrome/149.0.0.0 Safari/537.36', '2023-01-03 11:24:51'),
	('019edefe-d151-7059-b796-cd74fd3af808', '019ede24-caa3-7243-b800-c3eb6d954d53', 'ADMIN', 'DOWNLOAD_DOKUMEN', 'Mengunduh dokumen: Dokumen Test Uploadghgh', '019edeb3-af1d-7207-9619-cfadf856fec7', '127.0.0.1', 'Mozilla/5.0 (Windows NT 10.0; Win64; x64) AppleWebKit/537.36 (KHTML, like Gecko) Chrome/149.0.0.0 Safari/537.36', '2023-01-03 11:24:51'),
	('019edeff-356b-736e-8808-ffcc79e6c74a', '019ede24-caa3-7243-b800-c3eb6d954d53', 'ADMIN', 'UPLOAD_DOKUMEN', 'Mengupload dokumen: a', '019edeff-3560-7297-a58e-873e0064e385', '127.0.0.1', 'Mozilla/5.0 (Windows NT 10.0; Win64; x64) AppleWebKit/537.36 (KHTML, like Gecko) Chrome/149.0.0.0 Safari/537.36', '2026-06-04 00:40:28'),
	('019edeff-46c0-7390-b3e5-ea5767060681', '019ede24-caa3-7243-b800-c3eb6d954d53', 'ADMIN', 'DOWNLOAD_DOKUMEN', 'Mengunduh dokumen: a', '019edeff-3560-7297-a58e-873e0064e385', '127.0.0.1', 'Mozilla/5.0 (Windows NT 10.0; Win64; x64) AppleWebKit/537.36 (KHTML, like Gecko) Chrome/149.0.0.0 Safari/537.36', '2026-06-04 00:40:28'),
	('019edeff-c546-70a0-ae03-b03e81fa4bd0', '019ede24-caa3-7243-b800-c3eb6d954d53', 'ADMIN', 'DOWNLOAD_DOKUMEN', 'Mengunduh dokumen: a', '019edeff-3560-7297-a58e-873e0064e385', '127.0.0.1', 'Mozilla/5.0 (Windows NT 10.0; Win64; x64) AppleWebKit/537.36 (KHTML, like Gecko) Chrome/149.0.0.0 Safari/537.36', '2026-06-04 00:40:28'),
	('019edf00-31df-72db-81ce-34bb33c85adb', '019ede24-caa3-7243-b800-c3eb6d954d53', 'ADMIN', 'LOGIN_BERHASIL', 'User berhasil login ke sistem', NULL, '127.0.0.1', 'Mozilla/5.0 (Windows NT 10.0; Win64; x64) AppleWebKit/537.36 (KHTML, like Gecko) Chrome/149.0.0.0 Safari/537.36 Edg/149.0.0.0', '2026-06-19 01:29:52'),
	('019edf00-3af1-71a5-a330-e6f64946f08a', '019ede24-caa3-7243-b800-c3eb6d954d53', 'ADMIN', 'DOWNLOAD_DOKUMEN', 'Mengunduh dokumen: a', '019edeff-3560-7297-a58e-873e0064e385', '127.0.0.1', 'Mozilla/5.0 (Windows NT 10.0; Win64; x64) AppleWebKit/537.36 (KHTML, like Gecko) Chrome/149.0.0.0 Safari/537.36 Edg/149.0.0.0', '2026-06-04 00:40:28'),
	('019edf00-74be-73a9-9cc0-f234f976dd32', '019ede24-caa3-7243-b800-c3eb6d954d53', 'ADMIN', 'HAPUS_DOKUMEN', 'Menghapus dokumen: a', '019edeff-3560-7297-a58e-873e0064e385', '127.0.0.1', 'Mozilla/5.0 (Windows NT 10.0; Win64; x64) AppleWebKit/537.36 (KHTML, like Gecko) Chrome/149.0.0.0 Safari/537.36 Edg/149.0.0.0', '2026-06-04 00:40:28'),
	('019edf00-9053-72f8-ac97-5c1e5b45fbba', '019ede24-caa3-7243-b800-c3eb6d954d53', 'ADMIN', 'HAPUS_DOKUMEN', 'Menghapus dokumen: Perizinan Penggunaan Air', '019ede24-cd4d-7313-abeb-6486130318ba', '127.0.0.1', 'Mozilla/5.0 (Windows NT 10.0; Win64; x64) AppleWebKit/537.36 (KHTML, like Gecko) Chrome/149.0.0.0 Safari/537.36 Edg/149.0.0.0', '2024-12-29 03:36:20'),
	('019edf00-b15f-71af-b779-b785a1ec92db', '019ede24-caa3-7243-b800-c3eb6d954d53', 'ADMIN', 'HAPUS_DOKUMEN', 'Menghapus dokumen: Nota Dinas Pengadaan Pupuk', '019ede24-cd3a-738a-a72c-6f29e78fa14d', '127.0.0.1', 'Mozilla/5.0 (Windows NT 10.0; Win64; x64) AppleWebKit/537.36 (KHTML, like Gecko) Chrome/149.0.0.0 Safari/537.36 Edg/149.0.0.0', '2024-04-17 01:56:33'),
	('019edf01-2649-71cf-b2b5-5af43db603bd', '019ede24-caa3-7243-b800-c3eb6d954d53', 'ADMIN', 'RESTORE_DOKUMEN', 'Restore: Nota Dinas Pengadaan Pupuk', '019ede24-cd3a-738a-a72c-6f29e78fa14d', '127.0.0.1', 'Mozilla/5.0 (Windows NT 10.0; Win64; x64) AppleWebKit/537.36 (KHTML, like Gecko) Chrome/149.0.0.0 Safari/537.36 Edg/149.0.0.0', '2024-04-17 01:56:33'),
	('019edf01-2ac1-723e-b86c-dc90a1067cdf', '019ede24-caa3-7243-b800-c3eb6d954d53', 'ADMIN', 'RESTORE_DOKUMEN', 'Restore: Perizinan Penggunaan Air', '019ede24-cd4d-7313-abeb-6486130318ba', '127.0.0.1', 'Mozilla/5.0 (Windows NT 10.0; Win64; x64) AppleWebKit/537.36 (KHTML, like Gecko) Chrome/149.0.0.0 Safari/537.36 Edg/149.0.0.0', '2024-12-29 03:36:20'),
	('019edf01-2f8a-719f-9f31-a309773306f7', '019ede24-caa3-7243-b800-c3eb6d954d53', 'ADMIN', 'RESTORE_DOKUMEN', 'Restore: a', '019edeff-3560-7297-a58e-873e0064e385', '127.0.0.1', 'Mozilla/5.0 (Windows NT 10.0; Win64; x64) AppleWebKit/537.36 (KHTML, like Gecko) Chrome/149.0.0.0 Safari/537.36 Edg/149.0.0.0', '2026-06-04 00:40:28'),
	('019edf01-32d2-70ee-9529-940abc5f0750', '019ede24-caa3-7243-b800-c3eb6d954d53', 'ADMIN', 'RESTORE_DOKUMEN', 'Restore: SOP Pemupukan Tanaman', '019ede24-cd49-7189-8331-9fa7e5c43c88', '127.0.0.1', 'Mozilla/5.0 (Windows NT 10.0; Win64; x64) AppleWebKit/537.36 (KHTML, like Gecko) Chrome/149.0.0.0 Safari/537.36 Edg/149.0.0.0', '2025-10-14 17:05:20'),
	('019edf01-3640-73ab-b989-cc2ada91b49d', '019ede24-caa3-7243-b800-c3eb6d954d53', 'ADMIN', 'RESTORE_DOKUMEN', 'Restore: Berita Acara Rapat Koordinasi', '019ede24-cd42-71ee-96fd-2cf20876e5f4', '127.0.0.1', 'Mozilla/5.0 (Windows NT 10.0; Win64; x64) AppleWebKit/537.36 (KHTML, like Gecko) Chrome/149.0.0.0 Safari/537.36 Edg/149.0.0.0', '2024-05-30 10:31:39'),
	('019edf01-3a4e-7240-a839-43310c8c67d4', '019ede24-caa3-7243-b800-c3eb6d954d53', 'ADMIN', 'RESTORE_DOKUMEN', 'Restore: Laporan Bulanan Februari 2026', '019ede24-cd3e-711a-86e5-99641755c48f', '127.0.0.1', 'Mozilla/5.0 (Windows NT 10.0; Win64; x64) AppleWebKit/537.36 (KHTML, like Gecko) Chrome/149.0.0.0 Safari/537.36 Edg/149.0.0.0', '2024-12-03 22:47:21'),
	('019edf01-3f1e-737b-b409-b8df30deb0bd', '019ede24-caa3-7243-b800-c3eb6d954d53', 'ADMIN', 'RESTORE_DOKUMEN', 'Restore: Izin Lingkungan Pembukaan Lahan', '019ede24-cd4c-70be-9144-f6921e6190b9', '127.0.0.1', 'Mozilla/5.0 (Windows NT 10.0; Win64; x64) AppleWebKit/537.36 (KHTML, like Gecko) Chrome/149.0.0.0 Safari/537.36 Edg/149.0.0.0', '2022-10-12 13:51:14'),
	('019edf01-42c3-72f8-82fc-dfda5caa55a7', '019ede24-caa3-7243-b800-c3eb6d954d53', 'ADMIN', 'RESTORE_DOKUMEN', 'Restore: Realisasi Anggaran Februari 2026', '019ede24-cd4f-7330-a35d-ea55cbaa78c5', '127.0.0.1', 'Mozilla/5.0 (Windows NT 10.0; Win64; x64) AppleWebKit/537.36 (KHTML, like Gecko) Chrome/149.0.0.0 Safari/537.36 Edg/149.0.0.0', '2024-03-31 15:51:54'),
	('019edf02-a722-7090-a45a-0632f57402cf', '019ede24-caa3-7243-b800-c3eb6d954d53', 'ADMIN', 'UPLOAD_DOKUMEN', 'Mengupload dokumen: s', '019edf02-a718-71cd-910f-7bf35177cb38', '127.0.0.1', 'Mozilla/5.0 (Windows NT 10.0; Win64; x64) AppleWebKit/537.36 (KHTML, like Gecko) Chrome/149.0.0.0 Safari/537.36 Edg/149.0.0.0', '2023-06-25 02:11:59'),
	('019edf02-d602-7193-8d9d-2909234a996b', '019ede24-caa3-7243-b800-c3eb6d954d53', 'ADMIN', 'DOWNLOAD_DOKUMEN', 'Mengunduh dokumen: a', '019edeff-3560-7297-a58e-873e0064e385', '127.0.0.1', 'Mozilla/5.0 (Windows NT 10.0; Win64; x64) AppleWebKit/537.36 (KHTML, like Gecko) Chrome/149.0.0.0 Safari/537.36 Edg/149.0.0.0', '2026-06-04 00:40:28'),
	('019edf1e-78ca-72e5-8884-c9d788784fcf', '019ede24-caa3-7243-b800-c3eb6d954d53', 'ADMIN', 'HAPUS_DOKUMEN', 'Menghapus dokumen: IRYANTO', '019edf17-4cab-7142-a670-a4d805d47e7b', '127.0.0.1', 'Mozilla/5.0 (Windows NT 10.0; Win64; x64) AppleWebKit/537.36 (KHTML, like Gecko) Chrome/149.0.0.0 Safari/537.36 Edg/149.0.0.0', '2026-06-19 02:02:56'),
	('019edf1e-835b-7014-a6ad-21fc90d75dfb', '019ede24-caa3-7243-b800-c3eb6d954d53', 'ADMIN', 'HAPUS_DOKUMEN', 'Menghapus dokumen: a', '019edeff-3560-7297-a58e-873e0064e385', '127.0.0.1', 'Mozilla/5.0 (Windows NT 10.0; Win64; x64) AppleWebKit/537.36 (KHTML, like Gecko) Chrome/149.0.0.0 Safari/537.36 Edg/149.0.0.0', '2026-06-19 02:02:59'),
	('019edf1e-90e2-720c-a24a-49f732c2540c', '019ede24-caa3-7243-b800-c3eb6d954d53', 'ADMIN', 'HAPUS_DOKUMEN', 'Menghapus dokumen: AMSYAH', '019edf17-4bea-7196-acd8-42b2a819643a', '127.0.0.1', 'Mozilla/5.0 (Windows NT 10.0; Win64; x64) AppleWebKit/537.36 (KHTML, like Gecko) Chrome/149.0.0.0 Safari/537.36 Edg/149.0.0.0', '2026-06-19 02:03:02'),
	('019edf1e-9b10-7059-87a7-87017f9276b2', '019ede24-caa3-7243-b800-c3eb6d954d53', 'ADMIN', 'HAPUS_DOKUMEN', 'Menghapus dokumen: PAHMI', '019edf13-f158-7168-9667-291b65d94eb5', '127.0.0.1', 'Mozilla/5.0 (Windows NT 10.0; Win64; x64) AppleWebKit/537.36 (KHTML, like Gecko) Chrome/149.0.0.0 Safari/537.36 Edg/149.0.0.0', '2026-06-19 02:03:05'),
	('019ee4e3-37d7-7316-9029-37cccdab3e7e', '019ede2b-5b99-72bb-94c3-8bccaf599e4f', 'ADMIN', 'LOGIN_BERHASIL', 'User berhasil login ke sistem', NULL, '127.0.0.1', 'Mozilla/5.0 (Windows NT 10.0; Win64; x64) AppleWebKit/537.36 (KHTML, like Gecko) Code/1.125.0 Chrome/148.0.7778.97 Electron/42.2.0 Safari/537.36', '2026-06-20 04:55:54'),
	('019ee503-3992-701e-8107-53fe3f0a32df', '019ede24-cb74-73b7-85ee-ba849d9f5f21', 'STAFF', 'LOGIN_BERHASIL', 'User berhasil login ke sistem', NULL, '127.0.0.1', 'Mozilla/5.0 (Windows NT 10.0; Win64; x64) AppleWebKit/537.36 (KHTML, like Gecko) Chrome/149.0.0.0 Safari/537.36 Edg/149.0.0.0', '2026-06-20 05:30:54'),
	('019ee513-9ef7-70a7-af1b-477550e7171f', '019ede24-caa3-7243-b800-c3eb6d954d53', 'ADMIN', 'LOGIN_BERHASIL', 'User berhasil login ke sistem', NULL, '127.0.0.1', 'Mozilla/5.0 (Windows NT 10.0; Win64; x64) AppleWebKit/537.36 (KHTML, like Gecko) Chrome/149.0.0.0 Safari/537.36 Edg/149.0.0.0', '2026-06-20 05:48:48'),
	('019ee515-e98c-706a-85a3-52ccf40ed9dc', '019ede24-cb74-73b7-85ee-ba849d9f5f21', 'STAFF', 'LOGIN_BERHASIL', 'User berhasil login ke sistem', NULL, '127.0.0.1', 'Mozilla/5.0 (Windows NT 10.0; Win64; x64) AppleWebKit/537.36 (KHTML, like Gecko) Chrome/149.0.0.0 Safari/537.36 Edg/149.0.0.0', '2026-06-20 05:51:19'),
	('019ee51c-9b8b-70af-b597-dc9d2a02ba25', '019ede24-cb74-73b7-85ee-ba849d9f5f21', 'STAFF', 'LOGIN_BERHASIL', 'User berhasil login ke sistem', NULL, '127.0.0.1', 'Mozilla/5.0 (Windows NT 10.0; Win64; x64) AppleWebKit/537.36 (KHTML, like Gecko) Chrome/149.0.0.0 Safari/537.36 Edg/149.0.0.0', '2026-06-20 05:58:37'),
	('019ee529-11b0-70f3-925c-5c05572e42de', '019ede24-caa3-7243-b800-c3eb6d954d53', 'ADMIN', 'LOGIN_BERHASIL', 'User berhasil login ke sistem', NULL, '127.0.0.1', 'Mozilla/5.0 (Windows NT 10.0; Win64; x64) AppleWebKit/537.36 (KHTML, like Gecko) Chrome/149.0.0.0 Safari/537.36', '2026-06-20 06:12:14'),
	('019ee536-5082-71a5-a19f-934e956f1533', '019ede24-caa3-7243-b800-c3eb6d954d53', 'ADMIN', 'UPLOAD_DOKUMEN', 'Mengupload dokumen baru ke arsip', '019edf13-ed91-71cc-9446-bb4115afd127', '172.16.0.8', 'Mozilla/5.0 (Linux; Android 15) AppleWebKit/537.36 Chrome/149.0.0.0 Mobile', '2026-01-09 21:47:32'),
	('019ee536-510a-70af-942f-6da4c4ffde5b', '019ede24-cb74-73b7-85ee-ba849d9f5f21', 'STAFF', 'HAPUS_DOKUMEN', 'Menghapus dokumen ke Recycle Bin', '019edf13-f145-7228-8987-51051855e8a7', '192.168.1.10', 'Mozilla/5.0 (iPhone; CPU iPhone OS 18_5 like Mac OS X) AppleWebKit/605.1.15', '2026-01-28 11:12:07'),
	('019ee536-510e-72e0-9bc2-31c28d9e6dfb', '019ede2b-5b99-72bb-94c3-8bccaf599e4f', 'ADMIN', 'EDIT_PROFIL', 'Memperbarui data profil', NULL, '10.0.0.12', 'Mozilla/5.0 (Macintosh; Intel Mac OS X 10_15_7) AppleWebKit/537.36 Chrome/148.0.0.0', '2026-04-20 05:33:29'),
	('019ee536-5112-702b-9dbe-3eecbb6c062a', '019ede2b-5b99-72bb-94c3-8bccaf599e4f', 'ADMIN', 'HAPUS_DOKUMEN', 'Menghapus dokumen ke Recycle Bin', '019edf13-f271-716e-b664-82203374083c', '192.168.1.20', 'Mozilla/5.0 (iPhone; CPU iPhone OS 18_5 like Mac OS X) AppleWebKit/605.1.15', '2026-03-14 06:46:05'),
	('019ee536-5116-70dd-a9ef-6cab27c6834a', '019ede2b-5b99-72bb-94c3-8bccaf599e4f', 'ADMIN', 'HAPUS_DOKUMEN', 'Menghapus dokumen ke Recycle Bin', '019edf13-f2c5-7171-a59c-6ad5ec48f0dc', '192.168.1.15', 'Mozilla/5.0 (Windows NT 10.0; Win64; x64; rv:138.0) Gecko/20100101 Firefox/138.0', '2026-04-12 07:32:03'),
	('019ee536-5118-726d-97f1-464401fcb412', '019ede24-caa3-7243-b800-c3eb6d954d53', 'ADMIN', 'LOGIN_BERHASIL', 'User berhasil login ke sistem', NULL, '127.0.0.1', 'Mozilla/5.0 (iPhone; CPU iPhone OS 18_5 like Mac OS X) AppleWebKit/605.1.15', '2025-12-31 23:50:01'),
	('019ee536-511b-71f5-991c-9a435327a877', '019ede24-cb74-73b7-85ee-ba849d9f5f21', 'STAFF', 'BUAT_SHARE_LINK', 'Membuat link berbagi dokumen', '019edf17-4ec4-739b-b55e-7cb6e57c1fef', '192.168.1.20', 'Mozilla/5.0 (Macintosh; Intel Mac OS X 10_15_7) AppleWebKit/537.36 Chrome/148.0.0.0', '2025-12-23 05:31:36'),
	('019ee536-511d-72a4-b4d3-289e4eb29baa', '019ede2b-5b99-72bb-94c3-8bccaf599e4f', 'ADMIN', 'HAPUS_DOKUMEN', 'Menghapus dokumen ke Recycle Bin', '019edf13-efe7-72f7-9258-4c99f96b52c0', '192.168.1.20', 'Mozilla/5.0 (Windows NT 10.0; Win64; x64) AppleWebKit/537.36 Chrome/149.0.0.0', '2026-03-04 10:22:18'),
	('019ee536-5121-7313-869d-7072a1a06df0', '019ede2b-5b99-72bb-94c3-8bccaf599e4f', 'ADMIN', 'EDIT_PROFIL', 'Memperbarui data profil', NULL, '127.0.0.1', 'Mozilla/5.0 (Macintosh; Intel Mac OS X 10_15_7) AppleWebKit/537.36 Chrome/148.0.0.0', '2026-05-29 01:30:14'),
	('019ee536-5123-7072-b55f-55436b49e06b', '019ede24-cd0c-7025-87e8-0e4781f0eec8', 'STAFF', 'HAPUS_DOKUMEN', 'Menghapus dokumen ke Recycle Bin', '019ede24-cd46-7239-ae6f-372e87dfd9d3', '10.0.0.5', 'Mozilla/5.0 (iPhone; CPU iPhone OS 18_5 like Mac OS X) AppleWebKit/605.1.15', '2026-01-22 09:53:03'),
	('019ee536-5126-7013-90ae-972ce0319228', '019ede2b-5b99-72bb-94c3-8bccaf599e4f', 'ADMIN', 'BUAT_SHARE_LINK', 'Membuat link berbagi dokumen', '019edf13-ef71-7371-86f6-2cf7c601c6dc', '10.0.0.12', 'Mozilla/5.0 (Windows NT 10.0; Win64; x64) AppleWebKit/537.36 Chrome/149.0.0.0', '2026-01-04 14:59:27'),
	('019ee536-5129-70c8-81f7-f30feb91799b', '019ede24-caa3-7243-b800-c3eb6d954d53', 'ADMIN', 'EXPORT_LAPORAN', 'Mengekspor laporan dokumen ke PDF', NULL, '192.168.1.10', 'Mozilla/5.0 (Windows NT 10.0; Win64; x64; rv:138.0) Gecko/20100101 Firefox/138.0', '2026-01-22 11:39:13'),
	('019ee536-512d-70bc-a25e-1eea94150a92', '019ede2b-5b99-72bb-94c3-8bccaf599e4f', 'ADMIN', 'EXPORT_LAPORAN', 'Mengekspor laporan dokumen ke PDF', NULL, '192.168.1.20', 'Mozilla/5.0 (Linux; Android 15) AppleWebKit/537.36 Chrome/149.0.0.0 Mobile', '2026-02-05 10:56:05'),
	('019ee536-5130-73db-b54c-977b8a7b0096', '019ede24-cb74-73b7-85ee-ba849d9f5f21', 'STAFF', 'BUAT_SHARE_LINK', 'Membuat link berbagi dokumen', '019edf13-f271-716e-b664-82203374083c', '192.168.1.20', 'Mozilla/5.0 (Windows NT 10.0; Win64; x64) AppleWebKit/537.36 Chrome/149.0.0.0', '2025-12-20 12:17:34'),
	('019ee536-5132-71c1-b566-1c14011b62e6', '019ede24-cb74-73b7-85ee-ba849d9f5f21', 'STAFF', 'GANTI_PASSWORD', 'Mengubah password akun', NULL, '192.168.1.10', 'Mozilla/5.0 (Windows NT 10.0; Win64; x64) AppleWebKit/537.36 Chrome/149.0.0.0', '2025-12-25 01:02:55'),
	('019ee536-5135-712b-9507-e1ae7c1e3cfb', '019ede24-cd0c-7025-87e8-0e4781f0eec8', 'STAFF', 'LOGIN_BERHASIL', 'User berhasil login ke sistem', NULL, '172.16.0.8', 'Mozilla/5.0 (iPhone; CPU iPhone OS 18_5 like Mac OS X) AppleWebKit/605.1.15', '2026-06-14 00:44:06'),
	('019ee536-5137-73a3-aabc-0dc4360a2602', '019ede24-caa3-7243-b800-c3eb6d954d53', 'ADMIN', 'UPLOAD_DOKUMEN', 'Mengupload dokumen baru ke arsip', '019edf13-edd4-735e-b78d-5b892746fe4d', '127.0.0.1', 'Mozilla/5.0 (Linux; Android 15) AppleWebKit/537.36 Chrome/149.0.0.0 Mobile', '2026-05-05 16:59:38'),
	('019ee536-513f-7077-a816-a99db1561728', '019ede24-cb74-73b7-85ee-ba849d9f5f21', 'STAFF', 'LOGIN_BERHASIL', 'User berhasil login ke sistem', NULL, '192.168.1.10', 'Mozilla/5.0 (Macintosh; Intel Mac OS X 10_15_7) AppleWebKit/537.36 Chrome/148.0.0.0', '2026-01-01 14:00:46'),
	('019ee536-5142-717d-b54e-e182d40fcf96', '019ede24-caa3-7243-b800-c3eb6d954d53', 'ADMIN', 'LIHAT_DOKUMEN', 'Melihat detail dokumen', '019ede24-cd39-7328-98ad-708f375f24cf', '192.168.1.10', 'Mozilla/5.0 (Windows NT 10.0; Win64; x64; rv:138.0) Gecko/20100101 Firefox/138.0', '2026-04-21 03:58:30'),
	('019ee536-5144-71c8-b4c0-5ca6387b91a6', '019ede24-cb74-73b7-85ee-ba849d9f5f21', 'STAFF', 'DOWNLOAD_DOKUMEN', 'Mengunduh dokumen dari arsip', '019ede24-cd4e-7143-a659-5596318cf77c', '192.168.1.20', 'Mozilla/5.0 (Linux; Android 15) AppleWebKit/537.36 Chrome/149.0.0.0 Mobile', '2026-04-19 05:48:25'),
	('019ee536-5147-72fe-b97d-6554545fef64', '019ede24-cb74-73b7-85ee-ba849d9f5f21', 'STAFF', 'GANTI_PASSWORD', 'Mengubah password akun', NULL, '172.16.0.8', 'Mozilla/5.0 (iPhone; CPU iPhone OS 18_5 like Mac OS X) AppleWebKit/605.1.15', '2026-01-12 06:52:42'),
	('019ee536-5149-71ee-b166-4a562a6b202c', '019ede24-caa3-7243-b800-c3eb6d954d53', 'ADMIN', 'GANTI_PASSWORD', 'Mengubah password akun', NULL, '127.0.0.1', 'Mozilla/5.0 (iPhone; CPU iPhone OS 18_5 like Mac OS X) AppleWebKit/605.1.15', '2026-02-15 06:00:49'),
	('019ee536-514c-737c-960c-0bab8e4d1e8a', '019ede2b-5b99-72bb-94c3-8bccaf599e4f', 'ADMIN', 'LOGOUT', 'User logout dari sistem', NULL, '172.16.0.8', 'Mozilla/5.0 (Macintosh; Intel Mac OS X 10_15_7) AppleWebKit/537.36 Chrome/148.0.0.0', '2026-01-29 01:14:09'),
	('019ee536-514f-723a-b63b-6ebfeeae629a', '019ede24-cb74-73b7-85ee-ba849d9f5f21', 'STAFF', 'LOGIN_BERHASIL', 'User berhasil login ke sistem', NULL, '172.16.0.8', 'Mozilla/5.0 (Linux; Android 15) AppleWebKit/537.36 Chrome/149.0.0.0 Mobile', '2026-02-25 08:55:57'),
	('019ee536-5151-7159-8a61-4cd1efd7a845', '019ede24-cd0c-7025-87e8-0e4781f0eec8', 'STAFF', 'EXPORT_LAPORAN', 'Mengekspor laporan dokumen ke PDF', NULL, '192.168.1.10', 'Mozilla/5.0 (Windows NT 10.0; Win64; x64) AppleWebKit/537.36 Chrome/149.0.0.0', '2026-05-06 15:43:57'),
	('019ee536-5154-700a-bd6b-a5ace2b3bc8f', '019ede24-cb74-73b7-85ee-ba849d9f5f21', 'STAFF', 'RESTORE_DOKUMEN', 'Memulihkan dokumen dari Recycle Bin', '019edf17-4f1d-72db-a1f2-f4a22dfd7286', '192.168.1.10', 'Mozilla/5.0 (Windows NT 10.0; Win64; x64; rv:138.0) Gecko/20100101 Firefox/138.0', '2026-03-04 03:52:09'),
	('019ee536-5157-70bd-94c2-c40722e484aa', '019ede24-cb74-73b7-85ee-ba849d9f5f21', 'STAFF', 'EDIT_PROFIL', 'Memperbarui data profil', NULL, '192.168.1.15', 'Mozilla/5.0 (Windows NT 10.0; Win64; x64) AppleWebKit/537.36 Chrome/149.0.0.0', '2026-06-12 21:20:04'),
	('019ee536-515a-736a-893e-0e3efa6feec4', '019ede2b-5b99-72bb-94c3-8bccaf599e4f', 'ADMIN', 'GANTI_PASSWORD', 'Mengubah password akun', NULL, '192.168.1.15', 'Mozilla/5.0 (Macintosh; Intel Mac OS X 10_15_7) AppleWebKit/537.36 Chrome/148.0.0.0', '2026-02-08 13:50:53'),
	('019ee536-515d-720e-8012-86603ab05f2d', '019ede24-cb74-73b7-85ee-ba849d9f5f21', 'STAFF', 'UPLOAD_DOKUMEN', 'Mengupload dokumen baru ke arsip', '019ede24-cd46-7239-ae6f-372e87dfd9d3', '127.0.0.1', 'Mozilla/5.0 (Linux; Android 15) AppleWebKit/537.36 Chrome/149.0.0.0 Mobile', '2026-06-04 09:32:51'),
	('019ee536-5160-729d-b91c-ad72d5eb573c', '019ede24-cd0c-7025-87e8-0e4781f0eec8', 'STAFF', 'EDIT_PROFIL', 'Memperbarui data profil', NULL, '192.168.1.15', 'Mozilla/5.0 (Windows NT 10.0; Win64; x64; rv:138.0) Gecko/20100101 Firefox/138.0', '2026-05-07 01:29:22'),
	('019ee536-5163-73d7-8734-20187de6b3e0', '019ede24-cb74-73b7-85ee-ba849d9f5f21', 'STAFF', 'LOGIN_BERHASIL', 'User berhasil login ke sistem', NULL, '127.0.0.1', 'Mozilla/5.0 (Macintosh; Intel Mac OS X 10_15_7) AppleWebKit/537.36 Chrome/148.0.0.0', '2026-05-13 01:51:41'),
	('019ee536-5166-73ff-84aa-1ad63e5d37d3', '019ede24-cd0c-7025-87e8-0e4781f0eec8', 'STAFF', 'EXPORT_LAPORAN', 'Mengekspor laporan dokumen ke PDF', NULL, '192.168.1.10', 'Mozilla/5.0 (Macintosh; Intel Mac OS X 10_15_7) AppleWebKit/537.36 Chrome/148.0.0.0', '2026-06-10 08:05:27'),
	('019ee536-5168-7135-a6e7-0d083f13841b', '019ede24-cb74-73b7-85ee-ba849d9f5f21', 'STAFF', 'EXPORT_LAPORAN', 'Mengekspor laporan dokumen ke PDF', NULL, '172.16.0.8', 'Mozilla/5.0 (Windows NT 10.0; Win64; x64; rv:138.0) Gecko/20100101 Firefox/138.0', '2026-01-16 12:40:48'),
	('019ee536-516b-7340-a258-a2ca8bf6dc4c', '019ede24-cc48-721c-a54d-7bce429c3a32', 'STAFF', 'BUAT_SHARE_LINK', 'Membuat link berbagi dokumen', '019edf13-f2da-70b0-8a80-fe4747140e4d', '172.16.0.8', 'Mozilla/5.0 (Windows NT 10.0; Win64; x64; rv:138.0) Gecko/20100101 Firefox/138.0', '2026-01-16 05:41:17'),
	('019ee536-516e-73b9-87f3-ebf2f87b02b1', '019ede24-cb74-73b7-85ee-ba849d9f5f21', 'STAFF', 'LOGIN_BERHASIL', 'User berhasil login ke sistem', NULL, '127.0.0.1', 'Mozilla/5.0 (Windows NT 10.0; Win64; x64; rv:138.0) Gecko/20100101 Firefox/138.0', '2026-05-08 07:33:00'),
	('019ee536-5170-70e1-b452-e0f30c6e191d', '019ede24-caa3-7243-b800-c3eb6d954d53', 'ADMIN', 'DOWNLOAD_DOKUMEN', 'Mengunduh dokumen dari arsip', '019edf13-f511-71d1-bf0a-1383b4fa8afe', '127.0.0.1', 'Mozilla/5.0 (Macintosh; Intel Mac OS X 10_15_7) AppleWebKit/537.36 Chrome/148.0.0.0', '2025-12-26 15:01:10'),
	('019ee536-5173-71c0-b3ec-fb0dc8b3cabb', '019ede24-cc48-721c-a54d-7bce429c3a32', 'STAFF', 'DOWNLOAD_DOKUMEN', 'Mengunduh dokumen dari arsip', '019edf13-f1c5-7235-b506-648ca00cf23f', '192.168.1.15', 'Mozilla/5.0 (Windows NT 10.0; Win64; x64; rv:138.0) Gecko/20100101 Firefox/138.0', '2026-03-02 17:25:59'),
	('019ee536-5177-721d-aa0b-0fe71852d261', '019ede24-caa3-7243-b800-c3eb6d954d53', 'ADMIN', 'UPLOAD_DOKUMEN', 'Mengupload dokumen baru ke arsip', '019edf13-f17a-70c0-8226-90567e6c8434', '10.0.0.12', 'Mozilla/5.0 (iPhone; CPU iPhone OS 18_5 like Mac OS X) AppleWebKit/605.1.15', '2026-03-24 16:08:24'),
	('019ee536-5179-71d5-891f-ebecd3a7e1b2', '019ede24-caa3-7243-b800-c3eb6d954d53', 'ADMIN', 'EXPORT_LAPORAN', 'Mengekspor laporan dokumen ke PDF', NULL, '172.16.0.8', 'Mozilla/5.0 (Macintosh; Intel Mac OS X 10_15_7) AppleWebKit/537.36 Chrome/148.0.0.0', '2026-05-18 21:47:41'),
	('019ee536-517c-71e5-9963-998898bf1cd1', '019ede24-cd0c-7025-87e8-0e4781f0eec8', 'STAFF', 'HAPUS_DOKUMEN', 'Menghapus dokumen ke Recycle Bin', '019edf17-4e92-710d-8fcf-32634ddc10c2', '192.168.1.20', 'Mozilla/5.0 (Windows NT 10.0; Win64; x64; rv:138.0) Gecko/20100101 Firefox/138.0', '2026-06-02 14:17:34'),
	('019ee536-517e-72c7-9ae1-7a68639a7840', '019ede24-caa3-7243-b800-c3eb6d954d53', 'ADMIN', 'GANTI_PASSWORD', 'Mengubah password akun', NULL, '192.168.1.10', 'Mozilla/5.0 (Windows NT 10.0; Win64; x64) AppleWebKit/537.36 Chrome/149.0.0.0', '2026-01-30 06:48:02'),
	('019ee536-5181-730c-9550-fdef487ae78e', '019ede24-cb74-73b7-85ee-ba849d9f5f21', 'STAFF', 'UPLOAD_DOKUMEN', 'Mengupload dokumen baru ke arsip', '019edf17-4c98-713d-9f06-1c7948b0f8e7', '10.0.0.5', 'Mozilla/5.0 (Windows NT 10.0; Win64; x64; rv:138.0) Gecko/20100101 Firefox/138.0', '2026-02-03 07:41:28'),
	('019ee536-5184-709a-ad29-0602cc7a7f60', '019ede24-cd0c-7025-87e8-0e4781f0eec8', 'STAFF', 'EXPORT_LAPORAN', 'Mengekspor laporan dokumen ke PDF', NULL, '192.168.1.20', 'Mozilla/5.0 (Linux; Android 15) AppleWebKit/537.36 Chrome/149.0.0.0 Mobile', '2026-02-05 15:00:50'),
	('019ee536-5186-70b7-ae23-bbd895c15ef7', '019ede24-cc48-721c-a54d-7bce429c3a32', 'STAFF', 'RESTORE_DOKUMEN', 'Memulihkan dokumen dari Recycle Bin', '019edf13-f4d7-734a-8a67-92c319761737', '172.16.0.8', 'Mozilla/5.0 (Windows NT 10.0; Win64; x64; rv:138.0) Gecko/20100101 Firefox/138.0', '2026-05-06 05:52:05'),
	('019ee536-5189-7102-a0f6-eae60093fb10', '019ede24-cc48-721c-a54d-7bce429c3a32', 'STAFF', 'BUAT_SHARE_LINK', 'Membuat link berbagi dokumen', '019edf13-f234-7395-97ec-136a17c33b14', '192.168.1.15', 'Mozilla/5.0 (Macintosh; Intel Mac OS X 10_15_7) AppleWebKit/537.36 Chrome/148.0.0.0', '2026-06-19 17:50:53'),
	('019ee536-518b-7150-899f-c4ef98647a56', '019ede24-caa3-7243-b800-c3eb6d954d53', 'ADMIN', 'HAPUS_DOKUMEN', 'Menghapus dokumen ke Recycle Bin', '019edf13-f012-717a-a716-7a43ff8ac878', '192.168.1.10', 'Mozilla/5.0 (iPhone; CPU iPhone OS 18_5 like Mac OS X) AppleWebKit/605.1.15', '2026-04-18 00:51:26'),
	('019ee536-518e-712a-8005-485e51aa3115', '019ede24-cc48-721c-a54d-7bce429c3a32', 'STAFF', 'DOWNLOAD_DOKUMEN', 'Mengunduh dokumen dari arsip', '019edf17-4d35-739d-9cb7-c2893c1cf1d1', '192.168.1.20', 'Mozilla/5.0 (Windows NT 10.0; Win64; x64) AppleWebKit/537.36 Chrome/149.0.0.0', '2026-02-24 21:17:43'),
	('019ee536-5190-7182-83b4-d398951f3939', '019ede24-cc48-721c-a54d-7bce429c3a32', 'STAFF', 'GANTI_PASSWORD', 'Mengubah password akun', NULL, '192.168.1.20', 'Mozilla/5.0 (Linux; Android 15) AppleWebKit/537.36 Chrome/149.0.0.0 Mobile', '2026-03-17 15:17:12'),
	('019ee536-5193-73d1-b609-4b449279836f', '019ede2b-5b99-72bb-94c3-8bccaf599e4f', 'ADMIN', 'DOWNLOAD_DOKUMEN', 'Mengunduh dokumen dari arsip', '019edf13-ed1f-718e-89d5-00d551d40f4b', '127.0.0.1', 'Mozilla/5.0 (iPhone; CPU iPhone OS 18_5 like Mac OS X) AppleWebKit/605.1.15', '2026-01-05 21:49:56'),
	('019ee536-5196-71c0-a958-f6346e7d5c0b', '019ede24-cc48-721c-a54d-7bce429c3a32', 'STAFF', 'EXPORT_LAPORAN', 'Mengekspor laporan dokumen ke PDF', NULL, '10.0.0.12', 'Mozilla/5.0 (Linux; Android 15) AppleWebKit/537.36 Chrome/149.0.0.0 Mobile', '2026-03-19 11:30:17'),
	('019ee536-5198-71df-a201-f6c4bc2a9108', '019ede24-cc48-721c-a54d-7bce429c3a32', 'STAFF', 'LOGIN_BERHASIL', 'User berhasil login ke sistem', NULL, '192.168.1.20', 'Mozilla/5.0 (iPhone; CPU iPhone OS 18_5 like Mac OS X) AppleWebKit/605.1.15', '2026-04-01 12:09:19'),
	('019ee536-519a-724c-87a2-ee17f109d736', '019ede24-caa3-7243-b800-c3eb6d954d53', 'ADMIN', 'EXPORT_LAPORAN', 'Mengekspor laporan dokumen ke PDF', NULL, '10.0.0.12', 'Mozilla/5.0 (Windows NT 10.0; Win64; x64; rv:138.0) Gecko/20100101 Firefox/138.0', '2026-06-06 14:30:18'),
	('019ee536-519b-718b-85aa-0e9643bfab56', '019ede24-cb74-73b7-85ee-ba849d9f5f21', 'STAFF', 'RESTORE_DOKUMEN', 'Memulihkan dokumen dari Recycle Bin', '019edf13-ecac-721e-8490-07c0bec1f370', '192.168.1.15', 'Mozilla/5.0 (Linux; Android 15) AppleWebKit/537.36 Chrome/149.0.0.0 Mobile', '2026-01-08 21:10:44'),
	('019ee536-519e-732a-a9ee-83ac40462049', '019ede24-cd0c-7025-87e8-0e4781f0eec8', 'STAFF', 'LOGIN_BERHASIL', 'User berhasil login ke sistem', NULL, '192.168.1.15', 'Mozilla/5.0 (Macintosh; Intel Mac OS X 10_15_7) AppleWebKit/537.36 Chrome/148.0.0.0', '2026-05-14 02:38:17'),
	('019ee536-51a0-72fc-8324-ee0be9b63aea', '019ede24-cc48-721c-a54d-7bce429c3a32', 'STAFF', 'UPLOAD_DOKUMEN', 'Mengupload dokumen baru ke arsip', '019edf13-f1d5-7053-85a7-9670d129cff7', '192.168.1.15', 'Mozilla/5.0 (Windows NT 10.0; Win64; x64; rv:138.0) Gecko/20100101 Firefox/138.0', '2026-06-08 00:31:06'),
	('019ee536-51a1-7276-ac1a-dae737b2fa62', '019ede24-cd0c-7025-87e8-0e4781f0eec8', 'STAFF', 'HAPUS_DOKUMEN', 'Menghapus dokumen ke Recycle Bin', '019edf13-f33f-71b0-a8b5-145cca162267', '127.0.0.1', 'Mozilla/5.0 (Macintosh; Intel Mac OS X 10_15_7) AppleWebKit/537.36 Chrome/148.0.0.0', '2026-02-25 02:38:05'),
	('019ee536-51a4-735f-9413-0cf920c7c06c', '019ede2b-5b99-72bb-94c3-8bccaf599e4f', 'ADMIN', 'GANTI_PASSWORD', 'Mengubah password akun', NULL, '192.168.1.20', 'Mozilla/5.0 (Linux; Android 15) AppleWebKit/537.36 Chrome/149.0.0.0 Mobile', '2026-02-08 13:29:52'),
	('019ee536-51a6-7255-ae75-c7275b67c9b5', '019ede24-cd0c-7025-87e8-0e4781f0eec8', 'STAFF', 'EXPORT_LAPORAN', 'Mengekspor laporan dokumen ke PDF', NULL, '127.0.0.1', 'Mozilla/5.0 (Windows NT 10.0; Win64; x64; rv:138.0) Gecko/20100101 Firefox/138.0', '2026-05-01 22:01:07'),
	('019ee536-51a9-7359-a398-87586a5312f4', '019ede24-cd0c-7025-87e8-0e4781f0eec8', 'STAFF', 'BUAT_SHARE_LINK', 'Membuat link berbagi dokumen', '019edf13-f1d5-7053-85a7-9670d129cff7', '127.0.0.1', 'Mozilla/5.0 (Linux; Android 15) AppleWebKit/537.36 Chrome/149.0.0.0 Mobile', '2025-12-22 04:49:00'),
	('019ee536-51ab-7103-9b6f-c651d3b12b15', '019ede24-cd0c-7025-87e8-0e4781f0eec8', 'STAFF', 'LOGOUT', 'User logout dari sistem', NULL, '10.0.0.12', 'Mozilla/5.0 (Windows NT 10.0; Win64; x64) AppleWebKit/537.36 Chrome/149.0.0.0', '2026-03-21 07:15:20'),
	('019ee536-51ad-738e-bcb1-6ef514789c3a', '019ede24-cc48-721c-a54d-7bce429c3a32', 'STAFF', 'EXPORT_LAPORAN', 'Mengekspor laporan dokumen ke PDF', NULL, '10.0.0.5', 'Mozilla/5.0 (Windows NT 10.0; Win64; x64; rv:138.0) Gecko/20100101 Firefox/138.0', '2026-05-30 20:08:29'),
	('019ee536-51af-70ea-a690-469e6672af22', '019ede24-cd0c-7025-87e8-0e4781f0eec8', 'STAFF', 'UPLOAD_DOKUMEN', 'Mengupload dokumen baru ke arsip', '019edf13-f19c-7073-add8-3a0eb5aac522', '192.168.1.15', 'Mozilla/5.0 (Linux; Android 15) AppleWebKit/537.36 Chrome/149.0.0.0 Mobile', '2026-05-28 20:10:36'),
	('019ee536-51b2-7066-bff9-cd1ca5462521', '019ede24-cd0c-7025-87e8-0e4781f0eec8', 'STAFF', 'DOWNLOAD_DOKUMEN', 'Mengunduh dokumen dari arsip', '019edf13-f4a7-7390-a15e-ef05b6f0f763', '192.168.1.15', 'Mozilla/5.0 (Macintosh; Intel Mac OS X 10_15_7) AppleWebKit/537.36 Chrome/148.0.0.0', '2026-06-16 04:51:20'),
	('019ee536-51b4-70ea-b9e6-6482b5e43d15', '019ede24-cd0c-7025-87e8-0e4781f0eec8', 'STAFF', 'DOWNLOAD_DOKUMEN', 'Mengunduh dokumen dari arsip', '019edf17-4d1d-710d-8108-e9ac5ac1a7ac', '192.168.1.15', 'Mozilla/5.0 (Windows NT 10.0; Win64; x64) AppleWebKit/537.36 Chrome/149.0.0.0', '2026-05-05 16:57:57'),
	('019ee536-51b6-7215-a6e8-6813da0b3989', '019ede24-cb74-73b7-85ee-ba849d9f5f21', 'STAFF', 'HAPUS_DOKUMEN', 'Menghapus dokumen ke Recycle Bin', '019edf13-ec99-7302-b396-3a50b8abc97f', '10.0.0.5', 'Mozilla/5.0 (Macintosh; Intel Mac OS X 10_15_7) AppleWebKit/537.36 Chrome/148.0.0.0', '2026-02-08 14:26:25'),
	('019ee536-51b9-70bb-8a46-b93dfb6e8ede', '019ede24-caa3-7243-b800-c3eb6d954d53', 'ADMIN', 'EDIT_PROFIL', 'Memperbarui data profil', NULL, '192.168.1.15', 'Mozilla/5.0 (Windows NT 10.0; Win64; x64; rv:138.0) Gecko/20100101 Firefox/138.0', '2026-04-26 16:51:28'),
	('019ee536-51bc-739c-954f-630f46aeb170', '019ede24-cd0c-7025-87e8-0e4781f0eec8', 'STAFF', 'DOWNLOAD_DOKUMEN', 'Mengunduh dokumen dari arsip', '019edf13-eeb7-729f-8017-2a0662fbfc94', '10.0.0.5', 'Mozilla/5.0 (Windows NT 10.0; Win64; x64; rv:138.0) Gecko/20100101 Firefox/138.0', '2026-05-06 21:31:08'),
	('019ee536-51be-735b-8c4c-f1d38996f33c', '019ede24-cc48-721c-a54d-7bce429c3a32', 'STAFF', 'HAPUS_DOKUMEN', 'Menghapus dokumen ke Recycle Bin', '019edf13-f32c-70d7-aeb8-e8fc6548430e', '192.168.1.20', 'Mozilla/5.0 (Linux; Android 15) AppleWebKit/537.36 Chrome/149.0.0.0 Mobile', '2026-02-15 17:45:50'),
	('019ee536-51c1-70a8-bdaf-c4a19ee770fd', '019ede24-caa3-7243-b800-c3eb6d954d53', 'ADMIN', 'LOGOUT', 'User logout dari sistem', NULL, '192.168.1.15', 'Mozilla/5.0 (Windows NT 10.0; Win64; x64; rv:138.0) Gecko/20100101 Firefox/138.0', '2026-05-22 06:13:18'),
	('019ee536-51c4-70ab-9b06-8d20230e1655', '019ede24-cc48-721c-a54d-7bce429c3a32', 'STAFF', 'BUAT_SHARE_LINK', 'Membuat link berbagi dokumen', '019edf17-4c4d-7243-8229-c003a646bede', '192.168.1.10', 'Mozilla/5.0 (Linux; Android 15) AppleWebKit/537.36 Chrome/149.0.0.0 Mobile', '2026-02-25 18:04:32'),
	('019ee536-51c7-72f7-98ad-85ee56cfa2d0', '019ede24-caa3-7243-b800-c3eb6d954d53', 'ADMIN', 'EXPORT_LAPORAN', 'Mengekspor laporan dokumen ke PDF', NULL, '192.168.1.15', 'Mozilla/5.0 (Windows NT 10.0; Win64; x64) AppleWebKit/537.36 Chrome/149.0.0.0', '2026-05-11 16:08:44'),
	('019ee536-51c9-7062-ac3f-611cf7caf86d', '019ede24-cd0c-7025-87e8-0e4781f0eec8', 'STAFF', 'EXPORT_LAPORAN', 'Mengekspor laporan dokumen ke PDF', NULL, '172.16.0.8', 'Mozilla/5.0 (Windows NT 10.0; Win64; x64) AppleWebKit/537.36 Chrome/149.0.0.0', '2026-06-15 13:58:57'),
	('019ee536-51cc-71f9-8161-e6499f4c4735', '019ede24-cb74-73b7-85ee-ba849d9f5f21', 'STAFF', 'HAPUS_DOKUMEN', 'Menghapus dokumen ke Recycle Bin', '019edf13-ee30-72cf-bbb7-f44525b567f6', '127.0.0.1', 'Mozilla/5.0 (Windows NT 10.0; Win64; x64; rv:138.0) Gecko/20100101 Firefox/138.0', '2026-06-11 20:34:53'),
	('019ee536-51ce-73ec-bff5-d7688d15c2ea', '019ede24-cd0c-7025-87e8-0e4781f0eec8', 'STAFF', 'LOGIN_BERHASIL', 'User berhasil login ke sistem', NULL, '192.168.1.20', 'Mozilla/5.0 (Linux; Android 15) AppleWebKit/537.36 Chrome/149.0.0.0 Mobile', '2026-04-18 01:13:16'),
	('019ee536-51d1-731b-8b0a-0013cb6dfef9', '019ede24-cb74-73b7-85ee-ba849d9f5f21', 'STAFF', 'BUAT_SHARE_LINK', 'Membuat link berbagi dokumen', '019ede24-cd39-7328-98ad-708f375f24cf', '192.168.1.20', 'Mozilla/5.0 (iPhone; CPU iPhone OS 18_5 like Mac OS X) AppleWebKit/605.1.15', '2025-12-23 18:01:16'),
	('019ee536-51d3-7265-b2df-776521cea5b7', '019ede2b-5b99-72bb-94c3-8bccaf599e4f', 'ADMIN', 'DOWNLOAD_DOKUMEN', 'Mengunduh dokumen dari arsip', '019edf13-f0f4-73fd-8b96-6ddbdde38c32', '127.0.0.1', 'Mozilla/5.0 (Linux; Android 15) AppleWebKit/537.36 Chrome/149.0.0.0 Mobile', '2026-05-26 17:22:46'),
	('019ee536-51d5-70ad-aa3b-f1fac6315f68', '019ede24-caa3-7243-b800-c3eb6d954d53', 'ADMIN', 'LOGIN_BERHASIL', 'User berhasil login ke sistem', NULL, '192.168.1.10', 'Mozilla/5.0 (Windows NT 10.0; Win64; x64; rv:138.0) Gecko/20100101 Firefox/138.0', '2026-03-01 01:02:58'),
	('019ee536-51d8-73fd-bee2-5f78361117e3', '019ede24-caa3-7243-b800-c3eb6d954d53', 'ADMIN', 'RESTORE_DOKUMEN', 'Memulihkan dokumen dari Recycle Bin', '019edf13-f059-7173-b2cb-0ff78c1a6e2a', '10.0.0.5', 'Mozilla/5.0 (Macintosh; Intel Mac OS X 10_15_7) AppleWebKit/537.36 Chrome/148.0.0.0', '2026-06-06 00:37:51'),
	('019ee536-51db-7372-91b8-85720e59441d', '019ede2b-5b99-72bb-94c3-8bccaf599e4f', 'ADMIN', 'LIHAT_DOKUMEN', 'Melihat detail dokumen', '019edf13-efd6-7187-b483-5472f96bb6f4', '127.0.0.1', 'Mozilla/5.0 (Windows NT 10.0; Win64; x64; rv:138.0) Gecko/20100101 Firefox/138.0', '2026-01-31 09:02:22'),
	('019ee536-51de-7030-aa70-3c47715e4df3', '019ede24-cb74-73b7-85ee-ba849d9f5f21', 'STAFF', 'RESTORE_DOKUMEN', 'Memulihkan dokumen dari Recycle Bin', '019edf13-ec79-7117-9416-21ae573ef8d1', '192.168.1.20', 'Mozilla/5.0 (iPhone; CPU iPhone OS 18_5 like Mac OS X) AppleWebKit/605.1.15', '2026-06-16 22:13:30'),
	('019ee536-51e1-72e3-8dd2-fe9b7652fe67', '019ede24-cd0c-7025-87e8-0e4781f0eec8', 'STAFF', 'GANTI_PASSWORD', 'Mengubah password akun', NULL, '10.0.0.12', 'Mozilla/5.0 (Windows NT 10.0; Win64; x64; rv:138.0) Gecko/20100101 Firefox/138.0', '2026-05-02 01:11:46'),
	('019ee536-51e3-7318-b9d1-aec8ea096905', '019ede24-cc48-721c-a54d-7bce429c3a32', 'STAFF', 'DOWNLOAD_DOKUMEN', 'Mengunduh dokumen dari arsip', '019edf13-ebf0-733e-be21-06545782e8d3', '172.16.0.8', 'Mozilla/5.0 (Macintosh; Intel Mac OS X 10_15_7) AppleWebKit/537.36 Chrome/148.0.0.0', '2025-12-28 09:51:06'),
	('019ee536-51e7-731f-9782-1b9998fe43f1', '019ede2b-5b99-72bb-94c3-8bccaf599e4f', 'ADMIN', 'LIHAT_DOKUMEN', 'Melihat detail dokumen', '019edf13-f4d7-734a-8a67-92c319761737', '192.168.1.15', 'Mozilla/5.0 (Linux; Android 15) AppleWebKit/537.36 Chrome/149.0.0.0 Mobile', '2026-02-18 12:49:28'),
	('019ee536-51e9-72d0-b415-f32bb88ab8a1', '019ede24-cc48-721c-a54d-7bce429c3a32', 'STAFF', 'LOGIN_BERHASIL', 'User berhasil login ke sistem', NULL, '192.168.1.20', 'Mozilla/5.0 (Windows NT 10.0; Win64; x64; rv:138.0) Gecko/20100101 Firefox/138.0', '2026-06-11 12:24:43'),
	('019ee536-51ec-714f-96e3-b09472702b8c', '019ede24-cc48-721c-a54d-7bce429c3a32', 'STAFF', 'EXPORT_LAPORAN', 'Mengekspor laporan dokumen ke PDF', NULL, '192.168.1.10', 'Mozilla/5.0 (Macintosh; Intel Mac OS X 10_15_7) AppleWebKit/537.36 Chrome/148.0.0.0', '2025-12-25 16:33:07'),
	('019ee536-51ee-72fe-a2da-6bada885cb08', '019ede24-cd0c-7025-87e8-0e4781f0eec8', 'STAFF', 'GANTI_PASSWORD', 'Mengubah password akun', NULL, '192.168.1.10', 'Mozilla/5.0 (Windows NT 10.0; Win64; x64; rv:138.0) Gecko/20100101 Firefox/138.0', '2026-04-17 00:01:30'),
	('019ee536-51f1-73bf-86c0-5b23fd35999c', '019ede24-cd0c-7025-87e8-0e4781f0eec8', 'STAFF', 'LOGIN_BERHASIL', 'User berhasil login ke sistem', NULL, '10.0.0.12', 'Mozilla/5.0 (Linux; Android 15) AppleWebKit/537.36 Chrome/149.0.0.0 Mobile', '2026-01-06 03:07:39'),
	('019ee536-51f4-7212-be25-aa60d313a3a2', '019ede24-cc48-721c-a54d-7bce429c3a32', 'STAFF', 'EXPORT_LAPORAN', 'Mengekspor laporan dokumen ke PDF', NULL, '10.0.0.5', 'Mozilla/5.0 (iPhone; CPU iPhone OS 18_5 like Mac OS X) AppleWebKit/605.1.15', '2026-05-23 23:41:24'),
	('019ee536-51f6-7155-8926-ca9c8e371a64', '019ede24-cd0c-7025-87e8-0e4781f0eec8', 'STAFF', 'EXPORT_LAPORAN', 'Mengekspor laporan dokumen ke PDF', NULL, '192.168.1.15', 'Mozilla/5.0 (Windows NT 10.0; Win64; x64; rv:138.0) Gecko/20100101 Firefox/138.0', '2026-02-18 13:39:13'),
	('019ee536-51f8-7072-8946-34697d0c1db4', '019ede24-cd0c-7025-87e8-0e4781f0eec8', 'STAFF', 'LIHAT_DOKUMEN', 'Melihat detail dokumen', '019edf13-ee30-72cf-bbb7-f44525b567f6', '127.0.0.1', 'Mozilla/5.0 (Windows NT 10.0; Win64; x64; rv:138.0) Gecko/20100101 Firefox/138.0', '2026-04-03 20:37:40'),
	('019ee536-51fb-7226-ba61-338c8c16f605', '019ede24-cc48-721c-a54d-7bce429c3a32', 'STAFF', 'LOGOUT', 'User logout dari sistem', NULL, '10.0.0.5', 'Mozilla/5.0 (Linux; Android 15) AppleWebKit/537.36 Chrome/149.0.0.0 Mobile', '2026-03-17 16:47:34'),
	('019ee536-51fe-721c-886a-a604f65b1886', '019ede24-cc48-721c-a54d-7bce429c3a32', 'STAFF', 'HAPUS_DOKUMEN', 'Menghapus dokumen ke Recycle Bin', '019edf13-f2f4-7290-99c2-f3f0d6e865c1', '192.168.1.15', 'Mozilla/5.0 (Windows NT 10.0; Win64; x64; rv:138.0) Gecko/20100101 Firefox/138.0', '2026-01-21 17:34:52'),
	('019ee536-5201-725d-a7f3-7042abc685e8', '019ede24-cb74-73b7-85ee-ba849d9f5f21', 'STAFF', 'HAPUS_DOKUMEN', 'Menghapus dokumen ke Recycle Bin', '019edf17-4e71-710a-a6e4-d6d5e91fe612', '192.168.1.10', 'Mozilla/5.0 (iPhone; CPU iPhone OS 18_5 like Mac OS X) AppleWebKit/605.1.15', '2026-02-20 22:38:31'),
	('019ee536-5204-7105-a0e1-296e8d84f872', '019ede24-cd0c-7025-87e8-0e4781f0eec8', 'STAFF', 'HAPUS_DOKUMEN', 'Menghapus dokumen ke Recycle Bin', '019edf13-ef71-7371-86f6-2cf7c601c6dc', '10.0.0.5', 'Mozilla/5.0 (Windows NT 10.0; Win64; x64) AppleWebKit/537.36 Chrome/149.0.0.0', '2026-01-13 18:37:05'),
	('019ee536-5207-7182-a7be-99308e6779b9', '019ede24-cb74-73b7-85ee-ba849d9f5f21', 'STAFF', 'UPLOAD_DOKUMEN', 'Mengupload dokumen baru ke arsip', '019edf13-f038-72bc-a08f-db4e4c58e32f', '10.0.0.12', 'Mozilla/5.0 (Macintosh; Intel Mac OS X 10_15_7) AppleWebKit/537.36 Chrome/148.0.0.0', '2026-03-25 00:02:27'),
	('019ee536-5209-70e5-bc85-182c81e82bef', '019ede2b-5b99-72bb-94c3-8bccaf599e4f', 'ADMIN', 'EDIT_PROFIL', 'Memperbarui data profil', NULL, '10.0.0.5', 'Mozilla/5.0 (iPhone; CPU iPhone OS 18_5 like Mac OS X) AppleWebKit/605.1.15', '2026-01-02 18:51:17'),
	('019ee536-520c-7023-bded-ea1b7ac61df4', '019ede2b-5b99-72bb-94c3-8bccaf599e4f', 'ADMIN', 'HAPUS_DOKUMEN', 'Menghapus dokumen ke Recycle Bin', '019ede24-cd42-71ee-96fd-2cf20876e5f4', '10.0.0.12', 'Mozilla/5.0 (iPhone; CPU iPhone OS 18_5 like Mac OS X) AppleWebKit/605.1.15', '2026-05-02 18:31:26'),
	('019ee536-520e-7239-bfde-b0117c6f730b', '019ede24-cb74-73b7-85ee-ba849d9f5f21', 'STAFF', 'HAPUS_DOKUMEN', 'Menghapus dokumen ke Recycle Bin', '019edf13-f446-7175-8b48-4fd8b4a34ff5', '127.0.0.1', 'Mozilla/5.0 (iPhone; CPU iPhone OS 18_5 like Mac OS X) AppleWebKit/605.1.15', '2026-01-04 12:49:59'),
	('019ee536-5210-7263-84ec-457be195c9e4', '019ede2b-5b99-72bb-94c3-8bccaf599e4f', 'ADMIN', 'DOWNLOAD_DOKUMEN', 'Mengunduh dokumen dari arsip', '019edf13-eecb-7236-98f5-8d6d1b427aaa', '192.168.1.15', 'Mozilla/5.0 (Windows NT 10.0; Win64; x64) AppleWebKit/537.36 Chrome/149.0.0.0', '2026-02-21 01:48:57'),
	('019ee536-5214-7016-8913-857b3da0c79d', '019ede2b-5b99-72bb-94c3-8bccaf599e4f', 'ADMIN', 'DOWNLOAD_DOKUMEN', 'Mengunduh dokumen dari arsip', '019edf17-4c70-73de-936c-88a96c68b129', '192.168.1.10', 'Mozilla/5.0 (Linux; Android 15) AppleWebKit/537.36 Chrome/149.0.0.0 Mobile', '2026-03-27 19:53:07'),
	('019ee536-5217-7387-8574-a9f3ac6d44cb', '019ede2b-5b99-72bb-94c3-8bccaf599e4f', 'ADMIN', 'RESTORE_DOKUMEN', 'Memulihkan dokumen dari Recycle Bin', '019edf13-f3a7-72ed-bb85-3727e4166c02', '127.0.0.1', 'Mozilla/5.0 (Linux; Android 15) AppleWebKit/537.36 Chrome/149.0.0.0 Mobile', '2026-06-07 12:21:16'),
	('019ee536-5219-704d-8891-612e25cc04dc', '019ede24-cd0c-7025-87e8-0e4781f0eec8', 'STAFF', 'UPLOAD_DOKUMEN', 'Mengupload dokumen baru ke arsip', '019ede24-cd39-7328-98ad-708f375f24cf', '172.16.0.8', 'Mozilla/5.0 (iPhone; CPU iPhone OS 18_5 like Mac OS X) AppleWebKit/605.1.15', '2026-05-15 05:53:39'),
	('019ee536-521c-7399-9428-ab049d868c92', '019ede24-caa3-7243-b800-c3eb6d954d53', 'ADMIN', 'HAPUS_DOKUMEN', 'Menghapus dokumen ke Recycle Bin', '019edf17-4f09-7302-81c7-e773f769fa9d', '10.0.0.12', 'Mozilla/5.0 (Linux; Android 15) AppleWebKit/537.36 Chrome/149.0.0.0 Mobile', '2025-12-23 20:58:49'),
	('019ee536-521e-71c5-b8f2-3043a75e1413', '019ede24-cb74-73b7-85ee-ba849d9f5f21', 'STAFF', 'LOGOUT', 'User logout dari sistem', NULL, '10.0.0.5', 'Mozilla/5.0 (Macintosh; Intel Mac OS X 10_15_7) AppleWebKit/537.36 Chrome/148.0.0.0', '2026-02-10 13:00:15'),
	('019ee536-5221-7083-a0c5-39f6fcfd96df', '019ede24-cb74-73b7-85ee-ba849d9f5f21', 'STAFF', 'UPLOAD_DOKUMEN', 'Mengupload dokumen baru ke arsip', '019edf13-f169-7194-be5e-5961dc9dd437', '127.0.0.1', 'Mozilla/5.0 (iPhone; CPU iPhone OS 18_5 like Mac OS X) AppleWebKit/605.1.15', '2026-03-04 02:04:39'),
	('019ee536-5225-73a5-9c46-18c4e7513dc5', '019ede24-cc48-721c-a54d-7bce429c3a32', 'STAFF', 'LOGOUT', 'User logout dari sistem', NULL, '10.0.0.5', 'Mozilla/5.0 (iPhone; CPU iPhone OS 18_5 like Mac OS X) AppleWebKit/605.1.15', '2026-05-31 12:29:20'),
	('019ee536-5227-7158-b22e-7b8a08988ef3', '019ede24-cc48-721c-a54d-7bce429c3a32', 'STAFF', 'HAPUS_DOKUMEN', 'Menghapus dokumen ke Recycle Bin', '019edf13-f20c-7307-9e31-7091bb87b7e7', '192.168.1.15', 'Mozilla/5.0 (Windows NT 10.0; Win64; x64; rv:138.0) Gecko/20100101 Firefox/138.0', '2026-03-02 05:04:18'),
	('019ee536-5229-70d1-8ba7-bf582a99d41f', '019ede24-cc48-721c-a54d-7bce429c3a32', 'STAFF', 'LOGIN_BERHASIL', 'User berhasil login ke sistem', NULL, '127.0.0.1', 'Mozilla/5.0 (Windows NT 10.0; Win64; x64) AppleWebKit/537.36 Chrome/149.0.0.0', '2026-03-06 01:55:35'),
	('019ee536-522b-71b2-ad92-f06e5c3e5ca6', '019ede24-cd0c-7025-87e8-0e4781f0eec8', 'STAFF', 'LIHAT_DOKUMEN', 'Melihat detail dokumen', '019edf13-f511-71d1-bf0a-1383b4fa8afe', '10.0.0.12', 'Mozilla/5.0 (Windows NT 10.0; Win64; x64; rv:138.0) Gecko/20100101 Firefox/138.0', '2026-02-14 17:26:41'),
	('019ee536-522e-7058-9961-cea5f522c140', '019ede24-caa3-7243-b800-c3eb6d954d53', 'ADMIN', 'BUAT_SHARE_LINK', 'Membuat link berbagi dokumen', '019edf13-f0f4-73fd-8b96-6ddbdde38c32', '10.0.0.12', 'Mozilla/5.0 (Windows NT 10.0; Win64; x64) AppleWebKit/537.36 Chrome/149.0.0.0', '2026-02-09 02:01:07'),
	('019ee536-5230-7023-aa70-6e533a28e26b', '019ede24-cb74-73b7-85ee-ba849d9f5f21', 'STAFF', 'LIHAT_DOKUMEN', 'Melihat detail dokumen', '019edf13-f501-7025-981c-1b3ec8c18d5b', '127.0.0.1', 'Mozilla/5.0 (iPhone; CPU iPhone OS 18_5 like Mac OS X) AppleWebKit/605.1.15', '2026-06-08 17:36:16'),
	('019ee536-5233-7267-9f0c-9a0d3c170a4a', '019ede2b-5b99-72bb-94c3-8bccaf599e4f', 'ADMIN', 'LOGOUT', 'User logout dari sistem', NULL, '192.168.1.10', 'Mozilla/5.0 (Macintosh; Intel Mac OS X 10_15_7) AppleWebKit/537.36 Chrome/148.0.0.0', '2026-06-10 18:54:54'),
	('019ee536-5235-720b-91c0-b1f1d37b5f10', '019ede24-caa3-7243-b800-c3eb6d954d53', 'ADMIN', 'LOGIN_BERHASIL', 'User berhasil login ke sistem', NULL, '127.0.0.1', 'Mozilla/5.0 (Windows NT 10.0; Win64; x64) AppleWebKit/537.36 Chrome/149.0.0.0', '2026-01-07 08:56:48'),
	('019ee536-5238-70a3-8157-c3680f032ee3', '019ede24-cc48-721c-a54d-7bce429c3a32', 'STAFF', 'DOWNLOAD_DOKUMEN', 'Mengunduh dokumen dari arsip', '019edf13-efb4-7009-b293-28a6d247cdda', '192.168.1.15', 'Mozilla/5.0 (Windows NT 10.0; Win64; x64) AppleWebKit/537.36 Chrome/149.0.0.0', '2026-02-17 19:15:31'),
	('019ee536-523b-707b-a592-6bcfacdf501c', '019ede24-cd0c-7025-87e8-0e4781f0eec8', 'STAFF', 'BUAT_SHARE_LINK', 'Membuat link berbagi dokumen', '019edf13-edac-7214-80e6-060c7dba8edc', '192.168.1.20', 'Mozilla/5.0 (Windows NT 10.0; Win64; x64) AppleWebKit/537.36 Chrome/149.0.0.0', '2026-05-19 05:08:27'),
	('019ee536-523d-71a2-960f-334b00f39283', '019ede24-cc48-721c-a54d-7bce429c3a32', 'STAFF', 'LOGOUT', 'User logout dari sistem', NULL, '172.16.0.8', 'Mozilla/5.0 (Linux; Android 15) AppleWebKit/537.36 Chrome/149.0.0.0 Mobile', '2026-01-28 13:34:30'),
	('019ee536-523f-72ca-ac01-e939f1107805', '019ede24-cd0c-7025-87e8-0e4781f0eec8', 'STAFF', 'UPLOAD_DOKUMEN', 'Mengupload dokumen baru ke arsip', '019edf13-f52f-70f4-a4b8-68fce85e256f', '192.168.1.20', 'Mozilla/5.0 (Windows NT 10.0; Win64; x64) AppleWebKit/537.36 Chrome/149.0.0.0', '2026-01-10 04:20:10'),
	('019ee536-5242-72cc-a72c-4b53dd9713c1', '019ede24-cb74-73b7-85ee-ba849d9f5f21', 'STAFF', 'LOGOUT', 'User logout dari sistem', NULL, '192.168.1.20', 'Mozilla/5.0 (Macintosh; Intel Mac OS X 10_15_7) AppleWebKit/537.36 Chrome/148.0.0.0', '2026-03-02 04:58:07'),
	('019ee536-5245-7285-8408-a5ec3dd6144c', '019ede2b-5b99-72bb-94c3-8bccaf599e4f', 'ADMIN', 'EXPORT_LAPORAN', 'Mengekspor laporan dokumen ke PDF', NULL, '192.168.1.15', 'Mozilla/5.0 (Windows NT 10.0; Win64; x64) AppleWebKit/537.36 Chrome/149.0.0.0', '2026-01-02 06:19:40'),
	('019ee536-5248-72e8-bbff-1be00f3f9ce7', '019ede24-caa3-7243-b800-c3eb6d954d53', 'ADMIN', 'LOGIN_BERHASIL', 'User berhasil login ke sistem', NULL, '192.168.1.15', 'Mozilla/5.0 (Linux; Android 15) AppleWebKit/537.36 Chrome/149.0.0.0 Mobile', '2026-04-03 15:31:10'),
	('019ee536-524a-7386-bc64-d0888e1f4807', '019ede24-cb74-73b7-85ee-ba849d9f5f21', 'STAFF', 'LOGOUT', 'User logout dari sistem', NULL, '192.168.1.20', 'Mozilla/5.0 (Windows NT 10.0; Win64; x64) AppleWebKit/537.36 Chrome/149.0.0.0', '2026-03-21 19:28:54'),
	('019ee536-524d-7160-83b2-fa4cbebec8ba', '019ede24-cb74-73b7-85ee-ba849d9f5f21', 'STAFF', 'UPLOAD_DOKUMEN', 'Mengupload dokumen baru ke arsip', '019edf13-f2da-70b0-8a80-fe4747140e4d', '192.168.1.15', 'Mozilla/5.0 (Macintosh; Intel Mac OS X 10_15_7) AppleWebKit/537.36 Chrome/148.0.0.0', '2026-01-29 20:55:19'),
	('019ee536-524f-72d7-826b-f48cf88b0e01', '019ede24-cd0c-7025-87e8-0e4781f0eec8', 'STAFF', 'UPLOAD_DOKUMEN', 'Mengupload dokumen baru ke arsip', '019edf13-f1c5-7235-b506-648ca00cf23f', '192.168.1.15', 'Mozilla/5.0 (Macintosh; Intel Mac OS X 10_15_7) AppleWebKit/537.36 Chrome/148.0.0.0', '2026-03-16 16:26:24'),
	('019ee536-5251-72db-8084-b97b78f20e75', '019ede24-caa3-7243-b800-c3eb6d954d53', 'ADMIN', 'LIHAT_DOKUMEN', 'Melihat detail dokumen', '019edf13-ec1b-73dc-a295-b5d0309d808f', '172.16.0.8', 'Mozilla/5.0 (Macintosh; Intel Mac OS X 10_15_7) AppleWebKit/537.36 Chrome/148.0.0.0', '2026-02-07 02:40:17'),
	('019ee536-5254-70fd-b175-baa4fece0159', '019ede24-cb74-73b7-85ee-ba849d9f5f21', 'STAFF', 'HAPUS_DOKUMEN', 'Menghapus dokumen ke Recycle Bin', '019edf13-f287-706f-881e-ebc0c15ccc56', '192.168.1.20', 'Mozilla/5.0 (Macintosh; Intel Mac OS X 10_15_7) AppleWebKit/537.36 Chrome/148.0.0.0', '2026-01-15 05:53:39'),
	('019ee536-5257-714f-ae1f-e7c1f515d4b7', '019ede2b-5b99-72bb-94c3-8bccaf599e4f', 'ADMIN', 'LOGOUT', 'User logout dari sistem', NULL, '192.168.1.20', 'Mozilla/5.0 (Windows NT 10.0; Win64; x64; rv:138.0) Gecko/20100101 Firefox/138.0', '2026-01-02 10:10:00'),
	('019ee536-525a-711e-b8df-9caaa95623bf', '019ede24-caa3-7243-b800-c3eb6d954d53', 'ADMIN', 'RESTORE_DOKUMEN', 'Memulihkan dokumen dari Recycle Bin', '019edf13-f501-7025-981c-1b3ec8c18d5b', '192.168.1.10', 'Mozilla/5.0 (Linux; Android 15) AppleWebKit/537.36 Chrome/149.0.0.0 Mobile', '2026-03-03 22:56:51'),
	('019ee536-525d-70bf-975c-d591e8a1d3a7', '019ede24-cd0c-7025-87e8-0e4781f0eec8', 'STAFF', 'EXPORT_LAPORAN', 'Mengekspor laporan dokumen ke PDF', NULL, '192.168.1.15', 'Mozilla/5.0 (Windows NT 10.0; Win64; x64) AppleWebKit/537.36 Chrome/149.0.0.0', '2025-12-25 21:54:55'),
	('019ee536-525f-708f-a0bb-d92f84d66c96', '019ede24-cd0c-7025-87e8-0e4781f0eec8', 'STAFF', 'UPLOAD_DOKUMEN', 'Mengupload dokumen baru ke arsip', '019edf13-ec40-7174-9eb6-68740e026809', '127.0.0.1', 'Mozilla/5.0 (Macintosh; Intel Mac OS X 10_15_7) AppleWebKit/537.36 Chrome/148.0.0.0', '2026-03-31 21:30:50'),
	('019ee536-5262-7184-b9f3-882b71068b5c', '019ede2b-5b99-72bb-94c3-8bccaf599e4f', 'ADMIN', 'RESTORE_DOKUMEN', 'Memulihkan dokumen dari Recycle Bin', '019edf13-f06a-7307-87ca-0a40e3a58ab4', '127.0.0.1', 'Mozilla/5.0 (iPhone; CPU iPhone OS 18_5 like Mac OS X) AppleWebKit/605.1.15', '2026-02-14 12:24:15'),
	('019ee536-5265-73cd-9936-8f34813773f4', '019ede24-cc48-721c-a54d-7bce429c3a32', 'STAFF', 'EDIT_PROFIL', 'Memperbarui data profil', NULL, '192.168.1.10', 'Mozilla/5.0 (Windows NT 10.0; Win64; x64; rv:138.0) Gecko/20100101 Firefox/138.0', '2026-03-26 15:17:36'),
	('019ee536-5267-7373-baf3-6fe5e078b528', '019ede2b-5b99-72bb-94c3-8bccaf599e4f', 'ADMIN', 'LIHAT_DOKUMEN', 'Melihat detail dokumen', '019edf13-ebf0-733e-be21-06545782e8d3', '192.168.1.20', 'Mozilla/5.0 (Macintosh; Intel Mac OS X 10_15_7) AppleWebKit/537.36 Chrome/148.0.0.0', '2026-06-16 16:35:53'),
	('019ee536-5269-70da-8a88-b807664f9c2b', '019ede24-cb74-73b7-85ee-ba849d9f5f21', 'STAFF', 'HAPUS_DOKUMEN', 'Menghapus dokumen ke Recycle Bin', '019edf13-f47d-7299-8469-13ba8f115212', '192.168.1.15', 'Mozilla/5.0 (Linux; Android 15) AppleWebKit/537.36 Chrome/149.0.0.0 Mobile', '2026-03-09 14:04:03'),
	('019ee536-526c-7204-b1a8-533e15f008a7', '019ede24-cd0c-7025-87e8-0e4781f0eec8', 'STAFF', 'LOGOUT', 'User logout dari sistem', NULL, '127.0.0.1', 'Mozilla/5.0 (iPhone; CPU iPhone OS 18_5 like Mac OS X) AppleWebKit/605.1.15', '2026-05-07 09:13:11'),
	('019ee536-526e-702d-aa74-6775967ecf5d', '019ede24-cc48-721c-a54d-7bce429c3a32', 'STAFF', 'EXPORT_LAPORAN', 'Mengekspor laporan dokumen ke PDF', NULL, '192.168.1.20', 'Mozilla/5.0 (Windows NT 10.0; Win64; x64; rv:138.0) Gecko/20100101 Firefox/138.0', '2026-01-23 09:28:34'),
	('019ee536-5271-72f9-929a-c61ca59cdf3b', '019ede24-cb74-73b7-85ee-ba849d9f5f21', 'STAFF', 'LOGOUT', 'User logout dari sistem', NULL, '127.0.0.1', 'Mozilla/5.0 (iPhone; CPU iPhone OS 18_5 like Mac OS X) AppleWebKit/605.1.15', '2026-03-27 03:40:54'),
	('019ee536-5274-72f0-bc58-3fa6535b2bf7', '019ede24-cd0c-7025-87e8-0e4781f0eec8', 'STAFF', 'DOWNLOAD_DOKUMEN', 'Mengunduh dokumen dari arsip', '019edf17-4dcb-730c-a019-43c780270849', '10.0.0.12', 'Mozilla/5.0 (Windows NT 10.0; Win64; x64) AppleWebKit/537.36 Chrome/149.0.0.0', '2026-05-07 06:51:21'),
	('019ee536-5277-734e-bd6b-e37c75911f28', '019ede24-cb74-73b7-85ee-ba849d9f5f21', 'STAFF', 'EDIT_PROFIL', 'Memperbarui data profil', NULL, '192.168.1.20', 'Mozilla/5.0 (Macintosh; Intel Mac OS X 10_15_7) AppleWebKit/537.36 Chrome/148.0.0.0', '2026-05-25 02:23:41'),
	('019ee536-5279-7240-a609-0a3b75f2381e', '019ede24-caa3-7243-b800-c3eb6d954d53', 'ADMIN', 'RESTORE_DOKUMEN', 'Memulihkan dokumen dari Recycle Bin', '019edeb3-af1d-7207-9619-cfadf856fec7', '10.0.0.12', 'Mozilla/5.0 (Windows NT 10.0; Win64; x64) AppleWebKit/537.36 Chrome/149.0.0.0', '2026-02-13 10:05:28'),
	('019ee536-527c-7056-9f31-a1558488525d', '019ede24-cc48-721c-a54d-7bce429c3a32', 'STAFF', 'EXPORT_LAPORAN', 'Mengekspor laporan dokumen ke PDF', NULL, '192.168.1.20', 'Mozilla/5.0 (Linux; Android 15) AppleWebKit/537.36 Chrome/149.0.0.0 Mobile', '2025-12-26 23:16:13'),
	('019ee536-527f-71ad-823b-7544f5de6577', '019ede24-cd0c-7025-87e8-0e4781f0eec8', 'STAFF', 'DOWNLOAD_DOKUMEN', 'Mengunduh dokumen dari arsip', '019ede24-cd4c-70be-9144-f6921e6190b9', '10.0.0.12', 'Mozilla/5.0 (Windows NT 10.0; Win64; x64) AppleWebKit/537.36 Chrome/149.0.0.0', '2026-03-27 10:23:26'),
	('019ee536-5281-70e0-8156-a46d887ac4f9', '019ede2b-5b99-72bb-94c3-8bccaf599e4f', 'ADMIN', 'EDIT_PROFIL', 'Memperbarui data profil', NULL, '192.168.1.15', 'Mozilla/5.0 (Windows NT 10.0; Win64; x64; rv:138.0) Gecko/20100101 Firefox/138.0', '2026-04-18 21:21:46'),
	('019ee536-5287-73b5-ab3b-eec0394c6015', '019ede24-cd0c-7025-87e8-0e4781f0eec8', 'STAFF', 'UPLOAD_DOKUMEN', 'Mengupload dokumen baru ke arsip', '019ede24-cd40-7091-81f9-3c3da8eb0b9f', '192.168.1.10', 'Mozilla/5.0 (Windows NT 10.0; Win64; x64; rv:138.0) Gecko/20100101 Firefox/138.0', '2025-12-21 16:11:28'),
	('019ee536-5289-71f6-892f-7a855a4ae945', '019ede24-cd0c-7025-87e8-0e4781f0eec8', 'STAFF', 'RESTORE_DOKUMEN', 'Memulihkan dokumen dari Recycle Bin', '019edf17-4c2b-7124-a6bc-b3eb0a4bd28f', '192.168.1.10', 'Mozilla/5.0 (Windows NT 10.0; Win64; x64; rv:138.0) Gecko/20100101 Firefox/138.0', '2026-05-20 21:37:01'),
	('019ee536-528c-735a-a18e-e78783abae8b', '019ede24-cc48-721c-a54d-7bce429c3a32', 'STAFF', 'BUAT_SHARE_LINK', 'Membuat link berbagi dokumen', '019edf17-4dcb-730c-a019-43c780270849', '192.168.1.15', 'Mozilla/5.0 (Windows NT 10.0; Win64; x64; rv:138.0) Gecko/20100101 Firefox/138.0', '2026-05-02 14:08:32'),
	('019ee536-528f-72f5-9d7e-54db1f3af979', '019ede24-cd0c-7025-87e8-0e4781f0eec8', 'STAFF', 'LOGOUT', 'User logout dari sistem', NULL, '10.0.0.5', 'Mozilla/5.0 (Windows NT 10.0; Win64; x64; rv:138.0) Gecko/20100101 Firefox/138.0', '2026-05-20 01:45:01'),
	('019ee536-5292-71bc-85ed-7452c928b55f', '019ede24-cd0c-7025-87e8-0e4781f0eec8', 'STAFF', 'LIHAT_DOKUMEN', 'Melihat detail dokumen', '019ede24-cd4d-7313-abeb-6486130318ba', '192.168.1.10', 'Mozilla/5.0 (iPhone; CPU iPhone OS 18_5 like Mac OS X) AppleWebKit/605.1.15', '2026-05-13 20:19:52'),
	('019ee536-5295-707f-964f-40b934e4336a', '019ede24-caa3-7243-b800-c3eb6d954d53', 'ADMIN', 'EDIT_PROFIL', 'Memperbarui data profil', NULL, '127.0.0.1', 'Mozilla/5.0 (Windows NT 10.0; Win64; x64) AppleWebKit/537.36 Chrome/149.0.0.0', '2025-12-30 17:20:52'),
	('019ee536-5298-7095-b07f-f9b7fddc1951', '019ede24-cc48-721c-a54d-7bce429c3a32', 'STAFF', 'LOGIN_BERHASIL', 'User berhasil login ke sistem', NULL, '192.168.1.15', 'Mozilla/5.0 (Linux; Android 15) AppleWebKit/537.36 Chrome/149.0.0.0 Mobile', '2026-03-26 02:18:30'),
	('019ee536-529a-738b-b5a6-109c1639990e', '019ede24-caa3-7243-b800-c3eb6d954d53', 'ADMIN', 'BUAT_SHARE_LINK', 'Membuat link berbagi dokumen', '019edf13-f0a0-7234-a0a2-232ca542696d', '192.168.1.20', 'Mozilla/5.0 (Macintosh; Intel Mac OS X 10_15_7) AppleWebKit/537.36 Chrome/148.0.0.0', '2026-03-30 06:24:50'),
	('019ee56c-3cb1-72a7-b421-a60606ec89d7', '019ede24-cb74-73b7-85ee-ba849d9f5f21', 'STAFF', 'HAPUS_DOKUMEN', 'Menghapus dokumen: KRISTINA SITOMPUL', '019edf13-ef91-73df-b5ed-e120ad15845f', '127.0.0.1', 'Mozilla/5.0 (Windows NT 10.0; Win64; x64) AppleWebKit/537.36 (KHTML, like Gecko) Chrome/149.0.0.0 Safari/537.36 Edg/149.0.0.0', '2026-06-20 07:25:36'),
	('019ee56d-745c-70f5-aa9e-24525636dfbb', '019ede24-cb74-73b7-85ee-ba849d9f5f21', 'STAFF', 'DOWNLOAD_DOKUMEN', 'Mengunduh dokumen: TORASLAN SITINJAK', '019edf17-4ef8-7289-bea6-4195b5e30f69', '127.0.0.1', 'Mozilla/5.0 (Windows NT 10.0; Win64; x64) AppleWebKit/537.36 (KHTML, like Gecko) Chrome/149.0.0.0 Safari/537.36 Edg/149.0.0.0', '2026-06-20 07:26:56'),
	('019ee56e-7eb8-7135-98aa-7d232a2a9135', '019ede24-cb74-73b7-85ee-ba849d9f5f21', 'STAFF', 'GENERATE_SHARE_LINK', 'Membuat Share Link: TORASLAN SITINJAK', '019edf17-4ef8-7289-bea6-4195b5e30f69', '127.0.0.1', 'Mozilla/5.0 (Windows NT 10.0; Win64; x64) AppleWebKit/537.36 (KHTML, like Gecko) Chrome/149.0.0.0 Safari/537.36 Edg/149.0.0.0', '2026-06-20 07:28:04'),
	('019ee56e-cda5-7332-8735-61280f47e9c1', '019ede24-cb74-73b7-85ee-ba849d9f5f21', 'STAFF', 'REVOKE_SHARE_LINK', 'Mencabut Share Link: TORASLAN SITINJAK', '019edf17-4ef8-7289-bea6-4195b5e30f69', '127.0.0.1', 'Mozilla/5.0 (Windows NT 10.0; Win64; x64) AppleWebKit/537.36 (KHTML, like Gecko) Chrome/149.0.0.0 Safari/537.36 Edg/149.0.0.0', '2026-06-20 07:28:24'),
	('019ee56f-8778-7211-9662-a209dc9f3b9c', '019ede24-cb74-73b7-85ee-ba849d9f5f21', 'STAFF', 'GENERATE_SHARE_LINK', 'Membuat Share Link: TORASLAN SITINJAK', '019edf17-4ef8-7289-bea6-4195b5e30f69', '127.0.0.1', 'Mozilla/5.0 (Windows NT 10.0; Win64; x64) AppleWebKit/537.36 (KHTML, like Gecko) Chrome/149.0.0.0 Safari/537.36 Edg/149.0.0.0', '2026-06-20 07:29:12'),
	('019ee570-a9fc-7008-a22c-38ca4f262aa3', '019ede24-cb74-73b7-85ee-ba849d9f5f21', 'STAFF', 'EDIT_METADATA', 'Mengedit metadata: TORASLAN SITINJAK', '019edf17-4ef8-7289-bea6-4195b5e30f69', '127.0.0.1', 'Mozilla/5.0 (Windows NT 10.0; Win64; x64) AppleWebKit/537.36 (KHTML, like Gecko) Chrome/149.0.0.0 Safari/537.36 Edg/149.0.0.0', '2026-06-20 07:30:26'),
	('019eeeef-3bfa-7335-a1c7-dc730e0ad056', '019ede24-caa3-7243-b800-c3eb6d954d53', 'ADMIN', 'LOGIN_BERHASIL', 'User berhasil login ke sistem', NULL, '127.0.0.1', 'Mozilla/5.0 (Windows NT 10.0; Win64; x64) AppleWebKit/537.36 (KHTML, like Gecko) Chrome/149.0.0.0 Safari/537.36 Edg/149.0.0.0', '2026-06-22 03:45:14'),
	('019eeefc-a73c-70b5-8d84-a381f38e7a7b', '019ede24-caa3-7243-b800-c3eb6d954d53', 'ADMIN', 'RESTORE_DOKUMEN', 'Restore: KRISTINA SITOMPUL', '019edf13-ef91-73df-b5ed-e120ad15845f', '127.0.0.1', 'Mozilla/5.0 (Windows NT 10.0; Win64; x64) AppleWebKit/537.36 (KHTML, like Gecko) Chrome/149.0.0.0 Safari/537.36 Edg/149.0.0.0', '2026-06-22 03:59:55'),
	('019eef00-701d-71c4-a030-848cfb690b70', '019ede24-caa3-7243-b800-c3eb6d954d53', 'ADMIN', 'EDIT_METADATA', 'Mengedit metadata: KRISTINA SITOMPUL', '019edf13-ef91-73df-b5ed-e120ad15845f', '127.0.0.1', 'Mozilla/5.0 (Windows NT 10.0; Win64; x64) AppleWebKit/537.36 (KHTML, like Gecko) Chrome/149.0.0.0 Safari/537.36 Edg/149.0.0.0', '2026-06-22 04:04:03'),
	('019eef07-370d-73cb-ab92-e270c4550c57', '019ede24-caa3-7243-b800-c3eb6d954d53', 'ADMIN', 'DOWNLOAD_DOKUMEN', 'Mengunduh dokumen: KRISTINA SITOMPUL', '019edf13-ef91-73df-b5ed-e120ad15845f', '127.0.0.1', 'Mozilla/5.0 (Windows NT 10.0; Win64; x64) AppleWebKit/537.36 (KHTML, like Gecko) Chrome/149.0.0.0 Safari/537.36 Edg/149.0.0.0', '2026-06-22 04:11:27'),
	('019eef07-505c-7301-b26a-bbdb7ed41ff2', '019ede24-caa3-7243-b800-c3eb6d954d53', 'ADMIN', 'DOWNLOAD_DOKUMEN', 'Mengunduh dokumen massal (ZIP): KRISTINA SITOMPUL', '019edf13-ef91-73df-b5ed-e120ad15845f', '127.0.0.1', 'Mozilla/5.0 (Windows NT 10.0; Win64; x64) AppleWebKit/537.36 (KHTML, like Gecko) Chrome/149.0.0.0 Safari/537.36 Edg/149.0.0.0', '2026-06-22 04:11:34'),
	('019eef07-5063-729c-ad63-1f63e49299e3', '019ede24-caa3-7243-b800-c3eb6d954d53', 'ADMIN', 'DOWNLOAD_DOKUMEN', 'Mengunduh dokumen massal (ZIP): TORASLAN SITINJAK', '019edf17-4ef8-7289-bea6-4195b5e30f69', '127.0.0.1', 'Mozilla/5.0 (Windows NT 10.0; Win64; x64) AppleWebKit/537.36 (KHTML, like Gecko) Chrome/149.0.0.0 Safari/537.36 Edg/149.0.0.0', '2026-06-22 04:11:34'),
	('019eef16-88f1-73fd-8174-68cba728354f', '019ede24-caa3-7243-b800-c3eb6d954d53', 'ADMIN', 'LOGIN_BERHASIL', 'User berhasil login ke sistem', NULL, '127.0.0.1', 'Mozilla/5.0 (Windows NT 10.0; Win64; x64) AppleWebKit/537.36 (KHTML, like Gecko) Chrome/149.0.0.0 Safari/537.36 Edg/149.0.0.0', '2026-06-22 04:28:11'),
	('019eef3a-abdf-71fc-bdc3-e7b64f850eef', '019ede24-caa3-7243-b800-c3eb6d954d53', 'ADMIN', 'HAPUS_DOKUMEN', 'Menghapus dokumen massal: Surat Masuk dari Dinas Pertanian', '019ede24-cd32-7192-9076-5ce460e5acf9', '127.0.0.1', 'Mozilla/5.0 (Windows NT 10.0; Win64; x64) AppleWebKit/537.36 (KHTML, like Gecko) Chrome/149.0.0.0 Safari/537.36 Edg/149.0.0.0', '2026-06-22 05:07:40'),
	('019eef3a-abf1-708c-aa13-9029d32eafa2', '019ede24-caa3-7243-b800-c3eb6d954d53', 'ADMIN', 'HAPUS_DOKUMEN', 'Menghapus dokumen massal: Surat Masuk Permintaan Data Produksi', '019ede24-cd36-7128-9713-c7b9cbf47b81', '127.0.0.1', 'Mozilla/5.0 (Windows NT 10.0; Win64; x64) AppleWebKit/537.36 (KHTML, like Gecko) Chrome/149.0.0.0 Safari/537.36 Edg/149.0.0.0', '2026-06-22 05:07:40'),
	('019eef3a-abfd-70ee-a243-672f987ef1bc', '019ede24-caa3-7243-b800-c3eb6d954d53', 'ADMIN', 'HAPUS_DOKUMEN', 'Menghapus dokumen massal: Surat Keluar Balasan Dinas Pertanian', '019ede24-cd39-7328-98ad-708f375f24cf', '127.0.0.1', 'Mozilla/5.0 (Windows NT 10.0; Win64; x64) AppleWebKit/537.36 (KHTML, like Gecko) Chrome/149.0.0.0 Safari/537.36 Edg/149.0.0.0', '2026-06-22 05:07:40'),
	('019eef3a-ac09-7197-bc34-93c5b412f6b9', '019ede24-caa3-7243-b800-c3eb6d954d53', 'ADMIN', 'HAPUS_DOKUMEN', 'Menghapus dokumen massal: Nota Dinas Pengadaan Pupuk', '019ede24-cd3a-738a-a72c-6f29e78fa14d', '127.0.0.1', 'Mozilla/5.0 (Windows NT 10.0; Win64; x64) AppleWebKit/537.36 (KHTML, like Gecko) Chrome/149.0.0.0 Safari/537.36 Edg/149.0.0.0', '2026-06-22 05:07:40'),
	('019eef3a-ac15-72a5-bff4-01077bb0092d', '019ede24-caa3-7243-b800-c3eb6d954d53', 'ADMIN', 'HAPUS_DOKUMEN', 'Menghapus dokumen massal: Laporan Bulanan Januari 2026', '019ede24-cd3c-724d-a004-136f9de486e1', '127.0.0.1', 'Mozilla/5.0 (Windows NT 10.0; Win64; x64) AppleWebKit/537.36 (KHTML, like Gecko) Chrome/149.0.0.0 Safari/537.36 Edg/149.0.0.0', '2026-06-22 05:07:40'),
	('019eef3a-ac20-7162-92b1-95ffb1edbd1d', '019ede24-caa3-7243-b800-c3eb6d954d53', 'ADMIN', 'HAPUS_DOKUMEN', 'Menghapus dokumen massal: Laporan Bulanan Februari 2026', '019ede24-cd3e-711a-86e5-99641755c48f', '127.0.0.1', 'Mozilla/5.0 (Windows NT 10.0; Win64; x64) AppleWebKit/537.36 (KHTML, like Gecko) Chrome/149.0.0.0 Safari/537.36 Edg/149.0.0.0', '2026-06-22 05:07:40'),
	('019eef3a-ac2b-73da-89ca-86cf1f8c1bca', '019ede24-caa3-7243-b800-c3eb6d954d53', 'ADMIN', 'HAPUS_DOKUMEN', 'Menghapus dokumen massal: Berita Acara Rapat Koordinasi', '019ede24-cd42-71ee-96fd-2cf20876e5f4', '127.0.0.1', 'Mozilla/5.0 (Windows NT 10.0; Win64; x64) AppleWebKit/537.36 (KHTML, like Gecko) Chrome/149.0.0.0 Safari/537.36 Edg/149.0.0.0', '2026-06-22 05:07:40'),
	('019eef3a-ac36-73e7-a11b-1446745b968d', '019ede24-caa3-7243-b800-c3eb6d954d53', 'ADMIN', 'HAPUS_DOKUMEN', 'Menghapus dokumen massal: SPK Pengangkutan Hasil Panen', '019ede24-cd45-7327-9405-af3da02562d9', '127.0.0.1', 'Mozilla/5.0 (Windows NT 10.0; Win64; x64) AppleWebKit/537.36 (KHTML, like Gecko) Chrome/149.0.0.0 Safari/537.36 Edg/149.0.0.0', '2026-06-22 05:07:40'),
	('019eef3a-ac41-70ca-ba8b-2e02c7f03a22', '019ede24-caa3-7243-b800-c3eb6d954d53', 'ADMIN', 'HAPUS_DOKUMEN', 'Menghapus dokumen massal: SK Penunjukan Tim Inventarisasi', '019ede24-cd46-7239-ae6f-372e87dfd9d3', '127.0.0.1', 'Mozilla/5.0 (Windows NT 10.0; Win64; x64) AppleWebKit/537.36 (KHTML, like Gecko) Chrome/149.0.0.0 Safari/537.36 Edg/149.0.0.0', '2026-06-22 05:07:40'),
	('019eef3a-ac4d-70bc-9d03-525f60805975', '019ede24-caa3-7243-b800-c3eb6d954d53', 'ADMIN', 'HAPUS_DOKUMEN', 'Menghapus dokumen massal: SOP Pemupukan Tanaman', '019ede24-cd49-7189-8331-9fa7e5c43c88', '127.0.0.1', 'Mozilla/5.0 (Windows NT 10.0; Win64; x64) AppleWebKit/537.36 (KHTML, like Gecko) Chrome/149.0.0.0 Safari/537.36 Edg/149.0.0.0', '2026-06-22 05:07:40'),
	('019eef3a-ac5a-738b-b11f-63b565fd923f', '019ede24-caa3-7243-b800-c3eb6d954d53', 'ADMIN', 'HAPUS_DOKUMEN', 'Menghapus dokumen massal: Rencana Kerja Tahunan 2026', '019ede24-cd4a-71b7-9be8-cadb7a4c1c80', '127.0.0.1', 'Mozilla/5.0 (Windows NT 10.0; Win64; x64) AppleWebKit/537.36 (KHTML, like Gecko) Chrome/149.0.0.0 Safari/537.36 Edg/149.0.0.0', '2026-06-22 05:07:40'),
	('019eef3a-ac67-71bc-bca3-607f0c0cb340', '019ede24-caa3-7243-b800-c3eb6d954d53', 'ADMIN', 'HAPUS_DOKUMEN', 'Menghapus dokumen massal: RKAP Bidang PSR 2026', '019ede24-cd4b-7045-aded-6a63a52218d5', '127.0.0.1', 'Mozilla/5.0 (Windows NT 10.0; Win64; x64) AppleWebKit/537.36 (KHTML, like Gecko) Chrome/149.0.0.0 Safari/537.36 Edg/149.0.0.0', '2026-06-22 05:07:40'),
	('019eef3a-ac73-72bf-a695-f0963b331269', '019ede24-caa3-7243-b800-c3eb6d954d53', 'ADMIN', 'HAPUS_DOKUMEN', 'Menghapus dokumen massal: Perizinan Penggunaan Air', '019ede24-cd4d-7313-abeb-6486130318ba', '127.0.0.1', 'Mozilla/5.0 (Windows NT 10.0; Win64; x64) AppleWebKit/537.36 (KHTML, like Gecko) Chrome/149.0.0.0 Safari/537.36 Edg/149.0.0.0', '2026-06-22 05:07:40'),
	('019eef3a-ac81-7291-9d22-819d4fd42eb9', '019ede24-caa3-7243-b800-c3eb6d954d53', 'ADMIN', 'HAPUS_DOKUMEN', 'Menghapus dokumen massal: Anggaran Operasional Q1 2026', '019ede24-cd4e-7143-a659-5596318cf77c', '127.0.0.1', 'Mozilla/5.0 (Windows NT 10.0; Win64; x64) AppleWebKit/537.36 (KHTML, like Gecko) Chrome/149.0.0.0 Safari/537.36 Edg/149.0.0.0', '2026-06-22 05:07:40'),
	('019eef3a-ac8b-723d-b9dd-f4829c9054bb', '019ede24-caa3-7243-b800-c3eb6d954d53', 'ADMIN', 'HAPUS_DOKUMEN', 'Menghapus dokumen massal: Realisasi Anggaran Februari 2026', '019ede24-cd4f-7330-a35d-ea55cbaa78c5', '127.0.0.1', 'Mozilla/5.0 (Windows NT 10.0; Win64; x64) AppleWebKit/537.36 (KHTML, like Gecko) Chrome/149.0.0.0 Safari/537.36 Edg/149.0.0.0', '2026-06-22 05:07:40'),
	('019eef3a-ac91-71f9-a733-e2b1161cbe8d', '019ede24-caa3-7243-b800-c3eb6d954d53', 'ADMIN', 'HAPUS_DOKUMEN', 'Menghapus dokumen massal: ABDUL MALIK', '019edf13-ebf0-733e-be21-06545782e8d3', '127.0.0.1', 'Mozilla/5.0 (Windows NT 10.0; Win64; x64) AppleWebKit/537.36 (KHTML, like Gecko) Chrome/149.0.0.0 Safari/537.36 Edg/149.0.0.0', '2026-06-22 05:07:40'),
	('019eef3a-ac9b-7395-907c-ae323b9bd04b', '019ede24-caa3-7243-b800-c3eb6d954d53', 'ADMIN', 'HAPUS_DOKUMEN', 'Menghapus dokumen massal: ADIMAR', '019edf13-ec1b-73dc-a295-b5d0309d808f', '127.0.0.1', 'Mozilla/5.0 (Windows NT 10.0; Win64; x64) AppleWebKit/537.36 (KHTML, like Gecko) Chrome/149.0.0.0 Safari/537.36 Edg/149.0.0.0', '2026-06-22 05:07:40'),
	('019eef3a-aca6-716d-9b1d-f2b1586db13f', '019ede24-caa3-7243-b800-c3eb6d954d53', 'ADMIN', 'HAPUS_DOKUMEN', 'Menghapus dokumen massal: AHMAD YANI SIDABUTAR', '019edf13-ec54-7013-be78-997359364e43', '127.0.0.1', 'Mozilla/5.0 (Windows NT 10.0; Win64; x64) AppleWebKit/537.36 (KHTML, like Gecko) Chrome/149.0.0.0 Safari/537.36 Edg/149.0.0.0', '2026-06-22 05:07:40'),
	('019eef3a-acb2-7005-bd2b-2f4b32d3579e', '019ede24-caa3-7243-b800-c3eb6d954d53', 'ADMIN', 'HAPUS_DOKUMEN', 'Menghapus dokumen massal: ALIMUN SIREGAR', '019edf13-ec68-714a-944b-bd273d711cfa', '127.0.0.1', 'Mozilla/5.0 (Windows NT 10.0; Win64; x64) AppleWebKit/537.36 (KHTML, like Gecko) Chrome/149.0.0.0 Safari/537.36 Edg/149.0.0.0', '2026-06-22 05:07:40'),
	('019eef3a-acbd-7111-b286-750ad4e1ac6b', '019ede24-caa3-7243-b800-c3eb6d954d53', 'ADMIN', 'HAPUS_DOKUMEN', 'Menghapus dokumen massal: ANAMELA WARUWU', '019edf13-ec79-7117-9416-21ae573ef8d1', '127.0.0.1', 'Mozilla/5.0 (Windows NT 10.0; Win64; x64) AppleWebKit/537.36 (KHTML, like Gecko) Chrome/149.0.0.0 Safari/537.36 Edg/149.0.0.0', '2026-06-22 05:07:40'),
	('019eef3a-accb-7141-a194-507c1ff17bfa', '019ede24-caa3-7243-b800-c3eb6d954d53', 'ADMIN', 'HAPUS_DOKUMEN', 'Menghapus dokumen massal: ARMEN SIREGAR', '019edf13-ecac-721e-8490-07c0bec1f370', '127.0.0.1', 'Mozilla/5.0 (Windows NT 10.0; Win64; x64) AppleWebKit/537.36 (KHTML, like Gecko) Chrome/149.0.0.0 Safari/537.36 Edg/149.0.0.0', '2026-06-22 05:07:40'),
	('019eef3a-acd5-7166-8460-6d7801695511', '019ede24-caa3-7243-b800-c3eb6d954d53', 'ADMIN', 'HAPUS_DOKUMEN', 'Menghapus dokumen massal: AZRUL HALIM', '019edf13-ecc6-7325-8a4f-ff356b3deb95', '127.0.0.1', 'Mozilla/5.0 (Windows NT 10.0; Win64; x64) AppleWebKit/537.36 (KHTML, like Gecko) Chrome/149.0.0.0 Safari/537.36 Edg/149.0.0.0', '2026-06-22 05:07:40'),
	('019eef3a-acdf-7274-bcb1-ff2a4ad6a839', '019ede24-caa3-7243-b800-c3eb6d954d53', 'ADMIN', 'HAPUS_DOKUMEN', 'Menghapus dokumen massal: BINER LUMBAN TOBING', '019edf13-ecf9-703e-a342-c382ecaf9d74', '127.0.0.1', 'Mozilla/5.0 (Windows NT 10.0; Win64; x64) AppleWebKit/537.36 (KHTML, like Gecko) Chrome/149.0.0.0 Safari/537.36 Edg/149.0.0.0', '2026-06-22 05:07:40'),
	('019eef3a-aceb-7140-9c32-499550996628', '019ede24-caa3-7243-b800-c3eb6d954d53', 'ADMIN', 'HAPUS_DOKUMEN', 'Menghapus dokumen massal: BINSAR MANURUNG', '019edf13-ed0d-72f3-a256-43935665ad1a', '127.0.0.1', 'Mozilla/5.0 (Windows NT 10.0; Win64; x64) AppleWebKit/537.36 (KHTML, like Gecko) Chrome/149.0.0.0 Safari/537.36 Edg/149.0.0.0', '2026-06-22 05:07:40'),
	('019eef3a-acf5-719f-89dd-a1ee8e9a399e', '019ede24-caa3-7243-b800-c3eb6d954d53', 'ADMIN', 'HAPUS_DOKUMEN', 'Menghapus dokumen massal: DALIMIN', '019edf13-ed30-71bd-80f9-66bf962ea154', '127.0.0.1', 'Mozilla/5.0 (Windows NT 10.0; Win64; x64) AppleWebKit/537.36 (KHTML, like Gecko) Chrome/149.0.0.0 Safari/537.36 Edg/149.0.0.0', '2026-06-22 05:07:40'),
	('019eef3a-ad00-7344-a00b-aabc7db021d4', '019ede24-caa3-7243-b800-c3eb6d954d53', 'ADMIN', 'HAPUS_DOKUMEN', 'Menghapus dokumen massal: EMA DELIMA', '019edf13-ed7c-73a5-9925-b031f0ebb3fe', '127.0.0.1', 'Mozilla/5.0 (Windows NT 10.0; Win64; x64) AppleWebKit/537.36 (KHTML, like Gecko) Chrome/149.0.0.0 Safari/537.36 Edg/149.0.0.0', '2026-06-22 05:07:40'),
	('019eef3a-ad0b-702f-82e4-480120ac3197', '019ede24-caa3-7243-b800-c3eb6d954d53', 'ADMIN', 'HAPUS_DOKUMEN', 'Menghapus dokumen massal: FARIDA', '019edf13-edbf-71ad-9d6d-635d90e8f08c', '127.0.0.1', 'Mozilla/5.0 (Windows NT 10.0; Win64; x64) AppleWebKit/537.36 (KHTML, like Gecko) Chrome/149.0.0.0 Safari/537.36 Edg/149.0.0.0', '2026-06-22 05:07:40'),
	('019eef3a-ad16-70ba-a0f8-ab52ed80f1aa', '019ede24-caa3-7243-b800-c3eb6d954d53', 'ADMIN', 'HAPUS_DOKUMEN', 'Menghapus dokumen massal: FAUZIAH  HASIBUAN', '019edf13-edd4-735e-b78d-5b892746fe4d', '127.0.0.1', 'Mozilla/5.0 (Windows NT 10.0; Win64; x64) AppleWebKit/537.36 (KHTML, like Gecko) Chrome/149.0.0.0 Safari/537.36 Edg/149.0.0.0', '2026-06-22 05:07:40'),
	('019eef3a-ad20-732a-860d-8e6b62996f45', '019ede24-caa3-7243-b800-c3eb6d954d53', 'ADMIN', 'HAPUS_DOKUMEN', 'Menghapus dokumen massal: FAUZI', '019edf13-edea-70ab-9770-a34bd00e3fd4', '127.0.0.1', 'Mozilla/5.0 (Windows NT 10.0; Win64; x64) AppleWebKit/537.36 (KHTML, like Gecko) Chrome/149.0.0.0 Safari/537.36 Edg/149.0.0.0', '2026-06-22 05:07:40'),
	('019eef3a-ad29-7049-b10e-4ce18b9741e7', '019ede24-caa3-7243-b800-c3eb6d954d53', 'ADMIN', 'HAPUS_DOKUMEN', 'Menghapus dokumen massal: HASAN BASRI RANGKUTI', '019edf13-ee04-71b5-93e6-08bbb140d89b', '127.0.0.1', 'Mozilla/5.0 (Windows NT 10.0; Win64; x64) AppleWebKit/537.36 (KHTML, like Gecko) Chrome/149.0.0.0 Safari/537.36 Edg/149.0.0.0', '2026-06-22 05:07:40'),
	('019eef3a-ad33-724e-ac04-8711a22e6f2f', '019ede24-caa3-7243-b800-c3eb6d954d53', 'ADMIN', 'HAPUS_DOKUMEN', 'Menghapus dokumen massal: HENDER GINTING', '019edf13-ee46-736d-b44a-68fba631dffd', '127.0.0.1', 'Mozilla/5.0 (Windows NT 10.0; Win64; x64) AppleWebKit/537.36 (KHTML, like Gecko) Chrome/149.0.0.0 Safari/537.36 Edg/149.0.0.0', '2026-06-22 05:07:40'),
	('019eef3a-ad3c-7306-8197-e3f50e32d297', '019ede24-caa3-7243-b800-c3eb6d954d53', 'ADMIN', 'HAPUS_DOKUMEN', 'Menghapus dokumen massal: HERWINTO SIREGAR', '019edf13-ee70-73d4-9393-90974a401c17', '127.0.0.1', 'Mozilla/5.0 (Windows NT 10.0; Win64; x64) AppleWebKit/537.36 (KHTML, like Gecko) Chrome/149.0.0.0 Safari/537.36 Edg/149.0.0.0', '2026-06-22 05:07:40'),
	('019eef3a-ad47-718c-8ec0-baf3f1855582', '019ede24-caa3-7243-b800-c3eb6d954d53', 'ADMIN', 'HAPUS_DOKUMEN', 'Menghapus dokumen massal: HERYANTO', '019edf13-ee8d-7205-a569-e8c9e21846e8', '127.0.0.1', 'Mozilla/5.0 (Windows NT 10.0; Win64; x64) AppleWebKit/537.36 (KHTML, like Gecko) Chrome/149.0.0.0 Safari/537.36 Edg/149.0.0.0', '2026-06-22 05:07:40'),
	('019eef3a-ad52-7327-8c02-0174e4ed6cad', '019ede24-caa3-7243-b800-c3eb6d954d53', 'ADMIN', 'HAPUS_DOKUMEN', 'Menghapus dokumen massal: IDHAM KHOLID', '019edf13-eea6-7025-8dbf-a12fb302d337', '127.0.0.1', 'Mozilla/5.0 (Windows NT 10.0; Win64; x64) AppleWebKit/537.36 (KHTML, like Gecko) Chrome/149.0.0.0 Safari/537.36 Edg/149.0.0.0', '2026-06-22 05:07:40'),
	('019eef3a-ad5c-710b-9b43-4bc2489b9e14', '019ede24-caa3-7243-b800-c3eb6d954d53', 'ADMIN', 'HAPUS_DOKUMEN', 'Menghapus dokumen massal: IHWAN SAHDI PULUNGAN', '019edf13-eeb7-729f-8017-2a0662fbfc94', '127.0.0.1', 'Mozilla/5.0 (Windows NT 10.0; Win64; x64) AppleWebKit/537.36 (KHTML, like Gecko) Chrome/149.0.0.0 Safari/537.36 Edg/149.0.0.0', '2026-06-22 05:07:40'),
	('019eef3a-ad67-7395-8058-d84bdb4f4edc', '019ede24-caa3-7243-b800-c3eb6d954d53', 'ADMIN', 'HAPUS_DOKUMEN', 'Menghapus dokumen massal: IRWAYADI', '019edf13-eedd-7335-bde7-4399ea7b97c4', '127.0.0.1', 'Mozilla/5.0 (Windows NT 10.0; Win64; x64) AppleWebKit/537.36 (KHTML, like Gecko) Chrome/149.0.0.0 Safari/537.36 Edg/149.0.0.0', '2026-06-22 05:07:40'),
	('019eef3a-ad71-70cd-aeb5-f425bed37cbd', '019ede24-caa3-7243-b800-c3eb6d954d53', 'ADMIN', 'HAPUS_DOKUMEN', 'Menghapus dokumen massal: JUMARI', '019edf13-ef3d-719e-9271-e2110f87245b', '127.0.0.1', 'Mozilla/5.0 (Windows NT 10.0; Win64; x64) AppleWebKit/537.36 (KHTML, like Gecko) Chrome/149.0.0.0 Safari/537.36 Edg/149.0.0.0', '2026-06-22 05:07:40'),
	('019eef3a-ad7c-7345-855e-64856892a2da', '019ede24-caa3-7243-b800-c3eb6d954d53', 'ADMIN', 'HAPUS_DOKUMEN', 'Menghapus dokumen massal: JUNAIDI', '019edf13-ef50-728a-ab4a-b518d0415f54', '127.0.0.1', 'Mozilla/5.0 (Windows NT 10.0; Win64; x64) AppleWebKit/537.36 (KHTML, like Gecko) Chrome/149.0.0.0 Safari/537.36 Edg/149.0.0.0', '2026-06-22 05:07:40'),
	('019eef3a-ad87-716e-b023-557818eea4cb', '019ede24-caa3-7243-b800-c3eb6d954d53', 'ADMIN', 'HAPUS_DOKUMEN', 'Menghapus dokumen massal: KIRAM', '019edf13-ef71-7371-86f6-2cf7c601c6dc', '127.0.0.1', 'Mozilla/5.0 (Windows NT 10.0; Win64; x64) AppleWebKit/537.36 (KHTML, like Gecko) Chrome/149.0.0.0 Safari/537.36 Edg/149.0.0.0', '2026-06-22 05:07:40'),
	('019eef3a-ad92-7279-81b9-9d747c9424a7', '019ede24-caa3-7243-b800-c3eb6d954d53', 'ADMIN', 'HAPUS_DOKUMEN', 'Menghapus dokumen massal: KRISTINA SITOMPUL', '019edf13-ef91-73df-b5ed-e120ad15845f', '127.0.0.1', 'Mozilla/5.0 (Windows NT 10.0; Win64; x64) AppleWebKit/537.36 (KHTML, like Gecko) Chrome/149.0.0.0 Safari/537.36 Edg/149.0.0.0', '2026-06-22 05:07:40'),
	('019eef3a-ad9b-7177-9d09-3f98206587ba', '019ede24-caa3-7243-b800-c3eb6d954d53', 'ADMIN', 'HAPUS_DOKUMEN', 'Menghapus dokumen massal: KUWADI', '019edf13-efa4-72c4-80fb-4d398ec383c0', '127.0.0.1', 'Mozilla/5.0 (Windows NT 10.0; Win64; x64) AppleWebKit/537.36 (KHTML, like Gecko) Chrome/149.0.0.0 Safari/537.36 Edg/149.0.0.0', '2026-06-22 05:07:40'),
	('019eef3a-ada5-7184-bfef-662d903d7b5b', '019ede24-caa3-7243-b800-c3eb6d954d53', 'ADMIN', 'HAPUS_DOKUMEN', 'Menghapus dokumen massal: M. AMIN TANJUNG', '019edf13-efb4-7009-b293-28a6d247cdda', '127.0.0.1', 'Mozilla/5.0 (Windows NT 10.0; Win64; x64) AppleWebKit/537.36 (KHTML, like Gecko) Chrome/149.0.0.0 Safari/537.36 Edg/149.0.0.0', '2026-06-22 05:07:40'),
	('019eef3a-adaf-72c7-b260-62c711035afb', '019ede24-caa3-7243-b800-c3eb6d954d53', 'ADMIN', 'HAPUS_DOKUMEN', 'Menghapus dokumen massal: M.I.A BUDIHARTO', '019edf13-efc5-7327-be9c-745041e43196', '127.0.0.1', 'Mozilla/5.0 (Windows NT 10.0; Win64; x64) AppleWebKit/537.36 (KHTML, like Gecko) Chrome/149.0.0.0 Safari/537.36 Edg/149.0.0.0', '2026-06-22 05:07:40'),
	('019eef3a-adb8-7333-a53f-c4013d8e3115', '019ede24-caa3-7243-b800-c3eb6d954d53', 'ADMIN', 'HAPUS_DOKUMEN', 'Menghapus dokumen massal: MAIMUNAH', '019edf13-efe7-72f7-9258-4c99f96b52c0', '127.0.0.1', 'Mozilla/5.0 (Windows NT 10.0; Win64; x64) AppleWebKit/537.36 (KHTML, like Gecko) Chrome/149.0.0.0 Safari/537.36 Edg/149.0.0.0', '2026-06-22 05:07:40'),
	('019eef3a-adc2-71a6-9bb7-4a45dff7b03c', '019ede24-caa3-7243-b800-c3eb6d954d53', 'ADMIN', 'HAPUS_DOKUMEN', 'Menghapus dokumen massal: MANGIDO BUTAR BUTAR', '019edf13-effb-735e-bcdb-b61cdb373bd1', '127.0.0.1', 'Mozilla/5.0 (Windows NT 10.0; Win64; x64) AppleWebKit/537.36 (KHTML, like Gecko) Chrome/149.0.0.0 Safari/537.36 Edg/149.0.0.0', '2026-06-22 05:07:40'),
	('019eef3a-adcc-7225-9b03-2cd76438fdef', '019ede24-caa3-7243-b800-c3eb6d954d53', 'ADMIN', 'HAPUS_DOKUMEN', 'Menghapus dokumen massal: MARLINAWATI SIREGAR', '019edf13-f012-717a-a716-7a43ff8ac878', '127.0.0.1', 'Mozilla/5.0 (Windows NT 10.0; Win64; x64) AppleWebKit/537.36 (KHTML, like Gecko) Chrome/149.0.0.0 Safari/537.36 Edg/149.0.0.0', '2026-06-22 05:07:40'),
	('019eef3a-add5-7119-a956-5449398137ac', '019ede24-caa3-7243-b800-c3eb6d954d53', 'ADMIN', 'HAPUS_DOKUMEN', 'Menghapus dokumen massal: MASRUDI', '019edf13-f020-715d-9179-a2781fff17ec', '127.0.0.1', 'Mozilla/5.0 (Windows NT 10.0; Win64; x64) AppleWebKit/537.36 (KHTML, like Gecko) Chrome/149.0.0.0 Safari/537.36 Edg/149.0.0.0', '2026-06-22 05:07:40'),
	('019eef3a-ade0-7135-bb80-d056304e8f05', '019ede24-caa3-7243-b800-c3eb6d954d53', 'ADMIN', 'HAPUS_DOKUMEN', 'Menghapus dokumen massal: MUHAMAD MAHPUDH', '019edf13-f048-725d-a98b-2bf0dfee29cd', '127.0.0.1', 'Mozilla/5.0 (Windows NT 10.0; Win64; x64) AppleWebKit/537.36 (KHTML, like Gecko) Chrome/149.0.0.0 Safari/537.36 Edg/149.0.0.0', '2026-06-22 05:07:40'),
	('019eef3a-ae37-721f-adcc-4f901c7b9dc3', '019ede24-caa3-7243-b800-c3eb6d954d53', 'ADMIN', 'HAPUS_DOKUMEN', 'Menghapus dokumen massal: MUHAMMAD YUSUF', '019edf13-f059-7173-b2cb-0ff78c1a6e2a', '127.0.0.1', 'Mozilla/5.0 (Windows NT 10.0; Win64; x64) AppleWebKit/537.36 (KHTML, like Gecko) Chrome/149.0.0.0 Safari/537.36 Edg/149.0.0.0', '2026-06-22 05:07:40'),
	('019eef3a-ae41-71ca-9dd7-aad63ed66dd1', '019ede24-caa3-7243-b800-c3eb6d954d53', 'ADMIN', 'HAPUS_DOKUMEN', 'Menghapus dokumen massal: MULYANTO', '019edf13-f07b-7263-b467-507fa70ba83a', '127.0.0.1', 'Mozilla/5.0 (Windows NT 10.0; Win64; x64) AppleWebKit/537.36 (KHTML, like Gecko) Chrome/149.0.0.0 Safari/537.36 Edg/149.0.0.0', '2026-06-22 05:07:40'),
	('019eef3a-ae4c-7107-84fa-acf746769c0d', '019ede24-caa3-7243-b800-c3eb6d954d53', 'ADMIN', 'HAPUS_DOKUMEN', 'Menghapus dokumen massal: MUSTARUDIN', '019edf13-f08e-72e1-b35b-bb249fcd017a', '127.0.0.1', 'Mozilla/5.0 (Windows NT 10.0; Win64; x64) AppleWebKit/537.36 (KHTML, like Gecko) Chrome/149.0.0.0 Safari/537.36 Edg/149.0.0.0', '2026-06-22 05:07:40'),
	('019eef3a-ae57-7002-81aa-dfd5d17b1ff3', '019ede24-caa3-7243-b800-c3eb6d954d53', 'ADMIN', 'HAPUS_DOKUMEN', 'Menghapus dokumen massal: NASAHOT DAHRI SIREGAR', '019edf13-f0b4-73eb-83aa-3571fa1e73fc', '127.0.0.1', 'Mozilla/5.0 (Windows NT 10.0; Win64; x64) AppleWebKit/537.36 (KHTML, like Gecko) Chrome/149.0.0.0 Safari/537.36 Edg/149.0.0.0', '2026-06-22 05:07:40'),
	('019eef3a-ae62-7014-a944-9801c6a6a4e2', '019ede24-caa3-7243-b800-c3eb6d954d53', 'ADMIN', 'HAPUS_DOKUMEN', 'Menghapus dokumen massal: NASAM SANSUARJO', '019edf13-f0cc-72e1-b2c3-b736c5f251e5', '127.0.0.1', 'Mozilla/5.0 (Windows NT 10.0; Win64; x64) AppleWebKit/537.36 (KHTML, like Gecko) Chrome/149.0.0.0 Safari/537.36 Edg/149.0.0.0', '2026-06-22 05:07:40'),
	('019eef3a-ae6d-72aa-8164-0a8752e98f46', '019ede24-caa3-7243-b800-c3eb6d954d53', 'ADMIN', 'HAPUS_DOKUMEN', 'Menghapus dokumen massal: NASIR RAMBE', '019edf13-f0e1-73c8-b866-298c3dc18966', '127.0.0.1', 'Mozilla/5.0 (Windows NT 10.0; Win64; x64) AppleWebKit/537.36 (KHTML, like Gecko) Chrome/149.0.0.0 Safari/537.36 Edg/149.0.0.0', '2026-06-22 05:07:40'),
	('019eef3a-ae77-73c6-834b-c962b4c25d30', '019ede24-caa3-7243-b800-c3eb6d954d53', 'ADMIN', 'HAPUS_DOKUMEN', 'Menghapus dokumen massal: NGATMIN', '019edf13-f105-71ce-a956-fa90b13d28e7', '127.0.0.1', 'Mozilla/5.0 (Windows NT 10.0; Win64; x64) AppleWebKit/537.36 (KHTML, like Gecko) Chrome/149.0.0.0 Safari/537.36 Edg/149.0.0.0', '2026-06-22 05:07:40'),
	('019eef3a-ae82-72c5-a57d-1ab5793d7418', '019ede24-caa3-7243-b800-c3eb6d954d53', 'ADMIN', 'HAPUS_DOKUMEN', 'Menghapus dokumen massal: NUDDIN SIAGIAN', '019edf13-f11f-71a7-bed8-6f24aadadaf8', '127.0.0.1', 'Mozilla/5.0 (Windows NT 10.0; Win64; x64) AppleWebKit/537.36 (KHTML, like Gecko) Chrome/149.0.0.0 Safari/537.36 Edg/149.0.0.0', '2026-06-22 05:07:40'),
	('019eef3a-ae8d-70e2-acb4-21a493a77e9d', '019ede24-caa3-7243-b800-c3eb6d954d53', 'ADMIN', 'HAPUS_DOKUMEN', 'Menghapus dokumen massal: NURDIANA DALIMUNTE', '019edf13-f145-7228-8987-51051855e8a7', '127.0.0.1', 'Mozilla/5.0 (Windows NT 10.0; Win64; x64) AppleWebKit/537.36 (KHTML, like Gecko) Chrome/149.0.0.0 Safari/537.36 Edg/149.0.0.0', '2026-06-22 05:07:40'),
	('019eef3a-ae9a-7343-a4c8-4fe72b30c5f8', '019ede24-caa3-7243-b800-c3eb6d954d53', 'ADMIN', 'HAPUS_DOKUMEN', 'Menghapus dokumen massal: PRIYADI GINTING', '019edf13-f1c5-7235-b506-648ca00cf23f', '127.0.0.1', 'Mozilla/5.0 (Windows NT 10.0; Win64; x64) AppleWebKit/537.36 (KHTML, like Gecko) Chrome/149.0.0.0 Safari/537.36 Edg/149.0.0.0', '2026-06-22 05:07:40'),
	('019eef3a-aea4-728d-bd34-ba0d2b56ff27', '019ede24-caa3-7243-b800-c3eb6d954d53', 'ADMIN', 'HAPUS_DOKUMEN', 'Menghapus dokumen massal: PURIDA SINAMBELA', '019edf13-f1d5-7053-85a7-9670d129cff7', '127.0.0.1', 'Mozilla/5.0 (Windows NT 10.0; Win64; x64) AppleWebKit/537.36 (KHTML, like Gecko) Chrome/149.0.0.0 Safari/537.36 Edg/149.0.0.0', '2026-06-22 05:07:40'),
	('019eef3a-aead-72c4-9359-3dc7c6023a1f', '019ede24-caa3-7243-b800-c3eb6d954d53', 'ADMIN', 'HAPUS_DOKUMEN', 'Menghapus dokumen massal: RISWAN', '019edf13-f234-7395-97ec-136a17c33b14', '127.0.0.1', 'Mozilla/5.0 (Windows NT 10.0; Win64; x64) AppleWebKit/537.36 (KHTML, like Gecko) Chrome/149.0.0.0 Safari/537.36 Edg/149.0.0.0', '2026-06-22 05:07:40'),
	('019eef3a-aeb8-7305-9692-85594e518811', '019ede24-caa3-7243-b800-c3eb6d954d53', 'ADMIN', 'HAPUS_DOKUMEN', 'Menghapus dokumen massal: RITAYANI', '019edf13-f24a-7174-bdb2-be33928d4446', '127.0.0.1', 'Mozilla/5.0 (Windows NT 10.0; Win64; x64) AppleWebKit/537.36 (KHTML, like Gecko) Chrome/149.0.0.0 Safari/537.36 Edg/149.0.0.0', '2026-06-22 05:07:40'),
	('019eef3a-aec1-737b-b4a9-b775ca79d8f1', '019ede24-caa3-7243-b800-c3eb6d954d53', 'ADMIN', 'HAPUS_DOKUMEN', 'Menghapus dokumen massal: ROESMANTO', '019edf13-f25b-72d4-9a25-1b242e2b87f7', '127.0.0.1', 'Mozilla/5.0 (Windows NT 10.0; Win64; x64) AppleWebKit/537.36 (KHTML, like Gecko) Chrome/149.0.0.0 Safari/537.36 Edg/149.0.0.0', '2026-06-22 05:07:40'),
	('019eef3a-aecb-72c5-82ea-fb0fd97f59f6', '019ede24-caa3-7243-b800-c3eb6d954d53', 'ADMIN', 'HAPUS_DOKUMEN', 'Menghapus dokumen massal: ROSMAWATI BR. LUMBAN TORUAN JD JANNUR NAINGGOLAN', '019edf13-f287-706f-881e-ebc0c15ccc56', '127.0.0.1', 'Mozilla/5.0 (Windows NT 10.0; Win64; x64) AppleWebKit/537.36 (KHTML, like Gecko) Chrome/149.0.0.0 Safari/537.36 Edg/149.0.0.0', '2026-06-22 05:07:41'),
	('019eef3a-aed6-713a-8e7f-59a089bc91de', '019ede24-caa3-7243-b800-c3eb6d954d53', 'ADMIN', 'HAPUS_DOKUMEN', 'Menghapus dokumen massal: SAAN OJAHAN SITUMORANG', '019edf13-f2b0-7379-bc58-287694a38321', '127.0.0.1', 'Mozilla/5.0 (Windows NT 10.0; Win64; x64) AppleWebKit/537.36 (KHTML, like Gecko) Chrome/149.0.0.0 Safari/537.36 Edg/149.0.0.0', '2026-06-22 05:07:41'),
	('019eef3a-aee0-72dc-86c9-5871f94bcbda', '019ede24-caa3-7243-b800-c3eb6d954d53', 'ADMIN', 'HAPUS_DOKUMEN', 'Menghapus dokumen massal: SAHBUDIN S', '019edf13-f2da-70b0-8a80-fe4747140e4d', '127.0.0.1', 'Mozilla/5.0 (Windows NT 10.0; Win64; x64) AppleWebKit/537.36 (KHTML, like Gecko) Chrome/149.0.0.0 Safari/537.36 Edg/149.0.0.0', '2026-06-22 05:07:41'),
	('019eef3a-aeea-708f-8cee-3180d0a0dc7c', '019ede24-caa3-7243-b800-c3eb6d954d53', 'ADMIN', 'HAPUS_DOKUMEN', 'Menghapus dokumen massal: SATIA PARYANTI MANURUNG', '019edf13-f31c-7377-8e65-8364428779e2', '127.0.0.1', 'Mozilla/5.0 (Windows NT 10.0; Win64; x64) AppleWebKit/537.36 (KHTML, like Gecko) Chrome/149.0.0.0 Safari/537.36 Edg/149.0.0.0', '2026-06-22 05:07:41'),
	('019eef3a-aef5-71cf-bade-b0b70c68262d', '019ede24-caa3-7243-b800-c3eb6d954d53', 'ADMIN', 'HAPUS_DOKUMEN', 'Menghapus dokumen massal: SOFIANTO', '019edf13-f33f-71b0-a8b5-145cca162267', '127.0.0.1', 'Mozilla/5.0 (Windows NT 10.0; Win64; x64) AppleWebKit/537.36 (KHTML, like Gecko) Chrome/149.0.0.0 Safari/537.36 Edg/149.0.0.0', '2026-06-22 05:07:41'),
	('019eef3a-aeff-73ac-938f-90ef3ef9a864', '019ede24-caa3-7243-b800-c3eb6d954d53', 'ADMIN', 'HAPUS_DOKUMEN', 'Menghapus dokumen massal: SUDIAMAN NAINGGOLAN', '019edf13-f361-7351-b5d3-acdbd54589c9', '127.0.0.1', 'Mozilla/5.0 (Windows NT 10.0; Win64; x64) AppleWebKit/537.36 (KHTML, like Gecko) Chrome/149.0.0.0 Safari/537.36 Edg/149.0.0.0', '2026-06-22 05:07:41'),
	('019eef3a-af08-73aa-9b79-76d2d28dba89', '019ede24-caa3-7243-b800-c3eb6d954d53', 'ADMIN', 'HAPUS_DOKUMEN', 'Menghapus dokumen massal: SUJIMAN FAJRIN', '019edf13-f3a7-72ed-bb85-3727e4166c02', '127.0.0.1', 'Mozilla/5.0 (Windows NT 10.0; Win64; x64) AppleWebKit/537.36 (KHTML, like Gecko) Chrome/149.0.0.0 Safari/537.36 Edg/149.0.0.0', '2026-06-22 05:07:41'),
	('019eef3a-af13-735a-a5f6-61d8906f1bf9', '019ede24-caa3-7243-b800-c3eb6d954d53', 'ADMIN', 'HAPUS_DOKUMEN', 'Menghapus dokumen massal: SUKARDIMAN', '019edf13-f3c6-7362-8430-eaf9fdc160a3', '127.0.0.1', 'Mozilla/5.0 (Windows NT 10.0; Win64; x64) AppleWebKit/537.36 (KHTML, like Gecko) Chrome/149.0.0.0 Safari/537.36 Edg/149.0.0.0', '2026-06-22 05:07:41'),
	('019eef3a-af1e-70e8-b261-07747e657816', '019ede24-caa3-7243-b800-c3eb6d954d53', 'ADMIN', 'HAPUS_DOKUMEN', 'Menghapus dokumen massal: SUKEMI', '019edf13-f3d6-7010-a073-5eb4f0b0c873', '127.0.0.1', 'Mozilla/5.0 (Windows NT 10.0; Win64; x64) AppleWebKit/537.36 (KHTML, like Gecko) Chrome/149.0.0.0 Safari/537.36 Edg/149.0.0.0', '2026-06-22 05:07:41'),
	('019eef3a-af29-7396-80e0-9717d04c12b0', '019ede24-caa3-7243-b800-c3eb6d954d53', 'ADMIN', 'HAPUS_DOKUMEN', 'Menghapus dokumen massal: SUKIJO', '019edf13-f3e7-737c-8883-121eddb19004', '127.0.0.1', 'Mozilla/5.0 (Windows NT 10.0; Win64; x64) AppleWebKit/537.36 (KHTML, like Gecko) Chrome/149.0.0.0 Safari/537.36 Edg/149.0.0.0', '2026-06-22 05:07:41'),
	('019eef3a-af3c-70c9-8701-4f5e7e52dcf9', '019ede24-caa3-7243-b800-c3eb6d954d53', 'ADMIN', 'HAPUS_DOKUMEN', 'Menghapus dokumen massal: SULIYEM', '019edf13-f3f5-71b6-a85a-590ed4c3f6c5', '127.0.0.1', 'Mozilla/5.0 (Windows NT 10.0; Win64; x64) AppleWebKit/537.36 (KHTML, like Gecko) Chrome/149.0.0.0 Safari/537.36 Edg/149.0.0.0', '2026-06-22 05:07:41'),
	('019eef3a-af49-71f3-ad97-462b748097c2', '019ede24-caa3-7243-b800-c3eb6d954d53', 'ADMIN', 'HAPUS_DOKUMEN', 'Menghapus dokumen massal: SUMARDI', '019edf13-f404-72e9-ac10-495c946210e6', '127.0.0.1', 'Mozilla/5.0 (Windows NT 10.0; Win64; x64) AppleWebKit/537.36 (KHTML, like Gecko) Chrome/149.0.0.0 Safari/537.36 Edg/149.0.0.0', '2026-06-22 05:07:41'),
	('019eef3a-af58-730d-a533-e8b811415ac0', '019ede24-caa3-7243-b800-c3eb6d954d53', 'ADMIN', 'HAPUS_DOKUMEN', 'Menghapus dokumen massal: SUNARDI', '019edf13-f414-7348-8ad9-8898adb9c6ce', '127.0.0.1', 'Mozilla/5.0 (Windows NT 10.0; Win64; x64) AppleWebKit/537.36 (KHTML, like Gecko) Chrome/149.0.0.0 Safari/537.36 Edg/149.0.0.0', '2026-06-22 05:07:41'),
	('019eef3a-af61-73c7-8b7a-34b6461d6031', '019ede24-caa3-7243-b800-c3eb6d954d53', 'ADMIN', 'HAPUS_DOKUMEN', 'Menghapus dokumen massal: SUNARDI', '019edf13-f424-7172-85f3-c5c71cdc9158', '127.0.0.1', 'Mozilla/5.0 (Windows NT 10.0; Win64; x64) AppleWebKit/537.36 (KHTML, like Gecko) Chrome/149.0.0.0 Safari/537.36 Edg/149.0.0.0', '2026-06-22 05:07:41'),
	('019eef3a-af6c-7362-ac39-d49ac8ffede9', '019ede24-caa3-7243-b800-c3eb6d954d53', 'ADMIN', 'HAPUS_DOKUMEN', 'Menghapus dokumen massal: SURYANTO', '019edf13-f455-7284-b672-05d0e1355bd7', '127.0.0.1', 'Mozilla/5.0 (Windows NT 10.0; Win64; x64) AppleWebKit/537.36 (KHTML, like Gecko) Chrome/149.0.0.0 Safari/537.36 Edg/149.0.0.0', '2026-06-22 05:07:41'),
	('019eef3a-af76-7181-b448-2debdd70487b', '019ede24-caa3-7243-b800-c3eb6d954d53', 'ADMIN', 'HAPUS_DOKUMEN', 'Menghapus dokumen massal: SYABARUDIN', '019edf13-f493-7198-9798-c328f6ecbc6b', '127.0.0.1', 'Mozilla/5.0 (Windows NT 10.0; Win64; x64) AppleWebKit/537.36 (KHTML, like Gecko) Chrome/149.0.0.0 Safari/537.36 Edg/149.0.0.0', '2026-06-22 05:07:41'),
	('019eef3a-af80-7350-bd5e-63325fd35d15', '019ede24-caa3-7243-b800-c3eb6d954d53', 'ADMIN', 'HAPUS_DOKUMEN', 'Menghapus dokumen massal: SYAIDEL AYANI', '019edf13-f4b8-7215-ba73-7a0052d6dfb0', '127.0.0.1', 'Mozilla/5.0 (Windows NT 10.0; Win64; x64) AppleWebKit/537.36 (KHTML, like Gecko) Chrome/149.0.0.0 Safari/537.36 Edg/149.0.0.0', '2026-06-22 05:07:41'),
	('019eef3a-af8a-7323-af51-d21014b0c923', '019ede24-caa3-7243-b800-c3eb6d954d53', 'ADMIN', 'HAPUS_DOKUMEN', 'Menghapus dokumen massal: SYAIFUL BAKHRI', '019edf13-f4c6-71da-bfcb-61e40d7814fb', '127.0.0.1', 'Mozilla/5.0 (Windows NT 10.0; Win64; x64) AppleWebKit/537.36 (KHTML, like Gecko) Chrome/149.0.0.0 Safari/537.36 Edg/149.0.0.0', '2026-06-22 05:07:41'),
	('019eef3a-af94-706d-83bc-9fe1c6d9945e', '019ede24-caa3-7243-b800-c3eb6d954d53', 'ADMIN', 'HAPUS_DOKUMEN', 'Menghapus dokumen massal: TEGUH', '019edf13-f501-7025-981c-1b3ec8c18d5b', '127.0.0.1', 'Mozilla/5.0 (Windows NT 10.0; Win64; x64) AppleWebKit/537.36 (KHTML, like Gecko) Chrome/149.0.0.0 Safari/537.36 Edg/149.0.0.0', '2026-06-22 05:07:41'),
	('019eef3a-af9e-7041-8cc7-422f410bd441', '019ede24-caa3-7243-b800-c3eb6d954d53', 'ADMIN', 'HAPUS_DOKUMEN', 'Menghapus dokumen massal: TUGIAR NASUTION', '019edf13-f511-71d1-bf0a-1383b4fa8afe', '127.0.0.1', 'Mozilla/5.0 (Windows NT 10.0; Win64; x64) AppleWebKit/537.36 (KHTML, like Gecko) Chrome/149.0.0.0 Safari/537.36 Edg/149.0.0.0', '2026-06-22 05:07:41'),
	('019eef3a-afa7-724a-929d-29ad398ce7a5', '019ede24-caa3-7243-b800-c3eb6d954d53', 'ADMIN', 'HAPUS_DOKUMEN', 'Menghapus dokumen massal: YULI HEPI', '019edf13-f52f-70f4-a4b8-68fce85e256f', '127.0.0.1', 'Mozilla/5.0 (Windows NT 10.0; Win64; x64) AppleWebKit/537.36 (KHTML, like Gecko) Chrome/149.0.0.0 Safari/537.36 Edg/149.0.0.0', '2026-06-22 05:07:41'),
	('019eef3a-afb1-72a5-b33e-e22ad7227873', '019ede24-caa3-7243-b800-c3eb6d954d53', 'ADMIN', 'HAPUS_DOKUMEN', 'Menghapus dokumen massal: YUSTIN LUBIS', '019edf13-f53e-727e-817c-264e220e03b8', '127.0.0.1', 'Mozilla/5.0 (Windows NT 10.0; Win64; x64) AppleWebKit/537.36 (KHTML, like Gecko) Chrome/149.0.0.0 Safari/537.36 Edg/149.0.0.0', '2026-06-22 05:07:41'),
	('019eef3a-afbb-7169-a0f0-5563f2999c27', '019ede24-caa3-7243-b800-c3eb6d954d53', 'ADMIN', 'HAPUS_DOKUMEN', 'Menghapus dokumen massal: ZAIN AFIS', '019edf13-f54c-7249-a14e-46800180e5ad', '127.0.0.1', 'Mozilla/5.0 (Windows NT 10.0; Win64; x64) AppleWebKit/537.36 (KHTML, like Gecko) Chrome/149.0.0.0 Safari/537.36 Edg/149.0.0.0', '2026-06-22 05:07:41'),
	('019eef3a-afc5-72ee-85a8-fe2df62e70e0', '019ede24-caa3-7243-b800-c3eb6d954d53', 'ADMIN', 'HAPUS_DOKUMEN', 'Menghapus dokumen massal: ZULFRIDA LUBIS', '019edf13-f569-70b3-a0e4-08d279641eb0', '127.0.0.1', 'Mozilla/5.0 (Windows NT 10.0; Win64; x64) AppleWebKit/537.36 (KHTML, like Gecko) Chrome/149.0.0.0 Safari/537.36 Edg/149.0.0.0', '2026-06-22 05:07:41'),
	('019eef3a-afce-7189-8e6d-3c7c87f21842', '019ede24-caa3-7243-b800-c3eb6d954d53', 'ADMIN', 'HAPUS_DOKUMEN', 'Menghapus dokumen massal: BANGUN LUBIS', '019edf17-4bff-72be-86cb-89fdae5ac24b', '127.0.0.1', 'Mozilla/5.0 (Windows NT 10.0; Win64; x64) AppleWebKit/537.36 (KHTML, like Gecko) Chrome/149.0.0.0 Safari/537.36 Edg/149.0.0.0', '2026-06-22 05:07:41'),
	('019eef3a-afd8-7243-badb-d4f826c11d8d', '019ede24-caa3-7243-b800-c3eb6d954d53', 'ADMIN', 'HAPUS_DOKUMEN', 'Menghapus dokumen massal: BOIMIN', '019edf17-4c3c-7057-8de1-91280f95409b', '127.0.0.1', 'Mozilla/5.0 (Windows NT 10.0; Win64; x64) AppleWebKit/537.36 (KHTML, like Gecko) Chrome/149.0.0.0 Safari/537.36 Edg/149.0.0.0', '2026-06-22 05:07:41'),
	('019eef3a-afe4-712a-aa60-7c6ed27e836b', '019ede24-caa3-7243-b800-c3eb6d954d53', 'ADMIN', 'HAPUS_DOKUMEN', 'Menghapus dokumen massal: DAEP SOLEH SAEPUDIN', '019edf17-4c4d-7243-8229-c003a646bede', '127.0.0.1', 'Mozilla/5.0 (Windows NT 10.0; Win64; x64) AppleWebKit/537.36 (KHTML, like Gecko) Chrome/149.0.0.0 Safari/537.36 Edg/149.0.0.0', '2026-06-22 05:07:41'),
	('019eef3a-afed-7155-b888-8253e7da1e94', '019ede24-caa3-7243-b800-c3eb6d954d53', 'ADMIN', 'HAPUS_DOKUMEN', 'Menghapus dokumen massal: FIRMANSYAH', '019edf17-4c83-7376-b413-521e6ba7c384', '127.0.0.1', 'Mozilla/5.0 (Windows NT 10.0; Win64; x64) AppleWebKit/537.36 (KHTML, like Gecko) Chrome/149.0.0.0 Safari/537.36 Edg/149.0.0.0', '2026-06-22 05:07:41'),
	('019eef3a-aff7-72d1-b659-8f88b13f842e', '019ede24-caa3-7243-b800-c3eb6d954d53', 'ADMIN', 'HAPUS_DOKUMEN', 'Menghapus dokumen massal: ISNAINI', '019edf17-4cc4-70bf-a453-84e409071a87', '127.0.0.1', 'Mozilla/5.0 (Windows NT 10.0; Win64; x64) AppleWebKit/537.36 (KHTML, like Gecko) Chrome/149.0.0.0 Safari/537.36 Edg/149.0.0.0', '2026-06-22 05:07:41'),
	('019eef3a-b002-7120-a1b7-ad6be422e9dd', '019ede24-caa3-7243-b800-c3eb6d954d53', 'ADMIN', 'HAPUS_DOKUMEN', 'Menghapus dokumen massal: JAMHURI', '019edf17-4cdf-70c7-ade7-62a204d29a06', '127.0.0.1', 'Mozilla/5.0 (Windows NT 10.0; Win64; x64) AppleWebKit/537.36 (KHTML, like Gecko) Chrome/149.0.0.0 Safari/537.36 Edg/149.0.0.0', '2026-06-22 05:07:41'),
	('019eef3a-b00c-7319-87c9-20534bf0656a', '019ede24-caa3-7243-b800-c3eb6d954d53', 'ADMIN', 'HAPUS_DOKUMEN', 'Menghapus dokumen massal: MALGUYENTI', '019edf17-4d1d-710d-8108-e9ac5ac1a7ac', '127.0.0.1', 'Mozilla/5.0 (Windows NT 10.0; Win64; x64) AppleWebKit/537.36 (KHTML, like Gecko) Chrome/149.0.0.0 Safari/537.36 Edg/149.0.0.0', '2026-06-22 05:07:41'),
	('019eef3a-b015-7249-9291-194cbde82f26', '019ede24-caa3-7243-b800-c3eb6d954d53', 'ADMIN', 'HAPUS_DOKUMEN', 'Menghapus dokumen massal: MANGANTAR PANGGABEAN', '019edf17-4d35-739d-9cb7-c2893c1cf1d1', '127.0.0.1', 'Mozilla/5.0 (Windows NT 10.0; Win64; x64) AppleWebKit/537.36 (KHTML, like Gecko) Chrome/149.0.0.0 Safari/537.36 Edg/149.0.0.0', '2026-06-22 05:07:41'),
	('019eef3a-b020-7315-9dd0-bdaf0fa01219', '019ede24-caa3-7243-b800-c3eb6d954d53', 'ADMIN', 'HAPUS_DOKUMEN', 'Menghapus dokumen massal: MHD. SUGIRINOTO', '019edf17-4d72-701e-a424-6204addf3e31', '127.0.0.1', 'Mozilla/5.0 (Windows NT 10.0; Win64; x64) AppleWebKit/537.36 (KHTML, like Gecko) Chrome/149.0.0.0 Safari/537.36 Edg/149.0.0.0', '2026-06-22 05:07:41'),
	('019eef3a-b02a-716b-9f11-51fffafd9131', '019ede24-caa3-7243-b800-c3eb6d954d53', 'ADMIN', 'HAPUS_DOKUMEN', 'Menghapus dokumen massal: PAUZI', '019edf17-4db8-7137-b505-b49dfa3ee479', '127.0.0.1', 'Mozilla/5.0 (Windows NT 10.0; Win64; x64) AppleWebKit/537.36 (KHTML, like Gecko) Chrome/149.0.0.0 Safari/537.36 Edg/149.0.0.0', '2026-06-22 05:07:41'),
	('019eef3a-b034-7145-a9f6-0243708659a6', '019ede24-caa3-7243-b800-c3eb6d954d53', 'ADMIN', 'HAPUS_DOKUMEN', 'Menghapus dokumen massal: SUHAIDI', '019edf17-4e4a-7161-ad02-87895ff61893', '127.0.0.1', 'Mozilla/5.0 (Windows NT 10.0; Win64; x64) AppleWebKit/537.36 (KHTML, like Gecko) Chrome/149.0.0.0 Safari/537.36 Edg/149.0.0.0', '2026-06-22 05:07:41'),
	('019eef3a-b03d-7240-b594-5fd81b92ff06', '019ede24-caa3-7243-b800-c3eb6d954d53', 'ADMIN', 'HAPUS_DOKUMEN', 'Menghapus dokumen massal: SUKIJO', '019edf17-4e5e-7151-8d4a-ad0ce90356bb', '127.0.0.1', 'Mozilla/5.0 (Windows NT 10.0; Win64; x64) AppleWebKit/537.36 (KHTML, like Gecko) Chrome/149.0.0.0 Safari/537.36 Edg/149.0.0.0', '2026-06-22 05:07:41'),
	('019eef3a-b048-71fc-9094-18d92a1ed231', '019ede24-caa3-7243-b800-c3eb6d954d53', 'ADMIN', 'HAPUS_DOKUMEN', 'Menghapus dokumen massal: TORASLAN SITINJAK', '019edf17-4ef8-7289-bea6-4195b5e30f69', '127.0.0.1', 'Mozilla/5.0 (Windows NT 10.0; Win64; x64) AppleWebKit/537.36 (KHTML, like Gecko) Chrome/149.0.0.0 Safari/537.36 Edg/149.0.0.0', '2026-06-22 05:07:41'),
	('019eef3a-b053-714c-ac4d-69cf71dd3108', '019ede24-caa3-7243-b800-c3eb6d954d53', 'ADMIN', 'HAPUS_DOKUMEN', 'Menghapus dokumen massal: U.EKO PAMUJIANTO', '019edf17-4f1d-72db-a1f2-f4a22dfd7286', '127.0.0.1', 'Mozilla/5.0 (Windows NT 10.0; Win64; x64) AppleWebKit/537.36 (KHTML, like Gecko) Chrome/149.0.0.0 Safari/537.36 Edg/149.0.0.0', '2026-06-22 05:07:41'),
	('019eef56-e6e4-7171-914e-ed967cdae8c8', '019ede24-caa3-7243-b800-c3eb6d954d53', 'ADMIN', 'LOGIN_BERHASIL', 'User berhasil login ke sistem', NULL, '127.0.0.1', 'Mozilla/5.0 (Windows NT 10.0; Win64; x64) AppleWebKit/537.36 (KHTML, like Gecko) Chrome/149.0.0.0 Safari/537.36 Edg/149.0.0.0', '2026-06-22 05:38:30'),
	('019eef57-6294-723e-b8e2-7274b7d85304', '019ede24-caa3-7243-b800-c3eb6d954d53', 'ADMIN', 'RESTORE_DOKUMEN', 'Restore: U.EKO PAMUJIANTO', '019edf17-4f1d-72db-a1f2-f4a22dfd7286', '127.0.0.1', 'Mozilla/5.0 (Windows NT 10.0; Win64; x64) AppleWebKit/537.36 (KHTML, like Gecko) Chrome/149.0.0.0 Safari/537.36 Edg/149.0.0.0', '2026-06-22 05:39:02'),
	('019eef57-699c-704a-a6dd-937cf50aafef', '019ede24-caa3-7243-b800-c3eb6d954d53', 'ADMIN', 'RESTORE_DOKUMEN', 'Restore: TORASLAN SITINJAK', '019edf17-4ef8-7289-bea6-4195b5e30f69', '127.0.0.1', 'Mozilla/5.0 (Windows NT 10.0; Win64; x64) AppleWebKit/537.36 (KHTML, like Gecko) Chrome/149.0.0.0 Safari/537.36 Edg/149.0.0.0', '2026-06-22 05:39:03'),
	('019eef57-6df1-71cc-bfc5-58b9bdda69d3', '019ede24-caa3-7243-b800-c3eb6d954d53', 'ADMIN', 'RESTORE_DOKUMEN', 'Restore: SUKIJO', '019edf17-4e5e-7151-8d4a-ad0ce90356bb', '127.0.0.1', 'Mozilla/5.0 (Windows NT 10.0; Win64; x64) AppleWebKit/537.36 (KHTML, like Gecko) Chrome/149.0.0.0 Safari/537.36 Edg/149.0.0.0', '2026-06-22 05:39:04'),
	('019eef57-7230-729a-9da2-8d686febe146', '019ede24-caa3-7243-b800-c3eb6d954d53', 'ADMIN', 'RESTORE_DOKUMEN', 'Restore: SUHAIDI', '019edf17-4e4a-7161-ad02-87895ff61893', '127.0.0.1', 'Mozilla/5.0 (Windows NT 10.0; Win64; x64) AppleWebKit/537.36 (KHTML, like Gecko) Chrome/149.0.0.0 Safari/537.36 Edg/149.0.0.0', '2026-06-22 05:39:06'),
	('019eef57-75e6-718e-9189-6eb88c8d866a', '019ede24-caa3-7243-b800-c3eb6d954d53', 'ADMIN', 'RESTORE_DOKUMEN', 'Restore: PAUZI', '019edf17-4db8-7137-b505-b49dfa3ee479', '127.0.0.1', 'Mozilla/5.0 (Windows NT 10.0; Win64; x64) AppleWebKit/537.36 (KHTML, like Gecko) Chrome/149.0.0.0 Safari/537.36 Edg/149.0.0.0', '2026-06-22 05:39:06'),
	('019eef57-79dc-7337-b6b4-65f20e90881f', '019ede24-caa3-7243-b800-c3eb6d954d53', 'ADMIN', 'RESTORE_DOKUMEN', 'Restore: MHD. SUGIRINOTO', '019edf17-4d72-701e-a424-6204addf3e31', '127.0.0.1', 'Mozilla/5.0 (Windows NT 10.0; Win64; x64) AppleWebKit/537.36 (KHTML, like Gecko) Chrome/149.0.0.0 Safari/537.36 Edg/149.0.0.0', '2026-06-22 05:39:07'),
	('019eef57-7dcc-731c-9e79-6b7af6faa6df', '019ede24-caa3-7243-b800-c3eb6d954d53', 'ADMIN', 'RESTORE_DOKUMEN', 'Restore: MANGANTAR PANGGABEAN', '019edf17-4d35-739d-9cb7-c2893c1cf1d1', '127.0.0.1', 'Mozilla/5.0 (Windows NT 10.0; Win64; x64) AppleWebKit/537.36 (KHTML, like Gecko) Chrome/149.0.0.0 Safari/537.36 Edg/149.0.0.0', '2026-06-22 05:39:09'),
	('019eef57-81a6-7251-9804-b5a093fd7a71', '019ede24-caa3-7243-b800-c3eb6d954d53', 'ADMIN', 'RESTORE_DOKUMEN', 'Restore: MALGUYENTI', '019edf17-4d1d-710d-8108-e9ac5ac1a7ac', '127.0.0.1', 'Mozilla/5.0 (Windows NT 10.0; Win64; x64) AppleWebKit/537.36 (KHTML, like Gecko) Chrome/149.0.0.0 Safari/537.36 Edg/149.0.0.0', '2026-06-22 05:39:09'),
	('019eef57-8583-70b2-877a-1655f3b60b8c', '019ede24-caa3-7243-b800-c3eb6d954d53', 'ADMIN', 'RESTORE_DOKUMEN', 'Restore: JAMHURI', '019edf17-4cdf-70c7-ade7-62a204d29a06', '127.0.0.1', 'Mozilla/5.0 (Windows NT 10.0; Win64; x64) AppleWebKit/537.36 (KHTML, like Gecko) Chrome/149.0.0.0 Safari/537.36 Edg/149.0.0.0', '2026-06-22 05:39:10'),
	('019eef57-8a12-7397-a341-f29461cd38a3', '019ede24-caa3-7243-b800-c3eb6d954d53', 'ADMIN', 'RESTORE_DOKUMEN', 'Restore: ISNAINI', '019edf17-4cc4-70bf-a453-84e409071a87', '127.0.0.1', 'Mozilla/5.0 (Windows NT 10.0; Win64; x64) AppleWebKit/537.36 (KHTML, like Gecko) Chrome/149.0.0.0 Safari/537.36 Edg/149.0.0.0', '2026-06-22 05:39:12'),
	('019ef28b-ec37-7097-b6aa-10af2b5491ee', '019ede24-caa3-7243-b800-c3eb6d954d53', 'ADMIN', 'LOGIN_BERHASIL', 'User berhasil login ke sistem', NULL, '127.0.0.1', 'Mozilla/5.0 (Windows NT 10.0; Win64; x64) AppleWebKit/537.36 (KHTML, like Gecko) Chrome/149.0.0.0 Safari/537.36 Edg/149.0.0.0', '2026-06-22 20:35:15'),
	('019ef28d-68cf-723c-b3c6-57aa2bbd7e29', '019ede24-caa3-7243-b800-c3eb6d954d53', 'ADMIN', 'HAPUS_DOKUMEN', 'Menghapus dokumen: TORASLAN SITINJAK', '019edf17-4ef8-7289-bea6-4195b5e30f69', '127.0.0.1', 'Mozilla/5.0 (Windows NT 10.0; Win64; x64) AppleWebKit/537.36 (KHTML, like Gecko) Chrome/149.0.0.0 Safari/537.36 Edg/149.0.0.0', '2026-06-22 20:36:54'),
	('019ef28d-eec2-734d-b41b-50572c107d69', '019ede24-caa3-7243-b800-c3eb6d954d53', 'ADMIN', 'EXPORT_PDF', 'Export laporan dokumen ke PDF (Periode: semua)', NULL, '127.0.0.1', 'Mozilla/5.0 (Windows NT 10.0; Win64; x64) AppleWebKit/537.36 (KHTML, like Gecko) Chrome/149.0.0.0 Safari/537.36 Edg/149.0.0.0', '2026-06-22 20:37:28'),
	('019ef28e-0b8d-7267-b869-a669e335ba54', '019ede24-caa3-7243-b800-c3eb6d954d53', 'ADMIN', 'CETAK_PDF', 'Mencetak laporan dokumen (Periode: semua)', NULL, '127.0.0.1', 'Mozilla/5.0 (Windows NT 10.0; Win64; x64) AppleWebKit/537.36 (KHTML, like Gecko) Chrome/149.0.0.0 Safari/537.36 Edg/149.0.0.0', '2026-06-22 20:37:35'),
	('019ef2c9-c531-73c9-8fcb-cfa958f03721', '019ede24-caa3-7243-b800-c3eb6d954d53', 'ADMIN', 'LOGIN_BERHASIL', 'User berhasil login ke sistem', NULL, '127.0.0.1', 'Mozilla/5.0 (Windows NT 10.0; Win64; x64) AppleWebKit/537.36 (KHTML, like Gecko) Chrome/149.0.0.0 Safari/537.36 Edg/149.0.0.0', '2026-06-22 21:42:50'),
	('019ef2ca-870a-7222-a83a-76402224fd1b', '019ede24-cb74-73b7-85ee-ba849d9f5f21', 'STAFF', 'LOGIN_BERHASIL', 'User berhasil login ke sistem', NULL, '127.0.0.1', 'Mozilla/5.0 (Windows NT 10.0; Win64; x64) AppleWebKit/537.36 (KHTML, like Gecko) Chrome/149.0.0.0 Safari/537.36 Edg/149.0.0.0', '2026-06-22 21:43:39'),
	('019ef2cb-6741-7025-a29d-0cbbaf7a95c5', '019ede24-caa3-7243-b800-c3eb6d954d53', 'ADMIN', 'LOGIN_BERHASIL', 'User berhasil login ke sistem', NULL, '127.0.0.1', 'Mozilla/5.0 (Windows NT 10.0; Win64; x64) AppleWebKit/537.36 (KHTML, like Gecko) Chrome/149.0.0.0 Safari/537.36 Edg/149.0.0.0', '2026-06-22 21:44:37'),
	('019ef2d8-11b5-7198-b9ee-2875d651a247', '019ede24-caa3-7243-b800-c3eb6d954d53', 'ADMIN', 'LOGIN_BERHASIL', 'User berhasil login ke sistem', NULL, '127.0.0.1', 'Mozilla/5.0 (Windows NT 10.0; Win64; x64) AppleWebKit/537.36 (KHTML, like Gecko) Chrome/149.0.0.0 Safari/537.36', '2026-06-22 21:58:26');

-- Dumping structure for table sipsr.cache
DROP TABLE IF EXISTS `cache`;
CREATE TABLE IF NOT EXISTS `cache` (
  `key` varchar(255) COLLATE utf8mb4_unicode_ci NOT NULL,
  `value` mediumtext COLLATE utf8mb4_unicode_ci NOT NULL,
  `expiration` bigint NOT NULL,
  PRIMARY KEY (`key`),
  KEY `cache_expiration_index` (`expiration`)
) ENGINE=InnoDB DEFAULT CHARSET=utf8mb4 COLLATE=utf8mb4_unicode_ci;

-- Dumping data for table sipsr.cache: ~0 rows (approximately)

-- Dumping structure for table sipsr.cache_locks
DROP TABLE IF EXISTS `cache_locks`;
CREATE TABLE IF NOT EXISTS `cache_locks` (
  `key` varchar(255) COLLATE utf8mb4_unicode_ci NOT NULL,
  `owner` varchar(255) COLLATE utf8mb4_unicode_ci NOT NULL,
  `expiration` bigint NOT NULL,
  PRIMARY KEY (`key`),
  KEY `cache_locks_expiration_index` (`expiration`)
) ENGINE=InnoDB DEFAULT CHARSET=utf8mb4 COLLATE=utf8mb4_unicode_ci;

-- Dumping data for table sipsr.cache_locks: ~0 rows (approximately)

-- Dumping structure for table sipsr.categories
DROP TABLE IF EXISTS `categories`;
CREATE TABLE IF NOT EXISTS `categories` (
  `id` char(36) COLLATE utf8mb4_unicode_ci NOT NULL,
  `nama` varchar(255) COLLATE utf8mb4_unicode_ci NOT NULL,
  `created_at` timestamp NULL DEFAULT NULL,
  `updated_at` timestamp NULL DEFAULT NULL,
  PRIMARY KEY (`id`),
  UNIQUE KEY `categories_nama_unique` (`nama`)
) ENGINE=InnoDB DEFAULT CHARSET=utf8mb4 COLLATE=utf8mb4_unicode_ci;

-- Dumping data for table sipsr.categories: ~12 rows (approximately)
INSERT INTO `categories` (`id`, `nama`, `created_at`, `updated_at`) VALUES
	('019ede24-cd11-73a2-8792-18e045563e16', 'Surat Masuk', '2026-06-18 21:30:14', '2026-06-18 21:30:14'),
	('019ede24-cd14-73fc-826d-e15086ad0e70', 'Surat Keluar', '2026-06-18 21:30:14', '2026-06-18 21:30:14'),
	('019ede24-cd16-72b6-9a68-a731dc7fd7ee', 'Nota Dinas', '2026-06-18 21:30:14', '2026-06-18 21:30:14'),
	('019ede24-cd18-738a-bf20-f186a8324f97', 'Laporan Bulanan', '2026-06-18 21:30:14', '2026-06-18 21:30:14'),
	('019ede24-cd18-738a-bf20-f186a91f69fb', 'Laporan Tahunan', '2026-06-18 21:30:14', '2026-06-18 21:30:14'),
	('019ede24-cd1a-7095-98ba-1dda17e3c181', 'Berita Acara', '2026-06-18 21:30:14', '2026-06-18 21:30:14'),
	('019ede24-cd1c-7030-8aee-8464c96160ba', 'SPK (Surat Perintah Kerja)', '2026-06-18 21:30:14', '2026-06-18 21:30:14'),
	('019ede24-cd1d-73f5-9aeb-9ae06b776bd9', 'SK / Keputusan', '2026-06-18 21:30:14', '2026-06-18 21:30:14'),
	('019ede24-cd1e-71df-a9db-8eb5bd2db283', 'Dokumen Teknis', '2026-06-18 21:30:14', '2026-06-18 21:30:14'),
	('019ede24-cd1f-733e-bcdf-2e729ad3e34d', 'Dokumen Perencanaan', '2026-06-18 21:30:14', '2026-06-18 21:30:14'),
	('019ede24-cd20-7030-a4c6-d75699e3f2c2', 'Perizinan', '2026-06-18 21:30:14', '2026-06-18 21:30:14'),
	('019ede24-cd21-72b8-b3a5-dbc1c090fc82', 'Dokumen Keuangan', '2026-06-18 21:30:14', '2026-06-18 21:30:14');

-- Dumping structure for table sipsr.documents
DROP TABLE IF EXISTS `documents`;
CREATE TABLE IF NOT EXISTS `documents` (
  `id` char(36) COLLATE utf8mb4_unicode_ci NOT NULL,
  `nomor_dokumen` varchar(255) COLLATE utf8mb4_unicode_ci NOT NULL,
  `nama_dokumen` varchar(255) COLLATE utf8mb4_unicode_ci NOT NULL,
  `category_id` char(36) COLLATE utf8mb4_unicode_ci NOT NULL,
  `tanggal_dokumen` date NOT NULL,
  `deskripsi` text COLLATE utf8mb4_unicode_ci,
  `file_path` varchar(255) COLLATE utf8mb4_unicode_ci NOT NULL,
  `file_name` varchar(255) COLLATE utf8mb4_unicode_ci NOT NULL,
  `hasil_ocr` longtext COLLATE utf8mb4_unicode_ci,
  `uploader_id` char(36) COLLATE utf8mb4_unicode_ci NOT NULL,
  `updated_by_id` char(36) COLLATE utf8mb4_unicode_ci DEFAULT NULL,
  `deleted_at` timestamp NULL DEFAULT NULL,
  `deleted_by_id` char(36) COLLATE utf8mb4_unicode_ci DEFAULT NULL,
  `created_at` timestamp NULL DEFAULT NULL,
  `updated_at` timestamp NULL DEFAULT NULL,
  PRIMARY KEY (`id`),
  KEY `documents_category_id_foreign` (`category_id`),
  KEY `documents_uploader_id_foreign` (`uploader_id`),
  KEY `documents_updated_by_id_foreign` (`updated_by_id`),
  KEY `documents_deleted_by_id_foreign` (`deleted_by_id`),
  CONSTRAINT `documents_category_id_foreign` FOREIGN KEY (`category_id`) REFERENCES `categories` (`id`) ON DELETE CASCADE,
  CONSTRAINT `documents_deleted_by_id_foreign` FOREIGN KEY (`deleted_by_id`) REFERENCES `users` (`id`) ON DELETE SET NULL,
  CONSTRAINT `documents_updated_by_id_foreign` FOREIGN KEY (`updated_by_id`) REFERENCES `users` (`id`) ON DELETE SET NULL,
  CONSTRAINT `documents_uploader_id_foreign` FOREIGN KEY (`uploader_id`) REFERENCES `users` (`id`) ON DELETE CASCADE
) ENGINE=InnoDB DEFAULT CHARSET=utf8mb4 COLLATE=utf8mb4_unicode_ci;

-- Dumping data for table sipsr.documents: ~200 rows (approximately)
INSERT INTO `documents` (`id`, `nomor_dokumen`, `nama_dokumen`, `category_id`, `tanggal_dokumen`, `deskripsi`, `file_path`, `file_name`, `hasil_ocr`, `uploader_id`, `updated_by_id`, `deleted_at`, `deleted_by_id`, `created_at`, `updated_at`) VALUES
	('019ede24-cd32-7192-9076-5ce460e5acf9', 'SM/001/PSR/2026', 'Surat Masuk dari Dinas Pertanian', '019ede24-cd1f-733e-bcdf-2e729ad3e34d', '2025-04-21', 'Deskripsi untuk dokumen Surat Masuk dari Dinas Pertanian', 'uploads/2026/01/dummy_1.pdf', 'dummy_1.pdf', NULL, '019ede24-cc48-721c-a54d-7bce429c3a32', NULL, '2026-06-22 05:07:40', '019ede24-caa3-7243-b800-c3eb6d954d53', '2025-04-21 10:32:40', '2026-06-22 05:07:40'),
	('019ede24-cd36-7128-9713-c7b9cbf47b81', 'SM/002/PSR/2026', 'Surat Masuk Permintaan Data Produksi', '019ede24-cd14-73fc-826d-e15086ad0e70', '2024-04-16', 'Deskripsi untuk dokumen Surat Masuk Permintaan Data Produksi', 'uploads/2026/01/dummy_2.pdf', 'dummy_2.pdf', NULL, '019ede24-cd0c-7025-87e8-0e4781f0eec8', NULL, '2026-06-22 05:07:40', '019ede24-caa3-7243-b800-c3eb6d954d53', '2024-04-16 07:35:41', '2026-06-22 05:07:40'),
	('019ede24-cd39-7328-98ad-708f375f24cf', 'SK/001/PSR/2026', 'Surat Keluar Balasan Dinas Pertanian', '019ede24-cd16-72b6-9a68-a731dc7fd7ee', '2024-04-03', 'Deskripsi untuk dokumen Surat Keluar Balasan Dinas Pertanian', 'uploads/2026/01/dummy_3.pdf', 'dummy_3.pdf', NULL, '019ede24-cb74-73b7-85ee-ba849d9f5f21', NULL, '2026-06-22 05:07:40', '019ede24-caa3-7243-b800-c3eb6d954d53', '2024-04-03 15:05:40', '2026-06-22 05:07:40'),
	('019ede24-cd3a-738a-a72c-6f29e78fa14d', 'ND/001/PSR/2026', 'Nota Dinas Pengadaan Pupuk', '019ede24-cd21-72b8-b3a5-dbc1c090fc82', '2024-04-17', 'Deskripsi untuk dokumen Nota Dinas Pengadaan Pupuk', 'uploads/2026/02/dummy_4.pdf', 'dummy_4.pdf', NULL, '019ede24-cd0c-7025-87e8-0e4781f0eec8', NULL, '2026-06-22 05:07:40', '019ede24-caa3-7243-b800-c3eb6d954d53', '2024-04-17 01:56:33', '2026-06-22 05:07:40'),
	('019ede24-cd3c-724d-a004-136f9de486e1', 'LB/001/PSR/2026', 'Laporan Bulanan Januari 2026', '019ede24-cd21-72b8-b3a5-dbc1c090fc82', '2025-07-26', 'Deskripsi untuk dokumen Laporan Bulanan Januari 2026', 'uploads/2026/02/dummy_5.pdf', 'dummy_5.pdf', NULL, '019ede24-cc48-721c-a54d-7bce429c3a32', NULL, '2026-06-22 05:07:40', '019ede24-caa3-7243-b800-c3eb6d954d53', '2025-07-26 16:13:30', '2026-06-22 05:07:40'),
	('019ede24-cd3e-711a-86e5-99641755c48f', 'LB/002/PSR/2026', 'Laporan Bulanan Februari 2026', '019ede24-cd11-73a2-8792-18e045563e16', '2024-12-04', 'Deskripsi untuk dokumen Laporan Bulanan Februari 2026', 'uploads/2026/03/dummy_6.pdf', 'dummy_6.pdf', NULL, '019ede24-cd0c-7025-87e8-0e4781f0eec8', NULL, '2026-06-22 05:07:40', '019ede24-caa3-7243-b800-c3eb6d954d53', '2024-12-03 22:47:21', '2026-06-22 05:07:40'),
	('019ede24-cd40-7091-81f9-3c3da8eb0b9f', 'LT/001/PSR/2025', 'Laporan Tahunan 2025', '019ede24-cd20-7030-a4c6-d75699e3f2c2', '2022-01-25', 'Deskripsi untuk dokumen Laporan Tahunan 2025', 'uploads/2026/01/dummy_7.pdf', 'dummy_7.pdf', NULL, '019ede24-caa3-7243-b800-c3eb6d954d53', NULL, NULL, NULL, '2022-01-25 09:38:20', '2022-01-25 09:38:20'),
	('019ede24-cd41-702f-97ba-a842a4f26df9', 'BA/001/PSR/2026', 'Berita Acara Serah Terima Lahan', '019ede24-cd20-7030-a4c6-d75699e3f2c2', '2021-11-10', 'Deskripsi untuk dokumen Berita Acara Serah Terima Lahan', 'uploads/2026/02/dummy_8.pdf', 'dummy_8.pdf', NULL, '019ede24-cd0c-7025-87e8-0e4781f0eec8', NULL, NULL, NULL, '2021-11-09 23:50:52', '2021-11-09 23:50:52'),
	('019ede24-cd42-71ee-96fd-2cf20876e5f4', 'BA/002/PSR/2026', 'Berita Acara Rapat Koordinasi', '019ede24-cd18-738a-bf20-f186a91f69fb', '2024-05-30', 'Deskripsi untuk dokumen Berita Acara Rapat Koordinasi', 'uploads/2026/03/dummy_9.pdf', 'dummy_9.pdf', NULL, '019ede24-cc48-721c-a54d-7bce429c3a32', NULL, '2026-06-22 05:07:40', '019ede24-caa3-7243-b800-c3eb6d954d53', '2024-05-30 10:31:39', '2026-06-22 05:07:40'),
	('019ede24-cd44-71c3-9e65-a20331b49ef5', 'SPK/001/PSR/2026', 'SPK Pemeliharaan Kebun Blok A', '019ede24-cd21-72b8-b3a5-dbc1c090fc82', '2023-05-19', 'Deskripsi untuk dokumen SPK Pemeliharaan Kebun Blok A', 'uploads/2026/02/dummy_10.pdf', 'dummy_10.pdf', NULL, '019ede24-cc48-721c-a54d-7bce429c3a32', NULL, NULL, NULL, '2023-05-19 12:49:09', '2023-05-19 12:49:09'),
	('019ede24-cd45-7327-9405-af3da02562d9', 'SPK/002/PSR/2026', 'SPK Pengangkutan Hasil Panen', '019ede24-cd14-73fc-826d-e15086ad0e70', '2024-12-14', 'Deskripsi untuk dokumen SPK Pengangkutan Hasil Panen', 'uploads/2026/03/dummy_11.pdf', 'dummy_11.pdf', NULL, '019ede24-cc48-721c-a54d-7bce429c3a32', NULL, '2026-06-22 05:07:40', '019ede24-caa3-7243-b800-c3eb6d954d53', '2024-12-14 03:28:07', '2026-06-22 05:07:40'),
	('019ede24-cd46-7239-ae6f-372e87dfd9d3', 'SK-K/001/PSR/2026', 'SK Penunjukan Tim Inventarisasi', '019ede24-cd1f-733e-bcdf-2e729ad3e34d', '2025-01-14', 'Deskripsi untuk dokumen SK Penunjukan Tim Inventarisasi', 'uploads/2026/01/dummy_12.pdf', 'dummy_12.pdf', NULL, '019ede24-cd0c-7025-87e8-0e4781f0eec8', NULL, '2026-06-22 05:07:40', '019ede24-caa3-7243-b800-c3eb6d954d53', '2025-01-13 18:16:31', '2026-06-22 05:07:40'),
	('019ede24-cd48-7045-8bc2-7fbfcf51b170', 'DT/001/PSR/2026', 'Dokumen Teknis Penanaman Sawit', '019ede24-cd20-7030-a4c6-d75699e3f2c2', '2021-11-24', 'Deskripsi untuk dokumen Dokumen Teknis Penanaman Sawit', 'uploads/2026/03/dummy_13.pdf', 'dummy_13.pdf', NULL, '019ede24-caa3-7243-b800-c3eb6d954d53', NULL, NULL, NULL, '2021-11-24 02:20:12', '2021-11-24 02:20:12'),
	('019ede24-cd49-7189-8331-9fa7e5c43c88', 'DT/002/PSR/2026', 'SOP Pemupukan Tanaman', '019ede24-cd18-738a-bf20-f186a8324f97', '2025-10-15', 'Deskripsi untuk dokumen SOP Pemupukan Tanaman', 'uploads/2026/04/dummy_14.pdf', 'dummy_14.pdf', NULL, '019ede24-cb74-73b7-85ee-ba849d9f5f21', NULL, '2026-06-22 05:07:40', '019ede24-caa3-7243-b800-c3eb6d954d53', '2025-10-14 17:05:20', '2026-06-22 05:07:40'),
	('019ede24-cd4a-71b7-9be8-cadb7a4c1c80', 'DP/001/PSR/2026', 'Rencana Kerja Tahunan 2026', '019ede24-cd16-72b6-9a68-a731dc7fd7ee', '2024-07-04', 'Deskripsi untuk dokumen Rencana Kerja Tahunan 2026', 'uploads/2026/01/dummy_15.pdf', 'dummy_15.pdf', NULL, '019ede24-caa3-7243-b800-c3eb6d954d53', NULL, '2026-06-22 05:07:40', '019ede24-caa3-7243-b800-c3eb6d954d53', '2024-07-04 08:01:23', '2026-06-22 05:07:40'),
	('019ede24-cd4b-7045-aded-6a63a52218d5', 'DP/002/PSR/2026', 'RKAP Bidang PSR 2026', '019ede24-cd14-73fc-826d-e15086ad0e70', '2025-09-23', 'Deskripsi untuk dokumen RKAP Bidang PSR 2026', 'uploads/2026/01/dummy_16.pdf', 'dummy_16.pdf', NULL, '019ede24-cb74-73b7-85ee-ba849d9f5f21', NULL, '2026-06-22 05:07:40', '019ede24-caa3-7243-b800-c3eb6d954d53', '2025-09-22 22:44:26', '2026-06-22 05:07:40'),
	('019ede24-cd4c-70be-9144-f6921e6190b9', 'PZ/001/PSR/2026', 'Izin Lingkungan Pembukaan Lahan', '019ede24-cd18-738a-bf20-f186a8324f97', '2022-10-12', 'Deskripsi untuk dokumen Izin Lingkungan Pembukaan Lahan', 'uploads/2026/02/dummy_17.pdf', 'dummy_17.pdf', NULL, '019ede24-cb74-73b7-85ee-ba849d9f5f21', NULL, NULL, NULL, '2022-10-12 13:51:14', '2022-10-12 13:51:14'),
	('019ede24-cd4d-7313-abeb-6486130318ba', 'PZ/002/PSR/2026', 'Perizinan Penggunaan Air', '019ede24-cd1a-7095-98ba-1dda17e3c181', '2024-12-29', 'Deskripsi untuk dokumen Perizinan Penggunaan Air', 'uploads/2026/03/dummy_18.pdf', 'dummy_18.pdf', NULL, '019ede24-caa3-7243-b800-c3eb6d954d53', NULL, '2026-06-22 05:07:40', '019ede24-caa3-7243-b800-c3eb6d954d53', '2024-12-29 03:36:20', '2026-06-22 05:07:40'),
	('019ede24-cd4e-7143-a659-5596318cf77c', 'DK/001/PSR/2026', 'Anggaran Operasional Q1 2026', '019ede24-cd11-73a2-8792-18e045563e16', '2024-11-16', 'Deskripsi untuk dokumen Anggaran Operasional Q1 2026', 'uploads/2026/01/dummy_19.pdf', 'dummy_19.pdf', NULL, '019ede24-cb74-73b7-85ee-ba849d9f5f21', NULL, '2026-06-22 05:07:40', '019ede24-caa3-7243-b800-c3eb6d954d53', '2024-11-16 03:42:19', '2026-06-22 05:07:40'),
	('019ede24-cd4f-7330-a35d-ea55cbaa78c5', 'DK/002/PSR/2026', 'Realisasi Anggaran Februari 2026', '019ede24-cd11-73a2-8792-18e045563e16', '2024-03-31', 'Deskripsi untuk dokumen Realisasi Anggaran Februari 2026', 'uploads/2026/03/dummy_20.pdf', 'dummy_20.pdf', NULL, '019ede24-cc48-721c-a54d-7bce429c3a32', NULL, '2026-06-22 05:07:40', '019ede24-caa3-7243-b800-c3eb6d954d53', '2024-03-31 15:51:54', '2026-06-22 05:07:40'),
	('019edeb3-af1d-7207-9619-cfadf856fec7', ';s', 'Dokumen Test Uploadghgh', '019ede24-cd11-73a2-8792-18e045563e16', '2023-01-03', 'y', 'uploads/2023/01/Pemberitahuan Hasil Penelitian - PPh 23 Mei 2022 BK.docx', 'Pemberitahuan Hasil Penelitian - PPh 23 Mei 2022 BK.docx', NULL, '019ede24-caa3-7243-b800-c3eb6d954d53', '019ede24-caa3-7243-b800-c3eb6d954d53', NULL, NULL, '2023-01-03 11:24:51', '2023-01-03 11:24:51'),
	('019edeff-3560-7297-a58e-873e0064e385', 'a', 'a', '019ede24-cd1e-71df-a9db-8eb5bd2db283', '2026-06-04', 'a', 'uploads/2026/06/Pemberitahuan Hasil Penelitian PPh 21 Mei 2022 BK.docx', 'Pemberitahuan Hasil Penelitian PPh 21 Mei 2022 BK.docx', NULL, '019ede24-caa3-7243-b800-c3eb6d954d53', NULL, '2026-06-19 02:02:59', '019ede24-caa3-7243-b800-c3eb6d954d53', '2026-06-04 00:40:28', '2026-06-19 02:02:59'),
	('019edf02-a718-71cd-910f-7bf35177cb38', 's', 's', '019ede24-cd11-73a2-8792-18e045563e16', '2023-06-25', 's', 'uploads/2023/06/Rudy Hartono Tony_SURAT BERITA ACARA SERAH TERIMA BANGUNAN.pdf', 'Rudy Hartono Tony_SURAT BERITA ACARA SERAH TERIMA BANGUNAN.pdf', NULL, '019ede24-caa3-7243-b800-c3eb6d954d53', NULL, NULL, NULL, '2023-06-25 02:11:59', '2023-06-25 02:11:59'),
	('019edf13-ebd7-708f-ae15-a3112bf357ea', '1505071507640006', 'A.BASYID LUBIS', '019ede24-cd1d-73f5-9aeb-9ae06b776bd9', '2021-07-12', NULL, 'uploads/2021/07/A.BASYID LUBIS_1505071507640006_1.pdf', 'A.BASYID LUBIS_1505071507640006_1.pdf', NULL, '019ede24-caa3-7243-b800-c3eb6d954d53', NULL, NULL, NULL, '2021-07-12 08:26:43', '2021-07-12 08:26:43'),
	('019edf13-ebf0-733e-be21-06545782e8d3', '1505070202620003', 'ABDUL MALIK', '019ede24-cd21-72b8-b3a5-dbc1c090fc82', '2025-10-25', NULL, 'uploads/2025/10/ABDUL MALIK_1505070202620003.pdf', 'ABDUL MALIK_1505070202620003.pdf', NULL, '019ede24-caa3-7243-b800-c3eb6d954d53', NULL, '2026-06-22 05:07:40', '019ede24-caa3-7243-b800-c3eb6d954d53', '2025-10-24 23:11:00', '2026-06-22 05:07:40'),
	('019edf13-ec04-734b-8b3b-0ec1232f32d7', '0505072204660001', 'ABDULLAH KAOFFAM ARITONANG', '019ede24-cd20-7030-a4c6-d75699e3f2c2', '2021-07-01', NULL, 'uploads/2021/07/ABDULLAH KAOFFAM ARITONANG_0505072204660001.pdf', 'ABDULLAH KAOFFAM ARITONANG_0505072204660001.pdf', NULL, '019ede24-caa3-7243-b800-c3eb6d954d53', NULL, NULL, NULL, '2021-07-01 11:09:03', '2021-07-01 11:09:03'),
	('019edf13-ec1b-73dc-a295-b5d0309d808f', '1571026703630001', 'ADIMAR', '019ede24-cd1c-7030-8aee-8464c96160ba', '2024-02-02', NULL, 'uploads/2024/02/ADIMAR_1571026703630001.pdf', 'ADIMAR_1571026703630001.pdf', NULL, '019ede24-caa3-7243-b800-c3eb6d954d53', NULL, '2026-06-22 05:07:40', '019ede24-caa3-7243-b800-c3eb6d954d53', '2024-02-01 18:41:58', '2026-06-22 05:07:40'),
	('019edf13-ec30-72f7-a83b-d772fe7bd32c', '1571071707620041', 'ADLIN AHMAD', '019ede24-cd1e-71df-a9db-8eb5bd2db283', '2021-11-20', NULL, 'uploads/2021/11/ADLIN AHMAD_1571071707620041.pdf', 'ADLIN AHMAD_1571071707620041.pdf', NULL, '019ede24-caa3-7243-b800-c3eb6d954d53', NULL, NULL, NULL, '2021-11-20 04:14:42', '2021-11-20 04:14:42'),
	('019edf13-ec40-7174-9eb6-68740e026809', '1504041810650001', 'AGUS SALIM BATU BARA', '019ede24-cd21-72b8-b3a5-dbc1c090fc82', '2023-04-01', NULL, 'uploads/2023/04/AGUS SALIM BATU BARA_1504041810650001.pdf', 'AGUS SALIM BATU BARA_1504041810650001.pdf', NULL, '019ede24-caa3-7243-b800-c3eb6d954d53', NULL, NULL, NULL, '2023-03-31 22:23:51', '2023-03-31 22:23:51'),
	('019edf13-ec54-7013-be78-997359364e43', '1505071601750001', 'AHMAD YANI SIDABUTAR', '019ede24-cd11-73a2-8792-18e045563e16', '2025-05-31', NULL, 'uploads/2025/05/AHMAD YANI SIDABUTAR_1505071601750001.pdf', 'AHMAD YANI SIDABUTAR_1505071601750001.pdf', NULL, '019ede24-caa3-7243-b800-c3eb6d954d53', NULL, '2026-06-22 05:07:40', '019ede24-caa3-7243-b800-c3eb6d954d53', '2025-05-31 16:19:22', '2026-06-22 05:07:40'),
	('019edf13-ec68-714a-944b-bd273d711cfa', '1571070702620021', 'ALIMUN SIREGAR', '019ede24-cd1c-7030-8aee-8464c96160ba', '2024-01-23', NULL, 'uploads/2024/01/ALIMUN SIREGAR_1571070702620021.pdf', 'ALIMUN SIREGAR_1571070702620021.pdf', NULL, '019ede24-caa3-7243-b800-c3eb6d954d53', NULL, '2026-06-22 05:07:40', '019ede24-caa3-7243-b800-c3eb6d954d53', '2024-01-23 04:42:11', '2026-06-22 05:07:40'),
	('019edf13-ec79-7117-9416-21ae573ef8d1', '1505090201690000', 'ANAMELA WARUWU', '019ede24-cd20-7030-a4c6-d75699e3f2c2', '2024-03-20', NULL, 'uploads/2024/03/ANAMELA WARUWU_1505090201690000.pdf', 'ANAMELA WARUWU_1505090201690000.pdf', NULL, '019ede24-caa3-7243-b800-c3eb6d954d53', NULL, '2026-06-22 05:07:40', '019ede24-caa3-7243-b800-c3eb6d954d53', '2024-03-20 06:23:22', '2026-06-22 05:07:40'),
	('019edf13-ec8a-7028-8515-055c15601332', '1571010507620021', 'ANASRUL', '019ede24-cd18-738a-bf20-f186a91f69fb', '2022-02-15', NULL, 'uploads/2022/02/ANASRUL_1571010507620021.pdf', 'ANASRUL_1571010507620021.pdf', NULL, '019ede24-caa3-7243-b800-c3eb6d954d53', NULL, NULL, NULL, '2022-02-14 18:41:07', '2022-02-14 18:41:07'),
	('019edf13-ec99-7302-b396-3a50b8abc97f', '15050512605560001', 'ANWAR SIREGAR', '019ede24-cd16-72b6-9a68-a731dc7fd7ee', '2022-04-18', NULL, 'uploads/2022/04/ANWAR SIREGAR_15050512605560001.pdf', 'ANWAR SIREGAR_15050512605560001.pdf', NULL, '019ede24-caa3-7243-b800-c3eb6d954d53', NULL, NULL, NULL, '2022-04-18 16:51:53', '2022-04-18 16:51:53'),
	('019edf13-ecac-721e-8490-07c0bec1f370', '1571022304620001', 'ARMEN SIREGAR', '019ede24-cd21-72b8-b3a5-dbc1c090fc82', '2026-02-16', NULL, 'uploads/2026/02/ARMEN SIREGAR_1571022304620001.pdf', 'ARMEN SIREGAR_1571022304620001.pdf', NULL, '019ede24-caa3-7243-b800-c3eb6d954d53', NULL, '2026-06-22 05:07:40', '019ede24-caa3-7243-b800-c3eb6d954d53', '2026-02-16 16:32:28', '2026-06-22 05:07:40'),
	('019edf13-ecc6-7325-8a4f-ff356b3deb95', '1504041507630001', 'AZRUL HALIM', '019ede24-cd21-72b8-b3a5-dbc1c090fc82', '2024-04-28', NULL, 'uploads/2024/04/AZRUL HALIM_1504041507630001.pdf', 'AZRUL HALIM_1504041507630001.pdf', NULL, '019ede24-caa3-7243-b800-c3eb6d954d53', NULL, '2026-06-22 05:07:40', '019ede24-caa3-7243-b800-c3eb6d954d53', '2024-04-28 07:17:04', '2026-06-22 05:07:40'),
	('019edf13-ecd5-707d-bd31-3f6d9a3f3af8', '1505071904600001', 'BAGINDA SIREGAR', '019ede24-cd1c-7030-8aee-8464c96160ba', '2023-02-24', NULL, 'uploads/2023/02/BAGINDA SIREGAR_1505071904600001.pdf', 'BAGINDA SIREGAR_1505071904600001.pdf', NULL, '019ede24-caa3-7243-b800-c3eb6d954d53', NULL, NULL, NULL, '2023-02-24 09:29:09', '2023-02-24 09:29:09'),
	('019edf13-ece7-71d2-9320-4f7b3cbca989', '1505014107620001', 'BARIRO', '019ede24-cd1a-7095-98ba-1dda17e3c181', '2021-10-24', NULL, 'uploads/2021/10/BARIRO_1505014107620001.pdf', 'BARIRO_1505014107620001.pdf', NULL, '019ede24-caa3-7243-b800-c3eb6d954d53', NULL, NULL, NULL, '2021-10-24 03:09:20', '2021-10-24 03:09:20'),
	('019edf13-ecf9-703e-a342-c382ecaf9d74', '1571072802600001', 'BINER LUMBAN TOBING', '019ede24-cd18-738a-bf20-f186a91f69fb', '2024-10-25', NULL, 'uploads/2024/10/BINER LUMBAN TOBING_1571072802600001.pdf', 'BINER LUMBAN TOBING_1571072802600001.pdf', NULL, '019ede24-caa3-7243-b800-c3eb6d954d53', NULL, '2026-06-22 05:07:40', '019ede24-caa3-7243-b800-c3eb6d954d53', '2024-10-25 10:49:37', '2026-06-22 05:07:40'),
	('019edf13-ed0d-72f3-a256-43935665ad1a', '1505071507610005', 'BINSAR MANURUNG', '019ede24-cd21-72b8-b3a5-dbc1c090fc82', '2026-03-05', NULL, 'uploads/2026/03/BINSAR MANURUNG_1505071507610005.pdf', 'BINSAR MANURUNG_1505071507610005.pdf', NULL, '019ede24-caa3-7243-b800-c3eb6d954d53', NULL, '2026-06-22 05:07:40', '019ede24-caa3-7243-b800-c3eb6d954d53', '2026-03-05 06:52:01', '2026-06-22 05:07:40'),
	('019edf13-ed1f-718e-89d5-00d551d40f4b', '1505172910660001', 'BUCHORI HASIBUAN', '019ede24-cd1f-733e-bcdf-2e729ad3e34d', '2021-09-16', NULL, 'uploads/2021/09/BUCHORI HASIBUAN_1505172910660001.pdf', 'BUCHORI HASIBUAN_1505172910660001.pdf', NULL, '019ede24-caa3-7243-b800-c3eb6d954d53', NULL, NULL, NULL, '2021-09-15 19:53:02', '2021-09-15 19:53:02'),
	('019edf13-ed30-71bd-80f9-66bf962ea154', '1505011103650001', 'DALIMIN', '019ede24-cd1a-7095-98ba-1dda17e3c181', '2024-01-04', NULL, 'uploads/2024/01/DALIMIN_1505011103650001.pdf', 'DALIMIN_1505011103650001.pdf', NULL, '019ede24-caa3-7243-b800-c3eb6d954d53', NULL, '2026-06-22 05:07:40', '019ede24-caa3-7243-b800-c3eb6d954d53', '2024-01-04 14:04:27', '2026-06-22 05:07:40'),
	('019edf13-ed49-738e-9a6b-b685d8201589', '1505012003660002', 'DASI', '019ede24-cd16-72b6-9a68-a731dc7fd7ee', '2023-01-13', NULL, 'uploads/2023/01/DASI_1505012003660002.pdf', 'DASI_1505012003660002.pdf', NULL, '019ede24-caa3-7243-b800-c3eb6d954d53', NULL, NULL, NULL, '2023-01-13 07:04:37', '2023-01-13 07:04:37'),
	('019edf13-ed63-7261-8500-cf1928f57577', '1505050804690002', 'EDY SUTEJO', '019ede24-cd20-7030-a4c6-d75699e3f2c2', '2022-01-02', NULL, 'uploads/2022/01/EDY SUTEJO_1505050804690002.pdf', 'EDY SUTEJO_1505050804690002.pdf', NULL, '019ede24-caa3-7243-b800-c3eb6d954d53', NULL, NULL, NULL, '2022-01-01 17:12:24', '2022-01-01 17:12:24'),
	('019edf13-ed7c-73a5-9925-b031f0ebb3fe', '150474101650007', 'EMA DELIMA', '019ede24-cd14-73fc-826d-e15086ad0e70', '2024-02-19', NULL, 'uploads/2024/02/EMA DELIMA_150474101650007.pdf', 'EMA DELIMA_150474101650007.pdf', NULL, '019ede24-caa3-7243-b800-c3eb6d954d53', NULL, '2026-06-22 05:07:40', '019ede24-caa3-7243-b800-c3eb6d954d53', '2024-02-19 11:22:37', '2026-06-22 05:07:40'),
	('019edf13-ed91-71cc-9446-bb4115afd127', '150566202750001', 'ENDANG SERTOTINI', '019ede24-cd14-73fc-826d-e15086ad0e70', '2023-07-12', NULL, 'uploads/2023/07/ENDANG SERTOTINI_150566202750001.pdf', 'ENDANG SERTOTINI_150566202750001.pdf', NULL, '019ede24-caa3-7243-b800-c3eb6d954d53', NULL, NULL, NULL, '2023-07-12 05:58:16', '2023-07-12 05:58:16'),
	('019edf13-edac-7214-80e6-060c7dba8edc', '1501072103590021', 'FAISAL NASUTION', '019ede24-cd1a-7095-98ba-1dda17e3c181', '2023-06-17', NULL, 'uploads/2023/06/FAISAL NASUTION_1501072103590021.pdf', 'FAISAL NASUTION_1501072103590021.pdf', NULL, '019ede24-caa3-7243-b800-c3eb6d954d53', NULL, NULL, NULL, '2023-06-17 13:27:33', '2023-06-17 13:27:33'),
	('019edf13-edbf-71ad-9d6d-635d90e8f08c', '1571076708710101', 'FARIDA', '019ede24-cd1f-733e-bcdf-2e729ad3e34d', '2026-03-05', NULL, 'uploads/2026/03/FARIDA_1571076708710101.pdf', 'FARIDA_1571076708710101.pdf', NULL, '019ede24-caa3-7243-b800-c3eb6d954d53', NULL, '2026-06-22 05:07:40', '019ede24-caa3-7243-b800-c3eb6d954d53', '2026-03-05 02:27:10', '2026-06-22 05:07:40'),
	('019edf13-edd4-735e-b78d-5b892746fe4d', '1505074504770002', 'FAUZIAH  HASIBUAN', '019ede24-cd1d-73f5-9aeb-9ae06b776bd9', '2024-11-20', NULL, 'uploads/2024/11/FAUZIAH  HASIBUAN_1505074504770002.pdf', 'FAUZIAH  HASIBUAN_1505074504770002.pdf', NULL, '019ede24-caa3-7243-b800-c3eb6d954d53', NULL, '2026-06-22 05:07:40', '019ede24-caa3-7243-b800-c3eb6d954d53', '2024-11-20 02:46:55', '2026-06-22 05:07:40'),
	('019edf13-edea-70ab-9770-a34bd00e3fd4', '1504040804670001', 'FAUZI', '019ede24-cd21-72b8-b3a5-dbc1c090fc82', '2024-10-26', NULL, 'uploads/2024/10/FAUZI_1504040804670001.pdf', 'FAUZI_1504040804670001.pdf', NULL, '019ede24-caa3-7243-b800-c3eb6d954d53', NULL, '2026-06-22 05:07:40', '019ede24-caa3-7243-b800-c3eb6d954d53', '2024-10-25 18:09:47', '2026-06-22 05:07:40'),
	('019edf13-ee04-71b5-93e6-08bbb140d89b', '1505010602630001', 'HASAN BASRI RANGKUTI', '019ede24-cd18-738a-bf20-f186a8324f97', '2024-07-03', NULL, 'uploads/2024/07/HASAN BASRI RANGKUTI_1505010602630001.pdf', 'HASAN BASRI RANGKUTI_1505010602630001.pdf', NULL, '019ede24-caa3-7243-b800-c3eb6d954d53', NULL, '2026-06-22 05:07:40', '019ede24-caa3-7243-b800-c3eb6d954d53', '2024-07-03 08:47:01', '2026-06-22 05:07:40'),
	('019edf13-ee18-73ea-82f6-bd19b8462b98', '1571072301650001', 'HASUDUNG SILALAHI', '019ede24-cd18-738a-bf20-f186a91f69fb', '2022-10-13', NULL, 'uploads/2022/10/HASUDUNG SILALAHI_1571072301650001.pdf', 'HASUDUNG SILALAHI_1571072301650001.pdf', NULL, '019ede24-caa3-7243-b800-c3eb6d954d53', NULL, NULL, NULL, '2022-10-13 13:36:29', '2022-10-13 13:36:29'),
	('019edf13-ee30-72cf-bbb7-f44525b567f6', '1505011407690003', 'HATOTO', '019ede24-cd1a-7095-98ba-1dda17e3c181', '2021-11-06', NULL, 'uploads/2021/11/HATOTO_1505011407690003.pdf', 'HATOTO_1505011407690003.pdf', NULL, '019ede24-caa3-7243-b800-c3eb6d954d53', NULL, NULL, NULL, '2021-11-06 10:23:31', '2021-11-06 10:23:31'),
	('019edf13-ee46-736d-b44a-68fba631dffd', '1571020901630001', 'HENDER GINTING', '019ede24-cd1f-733e-bcdf-2e729ad3e34d', '2024-08-08', NULL, 'uploads/2024/08/HENDER GINTING_1571020901630001.pdf', 'HENDER GINTING_1571020901630001.pdf', NULL, '019ede24-caa3-7243-b800-c3eb6d954d53', NULL, '2026-06-22 05:07:40', '019ede24-caa3-7243-b800-c3eb6d954d53', '2024-08-07 23:58:09', '2026-06-22 05:07:40'),
	('019edf13-ee5b-701e-b290-f1eb3753f0b9', '1571021715660001', 'HERLAMBANG PERWIRA', '019ede24-cd11-73a2-8792-18e045563e16', '2023-06-17', NULL, 'uploads/2023/06/HERLAMBANG PERWIRA_1571021715660001.pdf', 'HERLAMBANG PERWIRA_1571021715660001.pdf', NULL, '019ede24-caa3-7243-b800-c3eb6d954d53', NULL, NULL, NULL, '2023-06-17 12:22:50', '2023-06-17 12:22:50'),
	('019edf13-ee70-73d4-9393-90974a401c17', '1505071501600001', 'HERWINTO SIREGAR', '019ede24-cd1f-733e-bcdf-2e729ad3e34d', '2024-08-03', NULL, 'uploads/2024/08/HERWINTO SIREGAR_1505071501600001.pdf', 'HERWINTO SIREGAR_1505071501600001.pdf', NULL, '019ede24-caa3-7243-b800-c3eb6d954d53', NULL, '2026-06-22 05:07:40', '019ede24-caa3-7243-b800-c3eb6d954d53', '2024-08-02 18:47:13', '2026-06-22 05:07:40'),
	('019edf13-ee8d-7205-a569-e8c9e21846e8', '1571021511560041', 'HERYANTO', '019ede24-cd1d-73f5-9aeb-9ae06b776bd9', '2025-08-09', NULL, 'uploads/2025/08/HERYANTO_1571021511560041.pdf', 'HERYANTO_1571021511560041.pdf', NULL, '019ede24-caa3-7243-b800-c3eb6d954d53', NULL, '2026-06-22 05:07:40', '019ede24-caa3-7243-b800-c3eb6d954d53', '2025-08-09 01:23:18', '2026-06-22 05:07:40'),
	('019edf13-eea6-7025-8dbf-a12fb302d337', '1571073011660021', 'IDHAM KHOLID', '019ede24-cd18-738a-bf20-f186a8324f97', '2025-05-12', NULL, 'uploads/2025/05/IDHAM KHOLID_1571073011660021.pdf', 'IDHAM KHOLID_1571073011660021.pdf', NULL, '019ede24-caa3-7243-b800-c3eb6d954d53', NULL, '2026-06-22 05:07:40', '019ede24-caa3-7243-b800-c3eb6d954d53', '2025-05-11 22:24:50', '2026-06-22 05:07:40'),
	('019edf13-eeb7-729f-8017-2a0662fbfc94', '1505011505660002', 'IHWAN SAHDI PULUNGAN', '019ede24-cd16-72b6-9a68-a731dc7fd7ee', '2023-11-14', NULL, 'uploads/2023/11/IHWAN SAHDI PULUNGAN_1505011505660002.pdf', 'IHWAN SAHDI PULUNGAN_1505011505660002.pdf', NULL, '019ede24-caa3-7243-b800-c3eb6d954d53', NULL, '2026-06-22 05:07:40', '019ede24-caa3-7243-b800-c3eb6d954d53', '2023-11-14 11:33:49', '2026-06-22 05:07:40'),
	('019edf13-eecb-7236-98f5-8d6d1b427aaa', '15040416670002', 'IMRON SIHOMBING', '019ede24-cd1e-71df-a9db-8eb5bd2db283', '2021-06-28', NULL, 'uploads/2021/06/IMRON SIHOMBING_15040416670002.pdf', 'IMRON SIHOMBING_15040416670002.pdf', NULL, '019ede24-caa3-7243-b800-c3eb6d954d53', NULL, NULL, NULL, '2021-06-27 22:37:07', '2021-06-27 22:37:07'),
	('019edf13-eedd-7335-bde7-4399ea7b97c4', '1505090307630001', 'IRWAYADI', '019ede24-cd20-7030-a4c6-d75699e3f2c2', '2024-06-13', NULL, 'uploads/2024/06/IRWAYADI_1505090307630001.pdf', 'IRWAYADI_1505090307630001.pdf', NULL, '019ede24-caa3-7243-b800-c3eb6d954d53', NULL, '2026-06-22 05:07:40', '019ede24-caa3-7243-b800-c3eb6d954d53', '2024-06-13 02:30:40', '2026-06-22 05:07:40'),
	('019edf13-eef7-72c0-8d86-94c43e0384bd', '1505014801550002', 'JIRAH', '019ede24-cd16-72b6-9a68-a731dc7fd7ee', '2023-06-14', NULL, 'uploads/2023/06/JIRAH_1505014801550002.pdf', 'JIRAH_1505014801550002.pdf', NULL, '019ede24-caa3-7243-b800-c3eb6d954d53', NULL, NULL, NULL, '2023-06-14 08:22:51', '2023-06-14 08:22:51'),
	('019edf13-ef09-73be-b578-828dd7e48748', '1501091603690002', 'JOKO SUKMONO', '019ede24-cd1f-733e-bcdf-2e729ad3e34d', '2022-09-30', NULL, 'uploads/2022/09/JOKO SUKMONO_1501091603690002.pdf', 'JOKO SUKMONO_1501091603690002.pdf', NULL, '019ede24-caa3-7243-b800-c3eb6d954d53', NULL, NULL, NULL, '2022-09-30 04:33:40', '2022-09-30 04:33:40'),
	('019edf13-ef19-71cb-a8c4-24323961b332', '1571070210580021', 'JUMALA EFFENDI', '019ede24-cd21-72b8-b3a5-dbc1c090fc82', '2021-08-02', NULL, 'uploads/2021/08/JUMALA EFFENDI_1571070210580021.pdf', 'JUMALA EFFENDI_1571070210580021.pdf', NULL, '019ede24-caa3-7243-b800-c3eb6d954d53', NULL, NULL, NULL, '2021-08-02 11:54:28', '2021-08-02 11:54:28'),
	('019edf13-ef29-70d6-aa4a-dd1bccc29044', '1505011210620002', 'JUMANI', '019ede24-cd18-738a-bf20-f186a8324f97', '2021-07-13', NULL, 'uploads/2021/07/JUMANI_1505011210620002.pdf', 'JUMANI_1505011210620002.pdf', NULL, '019ede24-caa3-7243-b800-c3eb6d954d53', NULL, NULL, NULL, '2021-07-12 21:00:06', '2021-07-12 21:00:06'),
	('019edf13-ef3d-719e-9271-e2110f87245b', '1505100907680001', 'JUMARI', '019ede24-cd1e-71df-a9db-8eb5bd2db283', '2025-10-19', NULL, 'uploads/2025/10/JUMARI_1505100907680001.pdf', 'JUMARI_1505100907680001.pdf', NULL, '019ede24-caa3-7243-b800-c3eb6d954d53', NULL, '2026-06-22 05:07:40', '019ede24-caa3-7243-b800-c3eb6d954d53', '2025-10-19 07:59:28', '2026-06-22 05:07:40'),
	('019edf13-ef50-728a-ab4a-b518d0415f54', '1505012909670001', 'JUNAIDI', '019ede24-cd16-72b6-9a68-a731dc7fd7ee', '2025-12-05', NULL, 'uploads/2025/12/JUNAIDI_1505012909670001.pdf', 'JUNAIDI_1505012909670001.pdf', NULL, '019ede24-caa3-7243-b800-c3eb6d954d53', NULL, '2026-06-22 05:07:40', '019ede24-caa3-7243-b800-c3eb6d954d53', '2025-12-05 10:08:44', '2026-06-22 05:07:40'),
	('019edf13-ef5f-726a-996a-dc9d9611fcf8', '1505074603720001', 'KATINI', '019ede24-cd1e-71df-a9db-8eb5bd2db283', '2023-06-11', NULL, 'uploads/2023/06/KATINI_1505074603720001.pdf', 'KATINI_1505074603720001.pdf', NULL, '019ede24-caa3-7243-b800-c3eb6d954d53', NULL, NULL, NULL, '2023-06-10 23:59:43', '2023-06-10 23:59:43'),
	('019edf13-ef71-7371-86f6-2cf7c601c6dc', '1505010502580001', 'KIRAM', '019ede24-cd14-73fc-826d-e15086ad0e70', '2025-07-08', NULL, 'uploads/2025/07/KIRAM_1505010502580001.pdf', 'KIRAM_1505010502580001.pdf', NULL, '019ede24-caa3-7243-b800-c3eb6d954d53', NULL, '2026-06-22 05:07:40', '019ede24-caa3-7243-b800-c3eb6d954d53', '2025-07-08 12:57:42', '2026-06-22 05:07:40'),
	('019edf13-ef80-70f0-a015-e3de2bb552b9', '1504070606660001', 'KONDAR PANJAITAN', '019ede24-cd11-73a2-8792-18e045563e16', '2023-06-21', NULL, 'uploads/2023/06/KONDAR PANJAITAN_1504070606660001.pdf', 'KONDAR PANJAITAN_1504070606660001.pdf', NULL, '019ede24-caa3-7243-b800-c3eb6d954d53', NULL, NULL, NULL, '2023-06-21 11:23:22', '2023-06-21 11:23:22'),
	('019edf13-ef91-73df-b5ed-e120ad15845f', '1571074501700101', 'KRISTINA SITOMPUL', '019ede24-cd1e-71df-a9db-8eb5bd2db283', '2026-05-06', 'kjkjkj', 'uploads/2026/05/KRISTINA SITOMPUL_1571074501700101.pdf', 'KRISTINA SITOMPUL_1571074501700101.pdf', NULL, '019ede24-caa3-7243-b800-c3eb6d954d53', '019ede24-caa3-7243-b800-c3eb6d954d53', '2026-06-22 05:07:40', '019ede24-caa3-7243-b800-c3eb6d954d53', '2026-05-05 23:29:03', '2026-06-22 05:07:40'),
	('019edf13-efa4-72c4-80fb-4d398ec383c0', '1505010302630001', 'KUWADI', '019ede24-cd1e-71df-a9db-8eb5bd2db283', '2023-12-18', NULL, 'uploads/2023/12/KUWADI_1505010302630001.pdf', 'KUWADI_1505010302630001.pdf', NULL, '019ede24-caa3-7243-b800-c3eb6d954d53', NULL, '2026-06-22 05:07:40', '019ede24-caa3-7243-b800-c3eb6d954d53', '2023-12-18 09:38:26', '2026-06-22 05:07:40'),
	('019edf13-efb4-7009-b293-28a6d247cdda', '1505072712630001', 'M. AMIN TANJUNG', '019ede24-cd11-73a2-8792-18e045563e16', '2025-06-06', NULL, 'uploads/2025/06/M. AMIN TANJUNG_1505072712630001.pdf', 'M. AMIN TANJUNG_1505072712630001.pdf', NULL, '019ede24-caa3-7243-b800-c3eb6d954d53', NULL, '2026-06-22 05:07:40', '019ede24-caa3-7243-b800-c3eb6d954d53', '2025-06-06 07:53:14', '2026-06-22 05:07:40'),
	('019edf13-efc5-7327-be9c-745041e43196', '1571020408650061', 'M.I.A BUDIHARTO', '019ede24-cd1d-73f5-9aeb-9ae06b776bd9', '2025-11-05', NULL, 'uploads/2025/11/M.I.A BUDIHARTO_1571020408650061.pdf', 'M.I.A BUDIHARTO_1571020408650061.pdf', NULL, '019ede24-caa3-7243-b800-c3eb6d954d53', NULL, '2026-06-22 05:07:40', '019ede24-caa3-7243-b800-c3eb6d954d53', '2025-11-05 14:09:43', '2026-06-22 05:07:40'),
	('019edf13-efd6-7187-b483-5472f96bb6f4', '1505010104650002', 'M.YUSUF', '019ede24-cd11-73a2-8792-18e045563e16', '2022-09-18', NULL, 'uploads/2022/09/M.YUSUF_1505010104650002.pdf', 'M.YUSUF_1505010104650002.pdf', NULL, '019ede24-caa3-7243-b800-c3eb6d954d53', NULL, NULL, NULL, '2022-09-18 11:52:15', '2022-09-18 11:52:15'),
	('019edf13-efe7-72f7-9258-4c99f96b52c0', '1505075508670001', 'MAIMUNAH', '019ede24-cd16-72b6-9a68-a731dc7fd7ee', '2025-06-24', NULL, 'uploads/2025/06/MAIMUNAH_1505075508670001.pdf', 'MAIMUNAH_1505075508670001.pdf', NULL, '019ede24-caa3-7243-b800-c3eb6d954d53', NULL, '2026-06-22 05:07:40', '019ede24-caa3-7243-b800-c3eb6d954d53', '2025-06-23 19:23:22', '2026-06-22 05:07:40'),
	('019edf13-effb-735e-bcdb-b61cdb373bd1', '1571070409630063', 'MANGIDO BUTAR BUTAR', '019ede24-cd1c-7030-8aee-8464c96160ba', '2024-07-20', NULL, 'uploads/2024/07/MANGIDO BUTAR BUTAR_1571070409630063.pdf', 'MANGIDO BUTAR BUTAR_1571070409630063.pdf', NULL, '019ede24-caa3-7243-b800-c3eb6d954d53', NULL, '2026-06-22 05:07:40', '019ede24-caa3-7243-b800-c3eb6d954d53', '2024-07-20 03:26:36', '2026-06-22 05:07:40'),
	('019edf13-f012-717a-a716-7a43ff8ac878', '1571075907620001', 'MARLINAWATI SIREGAR', '019ede24-cd16-72b6-9a68-a731dc7fd7ee', '2024-03-25', NULL, 'uploads/2024/03/MARLINAWATI SIREGAR_1571075907620001.pdf', 'MARLINAWATI SIREGAR_1571075907620001.pdf', NULL, '019ede24-caa3-7243-b800-c3eb6d954d53', NULL, '2026-06-22 05:07:40', '019ede24-caa3-7243-b800-c3eb6d954d53', '2024-03-25 15:31:16', '2026-06-22 05:07:40'),
	('019edf13-f020-715d-9179-a2781fff17ec', '1505092509670001', 'MASRUDI', '019ede24-cd18-738a-bf20-f186a91f69fb', '2023-09-01', NULL, 'uploads/2023/09/MASRUDI_1505092509670001.pdf', 'MASRUDI_1505092509670001.pdf', NULL, '019ede24-caa3-7243-b800-c3eb6d954d53', NULL, '2026-06-22 05:07:40', '019ede24-caa3-7243-b800-c3eb6d954d53', '2023-09-01 06:31:40', '2026-06-22 05:07:40'),
	('019edf13-f038-72bc-a08f-db4e4c58e32f', '1571070407680201', 'MISNO', '019ede24-cd18-738a-bf20-f186a8324f97', '2022-10-31', NULL, 'uploads/2022/10/MISNO_1571070407680201.pdf', 'MISNO_1571070407680201.pdf', NULL, '019ede24-caa3-7243-b800-c3eb6d954d53', NULL, NULL, NULL, '2022-10-31 07:24:58', '2022-10-31 07:24:58'),
	('019edf13-f048-725d-a98b-2bf0dfee29cd', '1571021212620001', 'MUHAMAD MAHPUDH', '019ede24-cd1d-73f5-9aeb-9ae06b776bd9', '2023-11-09', NULL, 'uploads/2023/11/MUHAMAD MAHPUDH_1571021212620001.pdf', 'MUHAMAD MAHPUDH_1571021212620001.pdf', NULL, '019ede24-caa3-7243-b800-c3eb6d954d53', NULL, '2026-06-22 05:07:40', '019ede24-caa3-7243-b800-c3eb6d954d53', '2023-11-09 09:08:26', '2026-06-22 05:07:40'),
	('019edf13-f059-7173-b2cb-0ff78c1a6e2a', '1506010610630001', 'MUHAMMAD YUSUF', '019ede24-cd18-738a-bf20-f186a91f69fb', '2025-10-26', NULL, 'uploads/2025/10/MUHAMMAD YUSUF_1506010610630001.pdf', 'MUHAMMAD YUSUF_1506010610630001.pdf', NULL, '019ede24-caa3-7243-b800-c3eb6d954d53', NULL, '2026-06-22 05:07:40', '019ede24-caa3-7243-b800-c3eb6d954d53', '2025-10-25 23:49:51', '2026-06-22 05:07:40'),
	('019edf13-f06a-7307-87ca-0a40e3a58ab4', '1504042712680001', 'MUHLIS LUBIS', '019ede24-cd21-72b8-b3a5-dbc1c090fc82', '2021-08-20', NULL, 'uploads/2021/08/MUHLIS LUBIS_1504042712680001.pdf', 'MUHLIS LUBIS_1504042712680001.pdf', NULL, '019ede24-caa3-7243-b800-c3eb6d954d53', NULL, NULL, NULL, '2021-08-20 04:44:59', '2021-08-20 04:44:59'),
	('019edf13-f07b-7263-b467-507fa70ba83a', '1571010607630081', 'MULYANTO', '019ede24-cd18-738a-bf20-f186a8324f97', '2025-08-13', NULL, 'uploads/2025/08/MULYANTO_1571010607630081.pdf', 'MULYANTO_1571010607630081.pdf', NULL, '019ede24-caa3-7243-b800-c3eb6d954d53', NULL, '2026-06-22 05:07:40', '019ede24-caa3-7243-b800-c3eb6d954d53', '2025-08-12 18:59:18', '2026-06-22 05:07:40'),
	('019edf13-f08e-72e1-b35b-bb249fcd017a', '1505020204640001', 'MUSTARUDIN', '019ede24-cd1f-733e-bcdf-2e729ad3e34d', '2025-03-18', NULL, 'uploads/2025/03/MUSTARUDIN_1505020204640001.pdf', 'MUSTARUDIN_1505020204640001.pdf', NULL, '019ede24-caa3-7243-b800-c3eb6d954d53', NULL, '2026-06-22 05:07:40', '019ede24-caa3-7243-b800-c3eb6d954d53', '2025-03-18 01:00:23', '2026-06-22 05:07:40'),
	('019edf13-f0a0-7234-a0a2-232ca542696d', '1571021203610041', 'MUSTOPA', '019ede24-cd14-73fc-826d-e15086ad0e70', '2023-01-04', NULL, 'uploads/2023/01/MUSTOPA_1571021203610041.pdf', 'MUSTOPA_1571021203610041.pdf', NULL, '019ede24-caa3-7243-b800-c3eb6d954d53', NULL, NULL, NULL, '2023-01-03 18:37:39', '2023-01-03 18:37:39'),
	('019edf13-f0b4-73eb-83aa-3571fa1e73fc', '15050712016650002', 'NASAHOT DAHRI SIREGAR', '019ede24-cd1d-73f5-9aeb-9ae06b776bd9', '2024-06-30', NULL, 'uploads/2024/06/NASAHOT DAHRI SIREGAR_15050712016650002.pdf', 'NASAHOT DAHRI SIREGAR_15050712016650002.pdf', NULL, '019ede24-caa3-7243-b800-c3eb6d954d53', NULL, '2026-06-22 05:07:40', '019ede24-caa3-7243-b800-c3eb6d954d53', '2024-06-29 17:08:28', '2026-06-22 05:07:40'),
	('019edf13-f0cc-72e1-b2c3-b736c5f251e5', '1505012403590001', 'NASAM SANSUARJO', '019ede24-cd20-7030-a4c6-d75699e3f2c2', '2024-10-19', NULL, 'uploads/2024/10/NASAM SANSUARJO_1505012403590001.pdf', 'NASAM SANSUARJO_1505012403590001.pdf', NULL, '019ede24-caa3-7243-b800-c3eb6d954d53', NULL, '2026-06-22 05:07:40', '019ede24-caa3-7243-b800-c3eb6d954d53', '2024-10-19 10:41:49', '2026-06-22 05:07:40'),
	('019edf13-f0e1-73c8-b866-298c3dc18966', '1505012109690001', 'NASIR RAMBE', '019ede24-cd1e-71df-a9db-8eb5bd2db283', '2024-03-11', NULL, 'uploads/2024/03/NASIR RAMBE_1505012109690001.pdf', 'NASIR RAMBE_1505012109690001.pdf', NULL, '019ede24-caa3-7243-b800-c3eb6d954d53', NULL, '2026-06-22 05:07:40', '019ede24-caa3-7243-b800-c3eb6d954d53', '2024-03-11 12:25:38', '2026-06-22 05:07:40'),
	('019edf13-f0f4-73fd-8b96-6ddbdde38c32', '1504042104670002', 'NAWAWI MANURUNG', '019ede24-cd21-72b8-b3a5-dbc1c090fc82', '2023-04-20', NULL, 'uploads/2023/04/NAWAWI MANURUNG_1504042104670002.pdf', 'NAWAWI MANURUNG_1504042104670002.pdf', NULL, '019ede24-caa3-7243-b800-c3eb6d954d53', NULL, NULL, NULL, '2023-04-20 03:35:26', '2023-04-20 03:35:26'),
	('019edf13-f105-71ce-a956-fa90b13d28e7', '1505071002660002', 'NGATMIN', '019ede24-cd1f-733e-bcdf-2e729ad3e34d', '2024-02-02', NULL, 'uploads/2024/02/NGATMIN_1505071002660002.pdf', 'NGATMIN_1505071002660002.pdf', NULL, '019ede24-caa3-7243-b800-c3eb6d954d53', NULL, '2026-06-22 05:07:40', '019ede24-caa3-7243-b800-c3eb6d954d53', '2024-02-02 05:12:46', '2026-06-22 05:07:40'),
	('019edf13-f11f-71a7-bed8-6f24aadadaf8', '1571072203630021', 'NUDDIN SIAGIAN', '019ede24-cd1c-7030-8aee-8464c96160ba', '2026-03-27', NULL, 'uploads/2026/03/NUDDIN SIAGIAN_1571072203630021.pdf', 'NUDDIN SIAGIAN_1571072203630021.pdf', NULL, '019ede24-caa3-7243-b800-c3eb6d954d53', NULL, '2026-06-22 05:07:40', '019ede24-caa3-7243-b800-c3eb6d954d53', '2026-03-27 16:47:06', '2026-06-22 05:07:40'),
	('019edf13-f132-71bb-99f0-613c44d0f844', '1505070503630001', 'NURBAYANI', '019ede24-cd1f-733e-bcdf-2e729ad3e34d', '2022-03-11', NULL, 'uploads/2022/03/NURBAYANI_1505070503630001.pdf', 'NURBAYANI_1505070503630001.pdf', NULL, '019ede24-caa3-7243-b800-c3eb6d954d53', NULL, NULL, NULL, '2022-03-11 07:37:12', '2022-03-11 07:37:12'),
	('019edf13-f145-7228-8987-51051855e8a7', '1505016006670001', 'NURDIANA DALIMUNTE', '019ede24-cd14-73fc-826d-e15086ad0e70', '2026-03-22', NULL, 'uploads/2026/03/NURDIANA DALIMUNTE_1505016006670001.pdf', 'NURDIANA DALIMUNTE_1505016006670001.pdf', NULL, '019ede24-caa3-7243-b800-c3eb6d954d53', NULL, '2026-06-22 05:07:40', '019ede24-caa3-7243-b800-c3eb6d954d53', '2026-03-22 00:21:11', '2026-06-22 05:07:40'),
	('019edf13-f158-7168-9667-291b65d94eb5', '15050121101690003', 'PAHMI', '019ede24-cd1c-7030-8aee-8464c96160ba', '2026-06-04', NULL, 'uploads/2026/06/PAHMI_15050121101690003.pdf', 'PAHMI_15050121101690003.pdf', NULL, '019ede24-caa3-7243-b800-c3eb6d954d53', NULL, '2026-06-19 02:03:05', '019ede24-caa3-7243-b800-c3eb6d954d53', '2026-06-04 05:57:23', '2026-06-19 02:03:05'),
	('019edf13-f169-7194-be5e-5961dc9dd437', '1505017101600001', 'PARIYEM', '019ede24-cd1a-7095-98ba-1dda17e3c181', '2022-07-03', NULL, 'uploads/2022/07/PARIYEM_1505017101600001.pdf', 'PARIYEM_1505017101600001.pdf', NULL, '019ede24-caa3-7243-b800-c3eb6d954d53', NULL, NULL, NULL, '2022-07-02 18:09:18', '2022-07-02 18:09:18'),
	('019edf13-f17a-70c0-8226-90567e6c8434', '1571021909610001', 'PARSAOPAN HUTABARAT', '019ede24-cd1f-733e-bcdf-2e729ad3e34d', '2021-11-11', NULL, 'uploads/2021/11/PARSAOPAN HUTABARAT_1571021909610001.pdf', 'PARSAOPAN HUTABARAT_1571021909610001.pdf', NULL, '019ede24-caa3-7243-b800-c3eb6d954d53', NULL, NULL, NULL, '2021-11-11 06:00:15', '2021-11-11 06:00:15'),
	('019edf13-f18b-73f3-9e7b-2e2b56db8eb4', '1505010404640003', 'PARUHUM RAMBE', '019ede24-cd1a-7095-98ba-1dda17e3c181', '2022-03-02', NULL, 'uploads/2022/03/PARUHUM RAMBE_1505010404640003.pdf', 'PARUHUM RAMBE_1505010404640003.pdf', NULL, '019ede24-caa3-7243-b800-c3eb6d954d53', NULL, NULL, NULL, '2022-03-02 13:24:39', '2022-03-02 13:24:39'),
	('019edf13-f19c-7073-add8-3a0eb5aac522', '1505071707640001', 'PARULIAN SIMANJUNTAK', '019ede24-cd18-738a-bf20-f186a8324f97', '2023-07-20', NULL, 'uploads/2023/07/PARULIAN SIMANJUNTAK_1505071707640001.pdf', 'PARULIAN SIMANJUNTAK_1505071707640001.pdf', NULL, '019ede24-caa3-7243-b800-c3eb6d954d53', NULL, NULL, NULL, '2023-07-20 16:52:57', '2023-07-20 16:52:57'),
	('019edf13-f1b2-7047-91e2-a5d0b6aa5ccd', '1505011101690002', 'PONIMIN', '019ede24-cd1c-7030-8aee-8464c96160ba', '2022-01-23', NULL, 'uploads/2022/01/PONIMIN_1505011101690002.pdf', 'PONIMIN_1505011101690002.pdf', NULL, '019ede24-caa3-7243-b800-c3eb6d954d53', NULL, NULL, NULL, '2022-01-23 11:50:16', '2022-01-23 11:50:16'),
	('019edf13-f1c5-7235-b506-648ca00cf23f', '1571021010600041', 'PRIYADI GINTING', '019ede24-cd14-73fc-826d-e15086ad0e70', '2025-11-17', NULL, 'uploads/2025/11/PRIYADI GINTING_1571021010600041.pdf', 'PRIYADI GINTING_1571021010600041.pdf', NULL, '019ede24-caa3-7243-b800-c3eb6d954d53', NULL, '2026-06-22 05:07:40', '019ede24-caa3-7243-b800-c3eb6d954d53', '2025-11-17 14:44:29', '2026-06-22 05:07:40'),
	('019edf13-f1d5-7053-85a7-9670d129cff7', '1505077007680001', 'PURIDA SINAMBELA', '019ede24-cd1e-71df-a9db-8eb5bd2db283', '2025-03-12', NULL, 'uploads/2025/03/PURIDA SINAMBELA_1505077007680001.pdf', 'PURIDA SINAMBELA_1505077007680001.pdf', NULL, '019ede24-caa3-7243-b800-c3eb6d954d53', NULL, '2026-06-22 05:07:40', '019ede24-caa3-7243-b800-c3eb6d954d53', '2025-03-12 13:05:25', '2026-06-22 05:07:40'),
	('019edf13-f1e6-7162-9b0c-4690c66cc3d8', '1505051111690001', 'RAMDAN LUBIS', '019ede24-cd1d-73f5-9aeb-9ae06b776bd9', '2022-06-23', NULL, 'uploads/2022/06/RAMDAN LUBIS_1505051111690001.pdf', 'RAMDAN LUBIS_1505051111690001.pdf', NULL, '019ede24-caa3-7243-b800-c3eb6d954d53', NULL, NULL, NULL, '2022-06-23 08:54:02', '2022-06-23 08:54:02'),
	('019edf13-f1f8-7126-94e3-d62bb04cb726', '1505071802700001', 'REDDY', '019ede24-cd1f-733e-bcdf-2e729ad3e34d', '2023-05-23', NULL, 'uploads/2023/05/REDDY_1505071802700001.pdf', 'REDDY_1505071802700001.pdf', NULL, '019ede24-caa3-7243-b800-c3eb6d954d53', NULL, NULL, NULL, '2023-05-23 06:51:33', '2023-05-23 06:51:33'),
	('019edf13-f20c-7307-9e31-7091bb87b7e7', '150594304640002', 'RISMA MURNI', '019ede24-cd1f-733e-bcdf-2e729ad3e34d', '2022-07-02', NULL, 'uploads/2022/07/RISMA MURNI_150594304640002.pdf', 'RISMA MURNI_150594304640002.pdf', NULL, '019ede24-caa3-7243-b800-c3eb6d954d53', NULL, NULL, NULL, '2022-07-02 10:09:52', '2022-07-02 10:09:52'),
	('019edf13-f220-7083-883c-ffb3b9ef47c0', '1505071806710001', 'RISWANTO', '019ede24-cd1f-733e-bcdf-2e729ad3e34d', '2022-06-15', NULL, 'uploads/2022/06/RISWANTO_1505071806710001.pdf', 'RISWANTO_1505071806710001.pdf', NULL, '019ede24-caa3-7243-b800-c3eb6d954d53', NULL, NULL, NULL, '2022-06-14 23:05:00', '2022-06-14 23:05:00'),
	('019edf13-f234-7395-97ec-136a17c33b14', '1505010604690001', 'RISWAN', '019ede24-cd1d-73f5-9aeb-9ae06b776bd9', '2025-05-19', NULL, 'uploads/2025/05/RISWAN_1505010604690001.pdf', 'RISWAN_1505010604690001.pdf', NULL, '019ede24-caa3-7243-b800-c3eb6d954d53', NULL, '2026-06-22 05:07:40', '019ede24-caa3-7243-b800-c3eb6d954d53', '2025-05-19 10:18:28', '2026-06-22 05:07:40'),
	('019edf13-f24a-7174-bdb2-be33928d4446', '1505077101710001', 'RITAYANI', '019ede24-cd1a-7095-98ba-1dda17e3c181', '2024-05-09', NULL, 'uploads/2024/05/RITAYANI_1505077101710001.pdf', 'RITAYANI_1505077101710001.pdf', NULL, '019ede24-caa3-7243-b800-c3eb6d954d53', NULL, '2026-06-22 05:07:40', '019ede24-caa3-7243-b800-c3eb6d954d53', '2024-05-09 08:44:29', '2026-06-22 05:07:40'),
	('019edf13-f25b-72d4-9a25-1b242e2b87f7', '1505070301650001', 'ROESMANTO', '019ede24-cd1a-7095-98ba-1dda17e3c181', '2025-07-01', NULL, 'uploads/2025/07/ROESMANTO_1505070301650001.pdf', 'ROESMANTO_1505070301650001.pdf', NULL, '019ede24-caa3-7243-b800-c3eb6d954d53', NULL, '2026-06-22 05:07:40', '019ede24-caa3-7243-b800-c3eb6d954d53', '2025-06-30 17:11:25', '2026-06-22 05:07:40'),
	('019edf13-f271-716e-b664-82203374083c', '1571074606650061', 'ROMAIDA AMBARITA', '019ede24-cd1e-71df-a9db-8eb5bd2db283', '2022-10-29', NULL, 'uploads/2022/10/ROMAIDA AMBARITA_1571074606650061.pdf', 'ROMAIDA AMBARITA_1571074606650061.pdf', NULL, '019ede24-caa3-7243-b800-c3eb6d954d53', NULL, NULL, NULL, '2022-10-29 01:26:27', '2022-10-29 01:26:27'),
	('019edf13-f287-706f-881e-ebc0c15ccc56', '1505015716680004', 'ROSMAWATI BR. LUMBAN TORUAN JD JANNUR NAINGGOLAN', '019ede24-cd20-7030-a4c6-d75699e3f2c2', '2026-01-31', NULL, 'uploads/2026/01/ROSMAWATI BR. LUMBAN TORUAN JD JANNUR NAINGGOLAN_1505015716680004.pdf', 'ROSMAWATI BR. LUMBAN TORUAN JD JANNUR NAINGGOLAN_1505015716680004.pdf', NULL, '019ede24-caa3-7243-b800-c3eb6d954d53', NULL, '2026-06-22 05:07:41', '019ede24-caa3-7243-b800-c3eb6d954d53', '2026-01-31 14:15:06', '2026-06-22 05:07:41'),
	('019edf13-f29e-736d-bca6-464275f6385f', '1571070504630081', 'RUSMADI', '019ede24-cd1c-7030-8aee-8464c96160ba', '2021-10-20', NULL, 'uploads/2021/10/RUSMADI_1571070504630081.pdf', 'RUSMADI_1571070504630081.pdf', NULL, '019ede24-caa3-7243-b800-c3eb6d954d53', NULL, NULL, NULL, '2021-10-20 13:23:11', '2021-10-20 13:23:11'),
	('019edf13-f2b0-7379-bc58-287694a38321', '1571020203640061', 'SAAN OJAHAN SITUMORANG', '019ede24-cd21-72b8-b3a5-dbc1c090fc82', '2025-11-21', NULL, 'uploads/2025/11/SAAN OJAHAN SITUMORANG_1571020203640061.pdf', 'SAAN OJAHAN SITUMORANG_1571020203640061.pdf', NULL, '019ede24-caa3-7243-b800-c3eb6d954d53', NULL, '2026-06-22 05:07:41', '019ede24-caa3-7243-b800-c3eb6d954d53', '2025-11-21 07:13:11', '2026-06-22 05:07:41'),
	('019edf13-f2c5-7171-a59c-6ad5ec48f0dc', '1571072805660061', 'SAFRUDIN SIREGAR', '019ede24-cd16-72b6-9a68-a731dc7fd7ee', '2022-07-28', NULL, 'uploads/2022/07/SAFRUDIN SIREGAR_1571072805660061.pdf', 'SAFRUDIN SIREGAR_1571072805660061.pdf', NULL, '019ede24-caa3-7243-b800-c3eb6d954d53', NULL, NULL, NULL, '2022-07-28 01:58:32', '2022-07-28 01:58:32'),
	('019edf13-f2da-70b0-8a80-fe4747140e4d', '1504070112600001', 'SAHBUDIN S', '019ede24-cd18-738a-bf20-f186a91f69fb', '2024-02-10', NULL, 'uploads/2024/02/SAHBUDIN S_1504070112600001.pdf', 'SAHBUDIN S_1504070112600001.pdf', NULL, '019ede24-caa3-7243-b800-c3eb6d954d53', NULL, '2026-06-22 05:07:41', '019ede24-caa3-7243-b800-c3eb6d954d53', '2024-02-10 12:34:33', '2026-06-22 05:07:41'),
	('019edf13-f2f4-7290-99c2-f3f0d6e865c1', '1505052802650001', 'SAIRIN', '019ede24-cd1c-7030-8aee-8464c96160ba', '2022-11-11', NULL, 'uploads/2022/11/SAIRIN_1505052802650001.pdf', 'SAIRIN_1505052802650001.pdf', NULL, '019ede24-caa3-7243-b800-c3eb6d954d53', NULL, NULL, NULL, '2022-11-11 15:29:15', '2022-11-11 15:29:15'),
	('019edf13-f309-70f6-8a36-776f7a01ac26', '1505072304690001', 'SAMSURI', '019ede24-cd18-738a-bf20-f186a8324f97', '2022-08-19', NULL, 'uploads/2022/08/SAMSURI_1505072304690001.pdf', 'SAMSURI_1505072304690001.pdf', NULL, '019ede24-caa3-7243-b800-c3eb6d954d53', NULL, NULL, NULL, '2022-08-19 05:22:05', '2022-08-19 05:22:05'),
	('019edf13-f31c-7377-8e65-8364428779e2', '1504045206670001', 'SATIA PARYANTI MANURUNG', '019ede24-cd21-72b8-b3a5-dbc1c090fc82', '2024-02-03', NULL, 'uploads/2024/02/SATIA PARYANTI MANURUNG_1504045206670001.pdf', 'SATIA PARYANTI MANURUNG_1504045206670001.pdf', NULL, '019ede24-caa3-7243-b800-c3eb6d954d53', NULL, '2026-06-22 05:07:41', '019ede24-caa3-7243-b800-c3eb6d954d53', '2024-02-03 16:29:13', '2026-06-22 05:07:41'),
	('019edf13-f32c-70d7-aeb8-e8fc6548430e', '1505101111670003', 'SENIMAN', '019ede24-cd1d-73f5-9aeb-9ae06b776bd9', '2022-11-21', NULL, 'uploads/2022/11/SENIMAN_1505101111670003.pdf', 'SENIMAN_1505101111670003.pdf', NULL, '019ede24-caa3-7243-b800-c3eb6d954d53', NULL, NULL, NULL, '2022-11-20 20:04:18', '2022-11-20 20:04:18'),
	('019edf13-f33f-71b0-a8b5-145cca162267', '1571020604620021', 'SOFIANTO', '019ede24-cd1c-7030-8aee-8464c96160ba', '2023-11-20', NULL, 'uploads/2023/11/SOFIANTO_1571020604620021.pdf', 'SOFIANTO_1571020604620021.pdf', NULL, '019ede24-caa3-7243-b800-c3eb6d954d53', NULL, '2026-06-22 05:07:41', '019ede24-caa3-7243-b800-c3eb6d954d53', '2023-11-20 04:32:50', '2026-06-22 05:07:41'),
	('019edf13-f34f-70d5-96c3-e93f0d4f6b19', '1505011002680002', 'SUANRTO', '019ede24-cd1d-73f5-9aeb-9ae06b776bd9', '2023-03-03', NULL, 'uploads/2023/03/SUANRTO_1505011002680002.pdf', 'SUANRTO_1505011002680002.pdf', NULL, '019ede24-caa3-7243-b800-c3eb6d954d53', NULL, NULL, NULL, '2023-03-03 09:16:31', '2023-03-03 09:16:31'),
	('019edf13-f361-7351-b5d3-acdbd54589c9', '1505090908660001', 'SUDIAMAN NAINGGOLAN', '019ede24-cd16-72b6-9a68-a731dc7fd7ee', '2025-12-14', NULL, 'uploads/2025/12/SUDIAMAN NAINGGOLAN_1505090908660001.pdf', 'SUDIAMAN NAINGGOLAN_1505090908660001.pdf', NULL, '019ede24-caa3-7243-b800-c3eb6d954d53', NULL, '2026-06-22 05:07:41', '019ede24-caa3-7243-b800-c3eb6d954d53', '2025-12-13 22:36:51', '2026-06-22 05:07:41'),
	('019edf13-f373-702f-806b-a4e9a861c601', '1505050604640003', 'SUGIANTO', '019ede24-cd1c-7030-8aee-8464c96160ba', '2022-02-10', NULL, 'uploads/2022/02/SUGIANTO_1505050604640003.pdf', 'SUGIANTO_1505050604640003.pdf', NULL, '019ede24-caa3-7243-b800-c3eb6d954d53', NULL, NULL, NULL, '2022-02-10 14:10:17', '2022-02-10 14:10:17'),
	('019edf13-f383-730b-b336-1b87bffda13f', '150507080660001', 'SUHARMIN', '019ede24-cd21-72b8-b3a5-dbc1c090fc82', '2022-03-12', NULL, 'uploads/2022/03/SUHARMIN_150507080660001.pdf', 'SUHARMIN_150507080660001.pdf', NULL, '019ede24-caa3-7243-b800-c3eb6d954d53', NULL, NULL, NULL, '2022-03-11 17:28:49', '2022-03-11 17:28:49'),
	('019edf13-f393-72b5-bf80-fe4173dd9b74', '1505010506680001', 'SUHERMAN', '019ede24-cd1e-71df-a9db-8eb5bd2db283', '2021-07-04', NULL, 'uploads/2021/07/SUHERMAN_1505010506680001.pdf', 'SUHERMAN_1505010506680001.pdf', NULL, '019ede24-caa3-7243-b800-c3eb6d954d53', NULL, NULL, NULL, '2021-07-04 08:22:00', '2021-07-04 08:22:00'),
	('019edf13-f3a7-72ed-bb85-3727e4166c02', '1571072512710061', 'SUJIMAN FAJRIN', '019ede24-cd16-72b6-9a68-a731dc7fd7ee', '2023-08-08', NULL, 'uploads/2023/08/SUJIMAN FAJRIN_1571072512710061.pdf', 'SUJIMAN FAJRIN_1571072512710061.pdf', NULL, '019ede24-caa3-7243-b800-c3eb6d954d53', NULL, '2026-06-22 05:07:41', '019ede24-caa3-7243-b800-c3eb6d954d53', '2023-08-08 04:28:32', '2026-06-22 05:07:41'),
	('019edf13-f3b9-72aa-837e-e9af71376b49', '1571022904660021', 'SUKADI', '019ede24-cd20-7030-a4c6-d75699e3f2c2', '2022-01-15', NULL, 'uploads/2022/01/SUKADI_1571022904660021.pdf', 'SUKADI_1571022904660021.pdf', NULL, '019ede24-caa3-7243-b800-c3eb6d954d53', NULL, NULL, NULL, '2022-01-14 18:25:20', '2022-01-14 18:25:20'),
	('019edf13-f3c6-7362-8430-eaf9fdc160a3', '1505071007680001', 'SUKARDIMAN', '019ede24-cd18-738a-bf20-f186a8324f97', '2025-07-03', NULL, 'uploads/2025/07/SUKARDIMAN_1505071007680001.pdf', 'SUKARDIMAN_1505071007680001.pdf', NULL, '019ede24-caa3-7243-b800-c3eb6d954d53', NULL, '2026-06-22 05:07:41', '019ede24-caa3-7243-b800-c3eb6d954d53', '2025-07-03 06:06:36', '2026-06-22 05:07:41'),
	('019edf13-f3d6-7010-a073-5eb4f0b0c873', '1571022609630001', 'SUKEMI', '019ede24-cd16-72b6-9a68-a731dc7fd7ee', '2025-01-19', NULL, 'uploads/2025/01/SUKEMI_1571022609630001.pdf', 'SUKEMI_1571022609630001.pdf', NULL, '019ede24-caa3-7243-b800-c3eb6d954d53', NULL, '2026-06-22 05:07:41', '019ede24-caa3-7243-b800-c3eb6d954d53', '2025-01-19 10:27:14', '2026-06-22 05:07:41'),
	('019edf13-f3e7-737c-8883-121eddb19004', '1571020701630001', 'SUKIJO', '019ede24-cd18-738a-bf20-f186a91f69fb', '2024-08-11', NULL, 'uploads/2024/08/SUKIJO_1571020701630001.pdf', 'SUKIJO_1571020701630001.pdf', NULL, '019ede24-caa3-7243-b800-c3eb6d954d53', NULL, '2026-06-22 05:07:41', '019ede24-caa3-7243-b800-c3eb6d954d53', '2024-08-11 05:46:33', '2026-06-22 05:07:41'),
	('019edf13-f3f5-71b6-a85a-590ed4c3f6c5', '1505014212670002', 'SULIYEM', '019ede24-cd11-73a2-8792-18e045563e16', '2025-08-20', NULL, 'uploads/2025/08/SULIYEM_1505014212670002.pdf', 'SULIYEM_1505014212670002.pdf', NULL, '019ede24-caa3-7243-b800-c3eb6d954d53', NULL, '2026-06-22 05:07:41', '019ede24-caa3-7243-b800-c3eb6d954d53', '2025-08-20 15:54:18', '2026-06-22 05:07:41'),
	('019edf13-f404-72e9-ac10-495c946210e6', '1571070907690041', 'SUMARDI', '019ede24-cd1c-7030-8aee-8464c96160ba', '2024-05-21', NULL, 'uploads/2024/05/SUMARDI_1571070907690041.pdf', 'SUMARDI_1571070907690041.pdf', NULL, '019ede24-caa3-7243-b800-c3eb6d954d53', NULL, '2026-06-22 05:07:41', '019ede24-caa3-7243-b800-c3eb6d954d53', '2024-05-21 09:46:29', '2026-06-22 05:07:41'),
	('019edf13-f414-7348-8ad9-8898adb9c6ce', '1504040303660004', 'SUNARDI', '019ede24-cd18-738a-bf20-f186a91f69fb', '2025-04-15', NULL, 'uploads/2025/04/SUNARDI_1504040303660004.pdf', 'SUNARDI_1504040303660004.pdf', NULL, '019ede24-caa3-7243-b800-c3eb6d954d53', NULL, '2026-06-22 05:07:41', '019ede24-caa3-7243-b800-c3eb6d954d53', '2025-04-15 08:08:27', '2026-06-22 05:07:41'),
	('019edf13-f424-7172-85f3-c5c71cdc9158', '1505011410640001', 'SUNARDI', '019ede24-cd1a-7095-98ba-1dda17e3c181', '2025-10-01', NULL, 'uploads/2025/10/SUNARDI_1505011410640001.pdf', 'SUNARDI_1505011410640001.pdf', NULL, '019ede24-caa3-7243-b800-c3eb6d954d53', NULL, '2026-06-22 05:07:41', '019ede24-caa3-7243-b800-c3eb6d954d53', '2025-10-01 04:33:00', '2026-06-22 05:07:41'),
	('019edf13-f434-7359-b8df-d162d5e094f0', '1571031408650001', 'SUPRIAGUS', '019ede24-cd11-73a2-8792-18e045563e16', '2023-02-07', NULL, 'uploads/2023/02/SUPRIAGUS_1571031408650001.pdf', 'SUPRIAGUS_1571031408650001.pdf', NULL, '019ede24-caa3-7243-b800-c3eb6d954d53', NULL, NULL, NULL, '2023-02-07 12:36:46', '2023-02-07 12:36:46'),
	('019edf13-f446-7175-8b48-4fd8b4a34ff5', '1505091308620001', 'SUPRIYANTO', '019ede24-cd20-7030-a4c6-d75699e3f2c2', '2022-05-04', NULL, 'uploads/2022/05/SUPRIYANTO_1505091308620001.pdf', 'SUPRIYANTO_1505091308620001.pdf', NULL, '019ede24-caa3-7243-b800-c3eb6d954d53', NULL, NULL, NULL, '2022-05-03 22:13:35', '2022-05-03 22:13:35'),
	('019edf13-f455-7284-b672-05d0e1355bd7', '1571012512520041', 'SURYANTO', '019ede24-cd1a-7095-98ba-1dda17e3c181', '2026-01-20', NULL, 'uploads/2026/01/SURYANTO_1571012512520041.pdf', 'SURYANTO_1571012512520041.pdf', NULL, '019ede24-caa3-7243-b800-c3eb6d954d53', NULL, '2026-06-22 05:07:41', '019ede24-caa3-7243-b800-c3eb6d954d53', '2026-01-20 10:37:40', '2026-06-22 05:07:41'),
	('019edf13-f46a-7053-8326-c7f376819f61', '1571072312550001', 'SUSETIARSO', '019ede24-cd14-73fc-826d-e15086ad0e70', '2023-04-30', NULL, 'uploads/2023/04/SUSETIARSO_1571072312550001.pdf', 'SUSETIARSO_1571072312550001.pdf', NULL, '019ede24-caa3-7243-b800-c3eb6d954d53', NULL, NULL, NULL, '2023-04-30 06:18:59', '2023-04-30 06:18:59'),
	('019edf13-f47d-7299-8469-13ba8f115212', '1571021806660001', 'SUTOPO', '019ede24-cd14-73fc-826d-e15086ad0e70', '2021-10-03', NULL, 'uploads/2021/10/SUTOPO_1571021806660001.pdf', 'SUTOPO_1571021806660001.pdf', NULL, '019ede24-caa3-7243-b800-c3eb6d954d53', NULL, NULL, NULL, '2021-10-02 23:23:42', '2021-10-02 23:23:42'),
	('019edf13-f493-7198-9798-c328f6ecbc6b', '1505052109650002', 'SYABARUDIN', '019ede24-cd1d-73f5-9aeb-9ae06b776bd9', '2025-09-20', NULL, 'uploads/2025/09/SYABARUDIN_1505052109650002.pdf', 'SYABARUDIN_1505052109650002.pdf', NULL, '019ede24-caa3-7243-b800-c3eb6d954d53', NULL, '2026-06-22 05:07:41', '019ede24-caa3-7243-b800-c3eb6d954d53', '2025-09-19 23:07:59', '2026-06-22 05:07:41'),
	('019edf13-f4a7-7390-a15e-ef05b6f0f763', '1505011906650001', 'SYAHMAN', '019ede24-cd14-73fc-826d-e15086ad0e70', '2021-10-30', NULL, 'uploads/2021/10/SYAHMAN_1505011906650001.pdf', 'SYAHMAN_1505011906650001.pdf', NULL, '019ede24-caa3-7243-b800-c3eb6d954d53', NULL, NULL, NULL, '2021-10-30 15:12:26', '2021-10-30 15:12:26'),
	('019edf13-f4b8-7215-ba73-7a0052d6dfb0', '1571073009650142', 'SYAIDEL AYANI', '019ede24-cd21-72b8-b3a5-dbc1c090fc82', '2024-10-05', NULL, 'uploads/2024/10/SYAIDEL AYANI_1571073009650142.pdf', 'SYAIDEL AYANI_1571073009650142.pdf', NULL, '019ede24-caa3-7243-b800-c3eb6d954d53', NULL, '2026-06-22 05:07:41', '019ede24-caa3-7243-b800-c3eb6d954d53', '2024-10-05 14:18:24', '2026-06-22 05:07:41'),
	('019edf13-f4c6-71da-bfcb-61e40d7814fb', '1504070707620004', 'SYAIFUL BAKHRI', '019ede24-cd1a-7095-98ba-1dda17e3c181', '2024-05-12', NULL, 'uploads/2024/05/SYAIFUL BAKHRI_1504070707620004.pdf', 'SYAIFUL BAKHRI_1504070707620004.pdf', NULL, '019ede24-caa3-7243-b800-c3eb6d954d53', NULL, '2026-06-22 05:07:41', '019ede24-caa3-7243-b800-c3eb6d954d53', '2024-05-12 04:18:49', '2026-06-22 05:07:41'),
	('019edf13-f4d7-734a-8a67-92c319761737', '1571070710680021', 'SYAIFUL', '019ede24-cd11-73a2-8792-18e045563e16', '2023-02-15', NULL, 'uploads/2023/02/SYAIFUL_1571070710680021.pdf', 'SYAIFUL_1571070710680021.pdf', NULL, '019ede24-caa3-7243-b800-c3eb6d954d53', NULL, NULL, NULL, '2023-02-14 23:17:38', '2023-02-14 23:17:38'),
	('019edf13-f4e5-7254-9229-fe4d45ab8ebf', '1503061205670002', 'TAJUDDIN SIREGARA', '019ede24-cd16-72b6-9a68-a731dc7fd7ee', '2021-09-25', NULL, 'uploads/2021/09/TAJUDDIN SIREGARA_1503061205670002.pdf', 'TAJUDDIN SIREGARA_1503061205670002.pdf', NULL, '019ede24-caa3-7243-b800-c3eb6d954d53', NULL, NULL, NULL, '2021-09-24 20:53:43', '2021-09-24 20:53:43'),
	('019edf13-f4f3-73ec-877f-7a95f3131ae9', '1505070705620001', 'TAMBATUA HARAHAP', '019ede24-cd16-72b6-9a68-a731dc7fd7ee', '2023-04-25', NULL, 'uploads/2023/04/TAMBATUA HARAHAP_1505070705620001.pdf', 'TAMBATUA HARAHAP_1505070705620001.pdf', NULL, '019ede24-caa3-7243-b800-c3eb6d954d53', NULL, NULL, NULL, '2023-04-25 11:30:51', '2023-04-25 11:30:51'),
	('019edf13-f501-7025-981c-1b3ec8c18d5b', '1505071311650001', 'TEGUH', '019ede24-cd14-73fc-826d-e15086ad0e70', '2024-05-14', NULL, 'uploads/2024/05/TEGUH_1505071311650001.pdf', 'TEGUH_1505071311650001.pdf', NULL, '019ede24-caa3-7243-b800-c3eb6d954d53', NULL, '2026-06-22 05:07:41', '019ede24-caa3-7243-b800-c3eb6d954d53', '2024-05-13 23:42:18', '2026-06-22 05:07:41'),
	('019edf13-f511-71d1-bf0a-1383b4fa8afe', '1505013110670001', 'TUGIAR NASUTION', '019ede24-cd1d-73f5-9aeb-9ae06b776bd9', '2025-08-21', NULL, 'uploads/2025/08/TUGIAR NASUTION_1505013110670001.pdf', 'TUGIAR NASUTION_1505013110670001.pdf', NULL, '019ede24-caa3-7243-b800-c3eb6d954d53', NULL, '2026-06-22 05:07:41', '019ede24-caa3-7243-b800-c3eb6d954d53', '2025-08-21 02:28:34', '2026-06-22 05:07:41'),
	('019edf13-f520-7141-bb30-f40da026ad44', '1504041603580001', 'TULIK SUWARNO', '019ede24-cd1d-73f5-9aeb-9ae06b776bd9', '2022-11-07', NULL, 'uploads/2022/11/TULIK SUWARNO_1504041603580001.pdf', 'TULIK SUWARNO_1504041603580001.pdf', NULL, '019ede24-caa3-7243-b800-c3eb6d954d53', NULL, NULL, NULL, '2022-11-07 08:12:10', '2022-11-07 08:12:10'),
	('019edf13-f52f-70f4-a4b8-68fce85e256f', '1505072309720002', 'YULI HEPI', '019ede24-cd14-73fc-826d-e15086ad0e70', '2024-01-14', NULL, 'uploads/2024/01/YULI HEPI_1505072309720002.pdf', 'YULI HEPI_1505072309720002.pdf', NULL, '019ede24-caa3-7243-b800-c3eb6d954d53', NULL, '2026-06-22 05:07:41', '019ede24-caa3-7243-b800-c3eb6d954d53', '2024-01-13 17:30:51', '2026-06-22 05:07:41'),
	('019edf13-f53e-727e-817c-264e220e03b8', '1505070606650002', 'YUSTIN LUBIS', '019ede24-cd21-72b8-b3a5-dbc1c090fc82', '2024-11-23', NULL, 'uploads/2024/11/YUSTIN LUBIS_1505070606650002.pdf', 'YUSTIN LUBIS_1505070606650002.pdf', NULL, '019ede24-caa3-7243-b800-c3eb6d954d53', NULL, '2026-06-22 05:07:41', '019ede24-caa3-7243-b800-c3eb6d954d53', '2024-11-22 19:58:20', '2026-06-22 05:07:41'),
	('019edf13-f54c-7249-a14e-46800180e5ad', '1571022811670021', 'ZAIN AFIS', '019ede24-cd20-7030-a4c6-d75699e3f2c2', '2025-05-10', NULL, 'uploads/2025/05/ZAIN AFIS_1571022811670021.pdf', 'ZAIN AFIS_1571022811670021.pdf', NULL, '019ede24-caa3-7243-b800-c3eb6d954d53', NULL, '2026-06-22 05:07:41', '019ede24-caa3-7243-b800-c3eb6d954d53', '2025-05-10 02:22:37', '2026-06-22 05:07:41'),
	('019edf13-f55a-7324-9b88-8b0fe5daae4e', '1505090505700001', 'ZAINAL ABIDIN', '019ede24-cd14-73fc-826d-e15086ad0e70', '2023-03-01', NULL, 'uploads/2023/03/ZAINAL ABIDIN_1505090505700001.pdf', 'ZAINAL ABIDIN_1505090505700001.pdf', NULL, '019ede24-caa3-7243-b800-c3eb6d954d53', NULL, NULL, NULL, '2023-02-28 17:11:36', '2023-02-28 17:11:36'),
	('019edf13-f569-70b3-a0e4-08d279641eb0', '0505016506640001', 'ZULFRIDA LUBIS', '019ede24-cd1c-7030-8aee-8464c96160ba', '2023-12-12', NULL, 'uploads/2023/12/ZULFRIDA LUBIS_0505016506640001.pdf', 'ZULFRIDA LUBIS_0505016506640001.pdf', NULL, '019ede24-caa3-7243-b800-c3eb6d954d53', NULL, '2026-06-22 05:07:41', '019ede24-caa3-7243-b800-c3eb6d954d53', '2023-12-12 08:49:10', '2026-06-22 05:07:41'),
	('019edf13-f576-71f7-9879-2ef04461437d', '1504046001690001', 'ZULHAIDA', '019ede24-cd1a-7095-98ba-1dda17e3c181', '2022-08-09', NULL, 'uploads/2022/08/ZULHAIDA_1504046001690001.pdf', 'ZULHAIDA_1504046001690001.pdf', NULL, '019ede24-caa3-7243-b800-c3eb6d954d53', NULL, NULL, NULL, '2022-08-09 00:33:01', '2022-08-09 00:33:01'),
	('019edf17-4bad-726f-bd5a-9bb4073aa88d', '1504041312630000', 'A. RAHMAN', '019ede24-cd1f-733e-bcdf-2e729ad3e34d', '2023-05-17', NULL, 'uploads/2023/05/A. RAHMAN_1504041312630000.pdf', 'A. RAHMAN_1504041312630000.pdf', NULL, '019ede24-caa3-7243-b800-c3eb6d954d53', NULL, NULL, NULL, '2023-05-17 05:44:11', '2023-05-17 05:44:11'),
	('019edf17-4bd0-707e-b34e-a95229570df7', '1505011507690016', 'ALI NURU', '019ede24-cd14-73fc-826d-e15086ad0e70', '2022-09-20', NULL, 'uploads/2022/09/ALI NURU_1505011507690016.pdf', 'ALI NURU_1505011507690016.pdf', NULL, '019ede24-caa3-7243-b800-c3eb6d954d53', NULL, NULL, NULL, '2022-09-20 16:44:04', '2022-09-20 16:44:04'),
	('019edf17-4bea-7196-acd8-42b2a819643a', '1505090712650001', 'AMSYAH', '019ede24-cd1a-7095-98ba-1dda17e3c181', '2026-06-12', NULL, 'uploads/2026/06/AMSYAH_1505090712650001.pdf', 'AMSYAH_1505090712650001.pdf', NULL, '019ede24-caa3-7243-b800-c3eb6d954d53', NULL, '2026-06-19 02:03:02', '019ede24-caa3-7243-b800-c3eb6d954d53', '2026-06-12 05:06:48', '2026-06-19 02:03:02'),
	('019edf17-4bff-72be-86cb-89fdae5ac24b', '1213211504490001', 'BANGUN LUBIS', '019ede24-cd1e-71df-a9db-8eb5bd2db283', '2025-01-14', NULL, 'uploads/2025/01/BANGUN LUBIS_1213211504490001.pdf', 'BANGUN LUBIS_1213211504490001.pdf', NULL, '019ede24-caa3-7243-b800-c3eb6d954d53', NULL, '2026-06-22 05:07:41', '019ede24-caa3-7243-b800-c3eb6d954d53', '2025-01-14 10:48:53', '2026-06-22 05:07:41'),
	('019edf17-4c15-721f-bdbc-100952ce6097', '1505010910660001', 'BASRI', '019ede24-cd1a-7095-98ba-1dda17e3c181', '2022-01-09', NULL, 'uploads/2022/01/BASRI_1505010910660001.pdf', 'BASRI_1505010910660001.pdf', NULL, '019ede24-caa3-7243-b800-c3eb6d954d53', NULL, NULL, NULL, '2022-01-09 07:23:44', '2022-01-09 07:23:44'),
	('019edf17-4c2b-7124-a6bc-b3eb0a4bd28f', '1571022110580041', 'BERONTAK NAINGGOLAN', '019ede24-cd14-73fc-826d-e15086ad0e70', '2021-07-28', NULL, 'uploads/2021/07/BERONTAK NAINGGOLAN_1571022110580041.pdf', 'BERONTAK NAINGGOLAN_1571022110580041.pdf', NULL, '019ede24-caa3-7243-b800-c3eb6d954d53', NULL, NULL, NULL, '2021-07-27 19:52:35', '2021-07-27 19:52:35'),
	('019edf17-4c3c-7057-8de1-91280f95409b', '1505013101600001', 'BOIMIN', '019ede24-cd20-7030-a4c6-d75699e3f2c2', '2024-11-14', NULL, 'uploads/2024/11/BOIMIN_1505013101600001.pdf', 'BOIMIN_1505013101600001.pdf', NULL, '019ede24-caa3-7243-b800-c3eb6d954d53', NULL, '2026-06-22 05:07:41', '019ede24-caa3-7243-b800-c3eb6d954d53', '2024-11-14 10:26:29', '2026-06-22 05:07:41'),
	('019edf17-4c4d-7243-8229-c003a646bede', '1505071507680009', 'DAEP SOLEH SAEPUDIN', '019ede24-cd18-738a-bf20-f186a8324f97', '2025-09-26', NULL, 'uploads/2025/09/DAEP SOLEH SAEPUDIN_1505071507680009.pdf', 'DAEP SOLEH SAEPUDIN_1505071507680009.pdf', NULL, '019ede24-caa3-7243-b800-c3eb6d954d53', NULL, '2026-06-22 05:07:41', '019ede24-caa3-7243-b800-c3eb6d954d53', '2025-09-26 02:32:03', '2026-06-22 05:07:41'),
	('019edf17-4c5d-7201-a2a4-ec2a80e4fb2d', '1505071108630001', 'EMI AMRIZAL', '019ede24-cd18-738a-bf20-f186a91f69fb', '2022-05-25', NULL, 'uploads/2022/05/EMI AMRIZAL_1505071108630001.pdf', 'EMI AMRIZAL_1505071108630001.pdf', NULL, '019ede24-caa3-7243-b800-c3eb6d954d53', NULL, NULL, NULL, '2022-05-25 01:54:05', '2022-05-25 01:54:05'),
	('019edf17-4c70-73de-936c-88a96c68b129', '1571021312570041', 'ERDISON', '019ede24-cd21-72b8-b3a5-dbc1c090fc82', '2022-11-15', NULL, 'uploads/2022/11/ERDISON_1571021312570041.pdf', 'ERDISON_1571021312570041.pdf', NULL, '019ede24-caa3-7243-b800-c3eb6d954d53', NULL, NULL, NULL, '2022-11-14 19:32:42', '2022-11-14 19:32:42'),
	('019edf17-4c83-7376-b413-521e6ba7c384', '1505090202620001', 'FIRMANSYAH', '019ede24-cd11-73a2-8792-18e045563e16', '2025-10-20', NULL, 'uploads/2025/10/FIRMANSYAH_1505090202620001.pdf', 'FIRMANSYAH_1505090202620001.pdf', NULL, '019ede24-caa3-7243-b800-c3eb6d954d53', NULL, '2026-06-22 05:07:41', '019ede24-caa3-7243-b800-c3eb6d954d53', '2025-10-20 14:08:46', '2026-06-22 05:07:41'),
	('019edf17-4c98-713d-9f06-1c7948b0f8e7', '1505013105670001', 'H. LAMBOK TAMPUBOLON', '019ede24-cd20-7030-a4c6-d75699e3f2c2', '2021-10-02', NULL, 'uploads/2021/10/H. LAMBOK TAMPUBOLON_1505013105670001.pdf', 'H. LAMBOK TAMPUBOLON_1505013105670001.pdf', NULL, '019ede24-caa3-7243-b800-c3eb6d954d53', NULL, NULL, NULL, '2021-10-02 08:16:52', '2021-10-02 08:16:52'),
	('019edf17-4cab-7142-a670-a4d805d47e7b', '1501090310620001', 'IRYANTO', '019ede24-cd20-7030-a4c6-d75699e3f2c2', '2026-05-24', NULL, 'uploads/2026/05/IRYANTO_1501090310620001.pdf', 'IRYANTO_1501090310620001.pdf', NULL, '019ede24-caa3-7243-b800-c3eb6d954d53', NULL, '2026-06-19 02:02:56', '019ede24-caa3-7243-b800-c3eb6d954d53', '2026-05-24 10:18:36', '2026-06-19 02:02:56'),
	('019edf17-4cc4-70bf-a453-84e409071a87', '1505092608680001', 'ISNAINI', '019ede24-cd1d-73f5-9aeb-9ae06b776bd9', '2025-12-21', NULL, 'uploads/2025/12/ISNAINI_1505092608680001.pdf', 'ISNAINI_1505092608680001.pdf', NULL, '019ede24-caa3-7243-b800-c3eb6d954d53', NULL, NULL, NULL, '2025-12-21 14:59:51', '2026-06-22 05:39:12'),
	('019edf17-4cdf-70c7-ade7-62a204d29a06', '1504040403650003', 'JAMHURI', '019ede24-cd18-738a-bf20-f186a8324f97', '2025-01-05', NULL, 'uploads/2025/01/JAMHURI_1504040403650003.pdf', 'JAMHURI_1504040403650003.pdf', NULL, '019ede24-caa3-7243-b800-c3eb6d954d53', NULL, NULL, NULL, '2025-01-05 11:27:14', '2026-06-22 05:39:10'),
	('019edf17-4cf6-72c3-a9db-ff9bb02e2343', '1571071107620021', 'KASMIN DAMANIK', '019ede24-cd21-72b8-b3a5-dbc1c090fc82', '2023-04-07', NULL, 'uploads/2023/04/KASMIN DAMANIK_1571071107620021.pdf', 'KASMIN DAMANIK_1571071107620021.pdf', NULL, '019ede24-caa3-7243-b800-c3eb6d954d53', NULL, NULL, NULL, '2023-04-07 15:51:29', '2023-04-07 15:51:29'),
	('019edf17-4d07-73cd-b631-284605b7ec01', '1571071810600061', 'LODEWYK L. TOBING', '019ede24-cd1a-7095-98ba-1dda17e3c181', '2023-05-29', NULL, 'uploads/2023/05/LODEWYK L. TOBING_1571071810600061.pdf', 'LODEWYK L. TOBING_1571071810600061.pdf', NULL, '019ede24-caa3-7243-b800-c3eb6d954d53', NULL, NULL, NULL, '2023-05-28 22:15:36', '2023-05-28 22:15:36'),
	('019edf17-4d1d-710d-8108-e9ac5ac1a7ac', '1505055510670002', 'MALGUYENTI', '019ede24-cd18-738a-bf20-f186a91f69fb', '2024-02-10', NULL, 'uploads/2024/02/MALGUYENTI_1505055510670002.pdf', 'MALGUYENTI_1505055510670002.pdf', NULL, '019ede24-caa3-7243-b800-c3eb6d954d53', NULL, NULL, NULL, '2024-02-09 18:09:28', '2026-06-22 05:39:09'),
	('019edf17-4d35-739d-9cb7-c2893c1cf1d1', '1505071507650006', 'MANGANTAR PANGGABEAN', '019ede24-cd20-7030-a4c6-d75699e3f2c2', '2024-06-29', NULL, 'uploads/2024/06/MANGANTAR PANGGABEAN_1505071507650006.pdf', 'MANGANTAR PANGGABEAN_1505071507650006.pdf', NULL, '019ede24-caa3-7243-b800-c3eb6d954d53', NULL, NULL, NULL, '2024-06-29 15:31:48', '2026-06-22 05:39:08'),
	('019edf17-4d52-72e1-934c-03d21307f7ff', '1505091711660001', 'MASRUDI', '019ede24-cd1f-733e-bcdf-2e729ad3e34d', '2022-01-22', NULL, 'uploads/2022/01/MASRUDI_1505091711660001.pdf', 'MASRUDI_1505091711660001.pdf', NULL, '019ede24-caa3-7243-b800-c3eb6d954d53', NULL, NULL, NULL, '2022-01-22 09:55:06', '2022-01-22 09:55:06'),
	('019edf17-4d72-701e-a424-6204addf3e31', '157102140967001', 'MHD. SUGIRINOTO', '019ede24-cd16-72b6-9a68-a731dc7fd7ee', '2025-03-07', NULL, 'uploads/2025/03/MHD. SUGIRINOTO_157102140967001.pdf', 'MHD. SUGIRINOTO_157102140967001.pdf', NULL, '019ede24-caa3-7243-b800-c3eb6d954d53', NULL, NULL, NULL, '2025-03-06 19:43:32', '2026-06-22 05:39:07'),
	('019edf17-4d92-7080-9c32-db9f97bbc73f', '1505070304690001', 'NASWIN', '019ede24-cd18-738a-bf20-f186a8324f97', '2021-07-06', NULL, 'uploads/2021/07/NASWIN_1505070304690001.pdf', 'NASWIN_1505070304690001.pdf', NULL, '019ede24-caa3-7243-b800-c3eb6d954d53', NULL, NULL, NULL, '2021-07-05 23:15:42', '2021-07-05 23:15:42'),
	('019edf17-4da6-71c2-aeae-ed5f48e45fa1', '1505071405680001', 'PARDAMEAN RAMBE', '019ede24-cd1f-733e-bcdf-2e729ad3e34d', '2022-04-16', NULL, 'uploads/2022/04/PARDAMEAN RAMBE_1505071405680001.pdf', 'PARDAMEAN RAMBE_1505071405680001.pdf', NULL, '019ede24-caa3-7243-b800-c3eb6d954d53', NULL, NULL, NULL, '2022-04-16 06:43:36', '2022-04-16 06:43:36'),
	('019edf17-4db8-7137-b505-b49dfa3ee479', '1571072512580001', 'PAUZI', '019ede24-cd18-738a-bf20-f186a8324f97', '2026-02-25', NULL, 'uploads/2026/02/PAUZI_1571072512580001.pdf', 'PAUZI_1571072512580001.pdf', NULL, '019ede24-caa3-7243-b800-c3eb6d954d53', NULL, NULL, NULL, '2026-02-25 14:35:11', '2026-06-22 05:39:06'),
	('019edf17-4dcb-730c-a019-43c780270849', '150511012620006', 'RENGSA', '019ede24-cd1e-71df-a9db-8eb5bd2db283', '2022-03-04', NULL, 'uploads/2022/03/RENGSA_150511012620006.pdf', 'RENGSA_150511012620006.pdf', NULL, '019ede24-caa3-7243-b800-c3eb6d954d53', NULL, NULL, NULL, '2022-03-03 17:30:23', '2022-03-03 17:30:23'),
	('019edf17-4dda-706a-b2db-1ceb3dc4141c', '1504040708630003', 'RIDWAN', '019ede24-cd21-72b8-b3a5-dbc1c090fc82', '2022-12-14', NULL, 'uploads/2022/12/RIDWAN_1504040708630003.pdf', 'RIDWAN_1504040708630003.pdf', NULL, '019ede24-caa3-7243-b800-c3eb6d954d53', NULL, NULL, NULL, '2022-12-14 13:59:54', '2022-12-14 13:59:54'),
	('019edf17-4dec-73ce-affc-1ca06d41479c', '1505096311690001', 'SAMSUDIN SIMANJUNTAK', '019ede24-cd1a-7095-98ba-1dda17e3c181', '2021-10-21', NULL, 'uploads/2021/10/SAMSUDIN SIMANJUNTAK_1505096311690001.pdf', 'SAMSUDIN SIMANJUNTAK_1505096311690001.pdf', NULL, '019ede24-caa3-7243-b800-c3eb6d954d53', NULL, NULL, NULL, '2021-10-20 21:20:28', '2021-10-20 21:20:28'),
	('019edf17-4e01-72f8-b74e-5e05ead3c7a4', '1505012303660001', 'SIMAN', '019ede24-cd16-72b6-9a68-a731dc7fd7ee', '2022-08-14', NULL, 'uploads/2022/08/SIMAN_1505012303660001.pdf', 'SIMAN_1505012303660001.pdf', NULL, '019ede24-caa3-7243-b800-c3eb6d954d53', NULL, NULL, NULL, '2022-08-14 00:26:00', '2022-08-14 00:26:00'),
	('019edf17-4e17-7095-b150-80e70e447d3b', '1505012412650001', 'SIMSON SIMANUNGKALIT', '019ede24-cd1c-7030-8aee-8464c96160ba', '2022-09-03', NULL, 'uploads/2022/09/SIMSON SIMANUNGKALIT_1505012412650001.pdf', 'SIMSON SIMANUNGKALIT_1505012412650001.pdf', NULL, '019ede24-caa3-7243-b800-c3eb6d954d53', NULL, NULL, NULL, '2022-09-03 07:56:35', '2022-09-03 07:56:35'),
	('019edf17-4e30-735c-b6f1-05de201db20b', '1571025408670041', 'SRI SUSILOWATI', '019ede24-cd1f-733e-bcdf-2e729ad3e34d', '2023-06-30', NULL, 'uploads/2023/06/SRI SUSILOWATI_1571025408670041.pdf', 'SRI SUSILOWATI_1571025408670041.pdf', NULL, '019ede24-caa3-7243-b800-c3eb6d954d53', NULL, NULL, NULL, '2023-06-30 03:13:10', '2023-06-30 03:13:10'),
	('019edf17-4e4a-7161-ad02-87895ff61893', '1505011710680003', 'SUHAIDI', '019ede24-cd20-7030-a4c6-d75699e3f2c2', '2024-03-22', NULL, 'uploads/2024/03/SUHAIDI_1505011710680003.pdf', 'SUHAIDI_1505011710680003.pdf', NULL, '019ede24-caa3-7243-b800-c3eb6d954d53', NULL, NULL, NULL, '2024-03-22 01:41:30', '2026-06-22 05:39:06'),
	('019edf17-4e5e-7151-8d4a-ad0ce90356bb', '1571023110690040', 'SUKIJO', '019ede24-cd14-73fc-826d-e15086ad0e70', '2025-04-28', NULL, 'uploads/2025/04/SUKIJO_1571023110690040.pdf', 'SUKIJO_1571023110690040.pdf', NULL, '019ede24-caa3-7243-b800-c3eb6d954d53', NULL, NULL, NULL, '2025-04-28 15:50:20', '2026-06-22 05:39:04'),
	('019edf17-4e71-710a-a6e4-d6d5e91fe612', '1505010102650002', 'SUKIMAN LUBIS', '019ede24-cd20-7030-a4c6-d75699e3f2c2', '2023-07-26', NULL, 'uploads/2023/07/SUKIMAN LUBIS_1505010102650002.pdf', 'SUKIMAN LUBIS_1505010102650002.pdf', NULL, '019ede24-caa3-7243-b800-c3eb6d954d53', NULL, NULL, NULL, '2023-07-25 20:01:30', '2023-07-25 20:01:30'),
	('019edf17-4e82-7114-9003-2bdaa2334f04', '1504041111630001', 'SUKRI AMIN', '019ede24-cd21-72b8-b3a5-dbc1c090fc82', '2021-12-04', NULL, 'uploads/2021/12/SUKRI AMIN_1504041111630001.pdf', 'SUKRI AMIN_1504041111630001.pdf', NULL, '019ede24-caa3-7243-b800-c3eb6d954d53', NULL, NULL, NULL, '2021-12-03 18:15:55', '2021-12-03 18:15:55'),
	('019edf17-4e92-710d-8fcf-32634ddc10c2', '1509041107560001', 'SUNARYO', '019ede24-cd18-738a-bf20-f186a91f69fb', '2023-01-18', NULL, 'uploads/2023/01/SUNARYO_1509041107560001.pdf', 'SUNARYO_1509041107560001.pdf', NULL, '019ede24-caa3-7243-b800-c3eb6d954d53', NULL, NULL, NULL, '2023-01-17 23:49:05', '2023-01-17 23:49:05'),
	('019edf17-4ea1-7036-b7d1-030358ace048', '1505070110670001', 'SUPANGAT', '019ede24-cd1e-71df-a9db-8eb5bd2db283', '2021-07-06', NULL, 'uploads/2021/07/SUPANGAT_1505070110670001.pdf', 'SUPANGAT_1505070110670001.pdf', NULL, '019ede24-caa3-7243-b800-c3eb6d954d53', NULL, NULL, NULL, '2021-07-06 08:07:02', '2021-07-06 08:07:02'),
	('019edf17-4eb3-70e0-828d-c909107ca104', '1505075210680001', 'SURYANI', '019ede24-cd1d-73f5-9aeb-9ae06b776bd9', '2023-03-28', NULL, 'uploads/2023/03/SURYANI_1505075210680001.pdf', 'SURYANI_1505075210680001.pdf', NULL, '019ede24-caa3-7243-b800-c3eb6d954d53', NULL, NULL, NULL, '2023-03-27 18:42:13', '2023-03-27 18:42:13'),
	('019edf17-4ec4-739b-b55e-7cb6e57c1fef', '1505011801620001', 'SUWARNO', '019ede24-cd14-73fc-826d-e15086ad0e70', '2022-05-08', NULL, 'uploads/2022/05/SUWARNO_1505011801620001.pdf', 'SUWARNO_1505011801620001.pdf', NULL, '019ede24-caa3-7243-b800-c3eb6d954d53', NULL, NULL, NULL, '2022-05-08 15:07:00', '2022-05-08 15:07:00'),
	('019edf17-4ed4-7264-b1b8-2467fb9967e0', '1504040305660001', 'SYAFRI', '019ede24-cd18-738a-bf20-f186a91f69fb', '2022-08-05', NULL, 'uploads/2022/08/SYAFRI_1504040305660001.pdf', 'SYAFRI_1504040305660001.pdf', NULL, '019ede24-caa3-7243-b800-c3eb6d954d53', NULL, NULL, NULL, '2022-08-05 03:53:28', '2022-08-05 03:53:28'),
	('019edf17-4ee8-705b-a89b-eed3bfb6b8a7', '1571021002520081', 'SYAHRUL LUBIS', '019ede24-cd18-738a-bf20-f186a91f69fb', '2021-12-03', NULL, 'uploads/2021/12/SYAHRUL LUBIS_1571021002520081.pdf', 'SYAHRUL LUBIS_1571021002520081.pdf', NULL, '019ede24-caa3-7243-b800-c3eb6d954d53', NULL, NULL, NULL, '2021-12-02 18:50:30', '2021-12-02 18:50:30'),
	('019edf17-4ef8-7289-bea6-4195b5e30f69', '1505091507570001', 'TORASLAN SITINJAK', '019ede24-cd14-73fc-826d-e15086ad0e70', '2026-05-01', 'okokokok', 'uploads/2026/05/TORASLAN SITINJAK_1505091507570001.pdf', 'TORASLAN SITINJAK_1505091507570001.pdf', NULL, '019ede24-caa3-7243-b800-c3eb6d954d53', '019ede24-cb74-73b7-85ee-ba849d9f5f21', '2026-06-22 20:36:54', '019ede24-caa3-7243-b800-c3eb6d954d53', '2026-05-01 16:22:17', '2026-06-22 20:36:54'),
	('019edf17-4f09-7302-81c7-e773f769fa9d', '1505010303680003', 'TUGIMIN', '019ede24-cd20-7030-a4c6-d75699e3f2c2', '2022-09-17', NULL, 'uploads/2022/09/TUGIMIN_1505010303680003.pdf', 'TUGIMIN_1505010303680003.pdf', NULL, '019ede24-caa3-7243-b800-c3eb6d954d53', NULL, NULL, NULL, '2022-09-17 15:13:29', '2022-09-17 15:13:29'),
	('019edf17-4f1d-72db-a1f2-f4a22dfd7286', '1571020812550041', 'U.EKO PAMUJIANTO', '019ede24-cd1e-71df-a9db-8eb5bd2db283', '2024-04-07', NULL, 'uploads/2024/04/U.EKO PAMUJIANTO_1571020812550041.pdf', 'U.EKO PAMUJIANTO_1571020812550041.pdf', NULL, '019ede24-caa3-7243-b800-c3eb6d954d53', NULL, NULL, NULL, '2024-04-07 03:16:51', '2026-06-22 05:39:02'),
	('019edf17-4f31-7044-88a3-a8846fb60f0b', '1571071112670081', 'WAHID MUKLIS SOPANG', '019ede24-cd21-72b8-b3a5-dbc1c090fc82', '2021-10-13', NULL, 'uploads/2021/10/WAHID MUKLIS SOPANG_1571071112670081.pdf', 'WAHID MUKLIS SOPANG_1571071112670081.pdf', NULL, '019ede24-caa3-7243-b800-c3eb6d954d53', NULL, NULL, NULL, '2021-10-13 16:08:00', '2021-10-13 16:08:00'),
	('019edf17-4f45-72bd-ac51-3937ac6736bf', '1504040511650002', 'ZUHDI', '019ede24-cd18-738a-bf20-f186a8324f97', '2023-01-29', NULL, 'uploads/2023/01/ZUHDI_1504040511650002.pdf', 'ZUHDI_1504040511650002.pdf', NULL, '019ede24-caa3-7243-b800-c3eb6d954d53', NULL, NULL, NULL, '2023-01-29 08:58:08', '2023-01-29 08:58:08');

-- Dumping structure for table sipsr.document_histories
DROP TABLE IF EXISTS `document_histories`;
CREATE TABLE IF NOT EXISTS `document_histories` (
  `id` char(36) COLLATE utf8mb4_unicode_ci NOT NULL,
  `document_id` char(36) COLLATE utf8mb4_unicode_ci NOT NULL,
  `field_name` varchar(255) COLLATE utf8mb4_unicode_ci NOT NULL,
  `old_value` text COLLATE utf8mb4_unicode_ci,
  `new_value` text COLLATE utf8mb4_unicode_ci,
  `changed_by_id` char(36) COLLATE utf8mb4_unicode_ci NOT NULL,
  `changed_at` timestamp NOT NULL,
  PRIMARY KEY (`id`),
  KEY `document_histories_document_id_foreign` (`document_id`),
  KEY `document_histories_changed_by_id_foreign` (`changed_by_id`),
  CONSTRAINT `document_histories_changed_by_id_foreign` FOREIGN KEY (`changed_by_id`) REFERENCES `users` (`id`) ON DELETE CASCADE,
  CONSTRAINT `document_histories_document_id_foreign` FOREIGN KEY (`document_id`) REFERENCES `documents` (`id`) ON DELETE CASCADE
) ENGINE=InnoDB DEFAULT CHARSET=utf8mb4 COLLATE=utf8mb4_unicode_ci;

-- Dumping data for table sipsr.document_histories: ~4 rows (approximately)
INSERT INTO `document_histories` (`id`, `document_id`, `field_name`, `old_value`, `new_value`, `changed_by_id`, `changed_at`) VALUES
	('019edeb5-5a29-707a-8e3b-96bb0900b288', '019edeb3-af1d-7207-9619-cfadf856fec7', 'Nomor Dokumen', ';', ';s', '019ede24-caa3-7243-b800-c3eb6d954d53', '2026-06-19 00:08:07'),
	('019edec2-0601-7223-a3c0-29d5c1205520', '019edeb3-af1d-7207-9619-cfadf856fec7', 'Nama Dokumen', 'Dokumen Test Upload', 'Dokumen Test Uploadghgh', '019ede24-caa3-7243-b800-c3eb6d954d53', '2026-06-19 00:21:58'),
	('019ee570-a9e7-73a3-bd3f-6b341c9f2eda', '019edf17-4ef8-7289-bea6-4195b5e30f69', 'Deskripsi', NULL, 'okokokok', '019ede24-cb74-73b7-85ee-ba849d9f5f21', '2026-06-20 07:30:26'),
	('019eef00-700a-7275-ab87-9a444da0f111', '019edf13-ef91-73df-b5ed-e120ad15845f', 'Deskripsi', NULL, 'kjkjkj', '019ede24-caa3-7243-b800-c3eb6d954d53', '2026-06-22 04:04:03');

-- Dumping structure for table sipsr.document_share_links
DROP TABLE IF EXISTS `document_share_links`;
CREATE TABLE IF NOT EXISTS `document_share_links` (
  `id` char(36) COLLATE utf8mb4_unicode_ci NOT NULL,
  `document_id` char(36) COLLATE utf8mb4_unicode_ci NOT NULL,
  `token` varchar(255) COLLATE utf8mb4_unicode_ci NOT NULL,
  `created_by_id` char(36) COLLATE utf8mb4_unicode_ci NOT NULL,
  `expired_at` timestamp NOT NULL,
  `revoked_at` timestamp NULL DEFAULT NULL,
  `created_at` timestamp NULL DEFAULT NULL,
  `updated_at` timestamp NULL DEFAULT NULL,
  PRIMARY KEY (`id`),
  UNIQUE KEY `document_share_links_token_unique` (`token`),
  KEY `document_share_links_document_id_foreign` (`document_id`),
  KEY `document_share_links_created_by_id_foreign` (`created_by_id`),
  CONSTRAINT `document_share_links_created_by_id_foreign` FOREIGN KEY (`created_by_id`) REFERENCES `users` (`id`) ON DELETE CASCADE,
  CONSTRAINT `document_share_links_document_id_foreign` FOREIGN KEY (`document_id`) REFERENCES `documents` (`id`) ON DELETE CASCADE
) ENGINE=InnoDB DEFAULT CHARSET=utf8mb4 COLLATE=utf8mb4_unicode_ci;

-- Dumping data for table sipsr.document_share_links: ~2 rows (approximately)
INSERT INTO `document_share_links` (`id`, `document_id`, `token`, `created_by_id`, `expired_at`, `revoked_at`, `created_at`, `updated_at`) VALUES
	('019ee56e-7eaa-71f5-8787-be6f101abc91', '019edf17-4ef8-7289-bea6-4195b5e30f69', 'f7706e9a-3161-462d-8ad8-44abe46c0cee', '019ede24-cb74-73b7-85ee-ba849d9f5f21', '2026-06-27 07:28:04', '2026-06-20 07:28:24', '2026-06-20 07:28:04', '2026-06-20 07:28:24'),
	('019ee56f-876e-73a9-acd2-1f9b2557be14', '019edf17-4ef8-7289-bea6-4195b5e30f69', 'ada92b34-3e60-4ece-80e1-c2afaf4944be', '019ede24-cb74-73b7-85ee-ba849d9f5f21', '2026-06-27 07:29:12', NULL, '2026-06-20 07:29:12', '2026-06-20 07:29:12');

-- Dumping structure for table sipsr.failed_jobs
DROP TABLE IF EXISTS `failed_jobs`;
CREATE TABLE IF NOT EXISTS `failed_jobs` (
  `id` bigint unsigned NOT NULL AUTO_INCREMENT,
  `uuid` varchar(255) COLLATE utf8mb4_unicode_ci NOT NULL,
  `connection` varchar(255) COLLATE utf8mb4_unicode_ci NOT NULL,
  `queue` varchar(255) COLLATE utf8mb4_unicode_ci NOT NULL,
  `payload` longtext COLLATE utf8mb4_unicode_ci NOT NULL,
  `exception` longtext COLLATE utf8mb4_unicode_ci NOT NULL,
  `failed_at` timestamp NOT NULL DEFAULT CURRENT_TIMESTAMP,
  PRIMARY KEY (`id`),
  UNIQUE KEY `failed_jobs_uuid_unique` (`uuid`),
  KEY `failed_jobs_connection_queue_failed_at_index` (`connection`,`queue`,`failed_at`)
) ENGINE=InnoDB DEFAULT CHARSET=utf8mb4 COLLATE=utf8mb4_unicode_ci;

-- Dumping data for table sipsr.failed_jobs: ~0 rows (approximately)

-- Dumping structure for table sipsr.jobs
DROP TABLE IF EXISTS `jobs`;
CREATE TABLE IF NOT EXISTS `jobs` (
  `id` bigint unsigned NOT NULL AUTO_INCREMENT,
  `queue` varchar(255) COLLATE utf8mb4_unicode_ci NOT NULL,
  `payload` longtext COLLATE utf8mb4_unicode_ci NOT NULL,
  `attempts` smallint unsigned NOT NULL,
  `reserved_at` int unsigned DEFAULT NULL,
  `available_at` int unsigned NOT NULL,
  `created_at` int unsigned NOT NULL,
  PRIMARY KEY (`id`),
  KEY `jobs_queue_index` (`queue`)
) ENGINE=InnoDB DEFAULT CHARSET=utf8mb4 COLLATE=utf8mb4_unicode_ci;

-- Dumping data for table sipsr.jobs: ~0 rows (approximately)

-- Dumping structure for table sipsr.job_batches
DROP TABLE IF EXISTS `job_batches`;
CREATE TABLE IF NOT EXISTS `job_batches` (
  `id` varchar(255) COLLATE utf8mb4_unicode_ci NOT NULL,
  `name` varchar(255) COLLATE utf8mb4_unicode_ci NOT NULL,
  `total_jobs` int NOT NULL,
  `pending_jobs` int NOT NULL,
  `failed_jobs` int NOT NULL,
  `failed_job_ids` longtext COLLATE utf8mb4_unicode_ci NOT NULL,
  `options` mediumtext COLLATE utf8mb4_unicode_ci,
  `cancelled_at` int DEFAULT NULL,
  `created_at` int NOT NULL,
  `finished_at` int DEFAULT NULL,
  PRIMARY KEY (`id`)
) ENGINE=InnoDB DEFAULT CHARSET=utf8mb4 COLLATE=utf8mb4_unicode_ci;

-- Dumping data for table sipsr.job_batches: ~0 rows (approximately)

-- Dumping structure for table sipsr.migrations
DROP TABLE IF EXISTS `migrations`;
CREATE TABLE IF NOT EXISTS `migrations` (
  `id` int unsigned NOT NULL AUTO_INCREMENT,
  `migration` varchar(255) COLLATE utf8mb4_unicode_ci NOT NULL,
  `batch` int NOT NULL,
  PRIMARY KEY (`id`)
) ENGINE=InnoDB AUTO_INCREMENT=9 DEFAULT CHARSET=utf8mb4 COLLATE=utf8mb4_unicode_ci;

-- Dumping data for table sipsr.migrations: ~8 rows (approximately)
INSERT INTO `migrations` (`id`, `migration`, `batch`) VALUES
	(1, '0001_01_01_000000_create_users_table', 1),
	(2, '0001_01_01_000001_create_cache_table', 1),
	(3, '0001_01_01_000002_create_jobs_table', 1),
	(4, '0001_01_01_000003_create_categories_table', 1),
	(5, '0001_01_01_000004_create_documents_table', 1),
	(6, '0001_01_01_000005_create_document_histories_table', 1),
	(7, '0001_01_01_000006_create_document_share_links_table', 1),
	(8, '0001_01_01_000007_create_activity_logs_table', 1);

-- Dumping structure for table sipsr.sessions
DROP TABLE IF EXISTS `sessions`;
CREATE TABLE IF NOT EXISTS `sessions` (
  `id` varchar(255) COLLATE utf8mb4_unicode_ci NOT NULL,
  `user_id` char(36) COLLATE utf8mb4_unicode_ci DEFAULT NULL,
  `ip_address` varchar(45) COLLATE utf8mb4_unicode_ci DEFAULT NULL,
  `user_agent` text COLLATE utf8mb4_unicode_ci,
  `payload` longtext COLLATE utf8mb4_unicode_ci NOT NULL,
  `last_activity` int NOT NULL,
  PRIMARY KEY (`id`),
  KEY `sessions_user_id_index` (`user_id`),
  KEY `sessions_last_activity_index` (`last_activity`)
) ENGINE=InnoDB DEFAULT CHARSET=utf8mb4 COLLATE=utf8mb4_unicode_ci;

-- Dumping data for table sipsr.sessions: ~3 rows (approximately)
INSERT INTO `sessions` (`id`, `user_id`, `ip_address`, `user_agent`, `payload`, `last_activity`) VALUES
	('248p6NvQj84TKDBSsGijeqdFAiC6siz6JdLsffQp', '019ede24-caa3-7243-b800-c3eb6d954d53', '127.0.0.1', 'Mozilla/5.0 (Windows NT 10.0; Win64; x64) AppleWebKit/537.36 (KHTML, like Gecko) Chrome/149.0.0.0 Safari/537.36 Edg/149.0.0.0', 'eyJfdG9rZW4iOiJ2UXJ1c0xjMUd6RkRualp5aGN1bzhocWFiWjJBVHo3cUgxaXBoUWxyIiwiX2ZsYXNoIjp7Im9sZCI6W10sIm5ldyI6W119LCJfcHJldmlvdXMiOnsidXJsIjoiaHR0cDpcL1wvMTI3LjAuMC4xOjgwMDBcL2Rva3VtZW4/cGFnZT0xIiwicm91dGUiOiJkb2t1bWVuLmluZGV4In0sImxvZ2luX3dlYl81OWJhMzZhZGRjMmIyZjk0MDE1ODBmMDE0YzdmNThlYTRlMzA5ODlkIjoiMDE5ZWRlMjQtY2FhMy03MjQzLWI4MDAtYzNlYjZkOTU0ZDUzIn0=', 1782131961),
	('QscS6lARR7lR4eAXDKExkK1LgBCt7Bt0pDNrC2Hf', '019ede24-caa3-7243-b800-c3eb6d954d53', '127.0.0.1', 'Mozilla/5.0 (Windows NT 10.0; Win64; x64) AppleWebKit/537.36 (KHTML, like Gecko) Chrome/149.0.0.0 Safari/537.36 Edg/149.0.0.0', 'eyJfdG9rZW4iOiI1c1JsYkk1dExiM2U1RjhzMHJRRGR4cFFRUDFqNDk0MzVENUVEakVuIiwiX2ZsYXNoIjp7Im9sZCI6W10sIm5ldyI6W119LCJfcHJldmlvdXMiOnsidXJsIjoiaHR0cDpcL1wvMTI3LjAuMC4xOjgwMDBcL2Rva3VtZW4iLCJyb3V0ZSI6ImRva3VtZW4uaW5kZXgifSwibG9naW5fd2ViXzU5YmEzNmFkZGMyYjJmOTQwMTU4MGYwMTRjN2Y1OGVhNGUzMDk4OWQiOiIwMTllZGUyNC1jYWEzLTcyNDMtYjgwMC1jM2ViNmQ5NTRkNTMifQ==', 1782190232),
	('S5FgTuqYbsX4w7kPEvGrr3o0gLmRJMeMTbJGow2u', '019ede24-caa3-7243-b800-c3eb6d954d53', '127.0.0.1', 'Mozilla/5.0 (Windows NT 10.0; Win64; x64) AppleWebKit/537.36 (KHTML, like Gecko) Chrome/149.0.0.0 Safari/537.36', 'eyJfdG9rZW4iOiJEVUo3MjZFa3dsVWpvYnZBZ1R1bEZldXVmUlpucDRDMVBzRDFRY2ZOIiwiX3ByZXZpb3VzIjp7InVybCI6Imh0dHA6XC9cLzEyNy4wLjAuMTo4MDAwXC9hZG1pblwvdXNlcnMiLCJyb3V0ZSI6InVzZXJzLmluZGV4In0sIl9mbGFzaCI6eyJvbGQiOltdLCJuZXciOltdfSwibG9naW5fd2ViXzU5YmEzNmFkZGMyYjJmOTQwMTU4MGYwMTRjN2Y1OGVhNGUzMDk4OWQiOiIwMTllZGUyNC1jYWEzLTcyNDMtYjgwMC1jM2ViNmQ5NTRkNTMifQ==', 1782192750);

-- Dumping structure for table sipsr.users
DROP TABLE IF EXISTS `users`;
CREATE TABLE IF NOT EXISTS `users` (
  `id` char(36) COLLATE utf8mb4_unicode_ci NOT NULL,
  `username` varchar(255) COLLATE utf8mb4_unicode_ci NOT NULL,
  `password` varchar(255) COLLATE utf8mb4_unicode_ci NOT NULL,
  `nama_lengkap` varchar(255) COLLATE utf8mb4_unicode_ci NOT NULL,
  `role` enum('ADMIN','STAFF') COLLATE utf8mb4_unicode_ci NOT NULL,
  `is_active` tinyint(1) NOT NULL DEFAULT '1',
  `created_at` timestamp NULL DEFAULT NULL,
  `updated_at` timestamp NULL DEFAULT NULL,
  PRIMARY KEY (`id`),
  UNIQUE KEY `users_username_unique` (`username`)
) ENGINE=InnoDB DEFAULT CHARSET=utf8mb4 COLLATE=utf8mb4_unicode_ci;

-- Dumping data for table sipsr.users: ~5 rows (approximately)
INSERT INTO `users` (`id`, `username`, `password`, `nama_lengkap`, `role`, `is_active`, `created_at`, `updated_at`) VALUES
	('019ede24-caa3-7243-b800-c3eb6d954d53', 'admin', '$2y$12$xXRjxUm8e1EssQK3Voh1RuWjNGrBt6sA.TCt1t/HS2LefcL1DCoCW', 'Administrator', 'ADMIN', 1, '2026-06-18 21:30:13', '2026-06-18 21:30:13'),
	('019ede24-cb74-73b7-85ee-ba849d9f5f21', 'budi_psr', '$2y$12$1V/C/mS6Gi9tjmHJ1MRGhO.fl8u17pwPRuB73lD8cC8YFVvsn3Ggq', 'Budi Santoso', 'STAFF', 1, '2026-06-18 21:30:13', '2026-06-18 21:30:13'),
	('019ede24-cc48-721c-a54d-7bce429c3a32', 'sari_psr', '$2y$12$F011fDwzjcYGnnsm6Ka1vOXPSorpY1JMrnF/KosoEJxuKnW2KeU0.', 'Sari Dewi', 'STAFF', 1, '2026-06-18 21:30:14', '2026-06-18 21:30:14'),
	('019ede24-cd0c-7025-87e8-0e4781f0eec8', 'eko_psr', '$2y$12$4SdU9rnkD5Ge5tFXFmDYaur1HaWVcdb6KcWYT4JGty.Y5kU15bQUy', 'Eko Prasetyo', 'STAFF', 1, '2026-06-18 21:30:14', '2026-06-18 21:30:14'),
	('019ede2b-5b99-72bb-94c3-8bccaf599e4f', 'ghalib', '$2y$12$Arra8aSCXi2T/te.1LbAJOCtiXO3B8Gbcfo6s4AAK9lwR2OOzNUHO', 'wijoyo', 'ADMIN', 1, '2026-06-18 21:37:23', '2026-06-18 21:37:23');

/*!40103 SET TIME_ZONE=IFNULL(@OLD_TIME_ZONE, 'system') */;
/*!40101 SET SQL_MODE=IFNULL(@OLD_SQL_MODE, '') */;
/*!40014 SET FOREIGN_KEY_CHECKS=IFNULL(@OLD_FOREIGN_KEY_CHECKS, 1) */;
/*!40101 SET CHARACTER_SET_CLIENT=@OLD_CHARACTER_SET_CLIENT */;
/*!40111 SET SQL_NOTES=IFNULL(@OLD_SQL_NOTES, 1) */;
