-- --------------------------------------------------------
-- Host:                         127.0.0.1
-- Server version:               8.4.3 - MySQL Community Server - GPL
-- Server OS:                    Win64
-- HeidiSQL Version:             12.8.0.6908
-- --------------------------------------------------------

/*!40101 SET @OLD_CHARACTER_SET_CLIENT=@@CHARACTER_SET_CLIENT */;
/*!40101 SET NAMES utf8 */;
/*!50503 SET NAMES utf8mb4 */;
/*!40103 SET @OLD_TIME_ZONE=@@TIME_ZONE */;
/*!40103 SET TIME_ZONE='+00:00' */;
/*!40014 SET @OLD_FOREIGN_KEY_CHECKS=@@FOREIGN_KEY_CHECKS, FOREIGN_KEY_CHECKS=0 */;
/*!40101 SET @OLD_SQL_MODE=@@SQL_MODE, SQL_MODE='NO_AUTO_VALUE_ON_ZERO' */;
/*!40111 SET @OLD_SQL_NOTES=@@SQL_NOTES, SQL_NOTES=0 */;


-- Dumping database structure for sipsr
DROP DATABASE IF EXISTS `sipsr`;
CREATE DATABASE IF NOT EXISTS `sipsr` /*!40100 DEFAULT CHARACTER SET utf8mb4 COLLATE utf8mb4_0900_ai_ci */ /*!80016 DEFAULT ENCRYPTION='N' */;
USE `sipsr`;

-- Dumping structure for table sipsr.activity_logs
DROP TABLE IF EXISTS `activity_logs`;
CREATE TABLE IF NOT EXISTS `activity_logs` (
  `id` char(36) CHARACTER SET utf8mb4 COLLATE utf8mb4_unicode_ci NOT NULL,
  `user_id` char(36) CHARACTER SET utf8mb4 COLLATE utf8mb4_unicode_ci NOT NULL,
  `role_saat_itu` enum('ADMIN','STAFF') CHARACTER SET utf8mb4 COLLATE utf8mb4_unicode_ci NOT NULL,
  `jenis_aktivitas` varchar(255) CHARACTER SET utf8mb4 COLLATE utf8mb4_unicode_ci NOT NULL,
  `detail` text CHARACTER SET utf8mb4 COLLATE utf8mb4_unicode_ci,
  `document_id` char(36) CHARACTER SET utf8mb4 COLLATE utf8mb4_unicode_ci DEFAULT NULL,
  `ip_address` varchar(255) CHARACTER SET utf8mb4 COLLATE utf8mb4_unicode_ci DEFAULT NULL,
  `user_agent` text CHARACTER SET utf8mb4 COLLATE utf8mb4_unicode_ci,
  `created_at` timestamp NULL DEFAULT NULL,
  PRIMARY KEY (`id`),
  KEY `activity_logs_user_id_foreign` (`user_id`),
  KEY `activity_logs_document_id_foreign` (`document_id`),
  KEY `activity_logs_user_id_index` (`user_id`),
  KEY `activity_logs_jenis_aktivitas_index` (`jenis_aktivitas`),
  KEY `activity_logs_created_at_index` (`created_at`),
  KEY `activity_logs_ip_address_index` (`ip_address`),
  CONSTRAINT `activity_logs_document_id_foreign` FOREIGN KEY (`document_id`) REFERENCES `documents` (`id`) ON DELETE SET NULL,
  CONSTRAINT `activity_logs_user_id_foreign` FOREIGN KEY (`user_id`) REFERENCES `users` (`id`) ON DELETE CASCADE
) ENGINE=InnoDB DEFAULT CHARSET=utf8mb4 COLLATE=utf8mb4_unicode_ci;

-- Dumping data for table sipsr.activity_logs: ~211 rows (approximately)
INSERT INTO `activity_logs` (`id`, `user_id`, `role_saat_itu`, `jenis_aktivitas`, `detail`, `document_id`, `ip_address`, `user_agent`, `created_at`) VALUES
	('019f02c3-f81a-7162-b271-3b0c7544b88c', '019ede24-caa3-7243-b800-c3eb6d954d53', 'ADMIN', 'EDIT_USER', 'Memperbarui data pengguna: admin', NULL, '127.0.0.1', 'Mozilla/5.0 (Windows NT 10.0; Win64; x64) AppleWebKit/537.36 (KHTML, like Gecko) Chrome/149.0.0.0 Safari/537.36 Edg/149.0.0.0', '2026-06-26 07:10:25'),
	('019f02c4-2f94-7068-ac50-c70c8de81cf2', '019ede24-caa3-7243-b800-c3eb6d954d53', 'ADMIN', 'NONAKTIFKAN_USER', 'Dinonaktifkan pengguna: ghalib', NULL, '127.0.0.1', 'Mozilla/5.0 (Windows NT 10.0; Win64; x64) AppleWebKit/537.36 (KHTML, like Gecko) Chrome/149.0.0.0 Safari/537.36 Edg/149.0.0.0', '2026-06-26 07:10:39'),
	('019f02c4-4872-7155-aea6-aa05a0893377', '019ede24-caa3-7243-b800-c3eb6d954d53', 'ADMIN', 'AKTIFKAN_USER', 'Diaktifkan pengguna: ghalib', NULL, '127.0.0.1', 'Mozilla/5.0 (Windows NT 10.0; Win64; x64) AppleWebKit/537.36 (KHTML, like Gecko) Chrome/149.0.0.0 Safari/537.36 Edg/149.0.0.0', '2026-06-26 07:10:45'),
	('019f02c4-da2b-732b-8615-e8c6087801aa', '019ede24-caa3-7243-b800-c3eb6d954d53', 'ADMIN', 'EDIT_USER', 'Memperbarui data pengguna: ghalib', NULL, '127.0.0.1', 'Mozilla/5.0 (Windows NT 10.0; Win64; x64) AppleWebKit/537.36 (KHTML, like Gecko) Chrome/149.0.0.0 Safari/537.36 Edg/149.0.0.0', '2026-06-26 07:11:23'),
	('019f02c5-30d7-72f0-8e95-30056afc1ae0', '019ede24-caa3-7243-b800-c3eb6d954d53', 'ADMIN', 'RESET_PASSWORD', 'Mereset password pengguna: ghalib', NULL, '127.0.0.1', 'Mozilla/5.0 (Windows NT 10.0; Win64; x64) AppleWebKit/537.36 (KHTML, like Gecko) Chrome/149.0.0.0 Safari/537.36 Edg/149.0.0.0', '2026-06-26 07:11:45'),
	('019f02c5-842c-731a-b7a2-8e0138003091', '019ede2b-5b99-72bb-94c3-8bccaf599e4f', 'ADMIN', 'LOGIN_BERHASIL', 'User berhasil login ke sistem', NULL, '127.0.0.1', 'Mozilla/5.0 (Windows NT 10.0; Win64; x64) AppleWebKit/537.36 (KHTML, like Gecko) Chrome/149.0.0.0 Safari/537.36 Edg/149.0.0.0', '2026-06-26 07:12:06'),
	('019f02cf-a229-70c4-9e56-34664f034137', '019ede24-cd0c-7025-87e8-0e4781f0eec8', 'ADMIN', 'UPLOAD', NULL, '019f02cf-a223-73a6-b354-fc1eb7308fa1', '127.0.0.1', 'System Auto Seeder', NULL),
	('019f02cf-a239-720f-b267-ffcea6508a3a', '019ede2b-5b99-72bb-94c3-8bccaf599e4f', 'ADMIN', 'UPLOAD', NULL, '019f02cf-a237-7350-be60-a24c71ea5f81', '127.0.0.1', 'System Auto Seeder', NULL),
	('019f02cf-a248-72e7-a668-04e57d00985d', '019ede24-cc48-721c-a54d-7bce429c3a32', 'ADMIN', 'UPLOAD', NULL, '019f02cf-a246-7069-aca5-2c457235de31', '127.0.0.1', 'System Auto Seeder', NULL),
	('019f02cf-a256-724a-84a4-dd827740db09', '019ede24-cd0c-7025-87e8-0e4781f0eec8', 'ADMIN', 'UPLOAD', NULL, '019f02cf-a254-7058-950f-bac6334b0881', '127.0.0.1', 'System Auto Seeder', NULL),
	('019f02cf-a263-70d0-9a6e-23b4cc0ff195', '019ede2b-5b99-72bb-94c3-8bccaf599e4f', 'ADMIN', 'UPLOAD', NULL, '019f02cf-a261-73ed-9da0-9ab8a004b9c3', '127.0.0.1', 'System Auto Seeder', NULL),
	('019f02cf-a273-71d5-8c25-24f9edae0903', '019ede24-cc48-721c-a54d-7bce429c3a32', 'ADMIN', 'UPLOAD', NULL, '019f02cf-a271-7070-a4ee-ba6fd960a849', '127.0.0.1', 'System Auto Seeder', NULL),
	('019f02cf-a282-7377-b60f-ebd36a22bd83', '019ede24-cb74-73b7-85ee-ba849d9f5f21', 'ADMIN', 'UPLOAD', NULL, '019f02cf-a280-715a-9f8f-9ada5f910bdf', '127.0.0.1', 'System Auto Seeder', NULL),
	('019f02cf-a290-732e-9fe5-14b5c09da332', '019ede24-caa3-7243-b800-c3eb6d954d53', 'ADMIN', 'UPLOAD', NULL, '019f02cf-a28e-72af-995a-15e44f2f595d', '127.0.0.1', 'System Auto Seeder', NULL),
	('019f02cf-a29e-7019-a7a8-8f63d4005835', '019ede2b-5b99-72bb-94c3-8bccaf599e4f', 'ADMIN', 'UPLOAD', NULL, '019f02cf-a29c-7199-b568-e490ed03a3ca', '127.0.0.1', 'System Auto Seeder', NULL),
	('019f02cf-a2ac-739d-91c7-97f5746cb9b3', '019ede24-caa3-7243-b800-c3eb6d954d53', 'ADMIN', 'UPLOAD', NULL, '019f02cf-a2aa-73c3-b427-cab76c0a2f6d', '127.0.0.1', 'System Auto Seeder', NULL),
	('019f02cf-a2ba-7249-abaa-367ebb7eeb27', '019ede24-cc48-721c-a54d-7bce429c3a32', 'ADMIN', 'UPLOAD', NULL, '019f02cf-a2b8-7372-b241-75a9309d63f3', '127.0.0.1', 'System Auto Seeder', NULL),
	('019f02cf-a2c8-700e-a3dd-5653216c8ebf', '019ede24-cb74-73b7-85ee-ba849d9f5f21', 'ADMIN', 'UPLOAD', NULL, '019f02cf-a2c5-71cc-bffd-dfa6020c230e', '127.0.0.1', 'System Auto Seeder', NULL),
	('019f02cf-a2d5-7152-aaee-08f8adbe9dfb', '019ede24-cd0c-7025-87e8-0e4781f0eec8', 'ADMIN', 'UPLOAD', NULL, '019f02cf-a2d3-7298-aa34-eb61daa29d29', '127.0.0.1', 'System Auto Seeder', NULL),
	('019f02cf-a308-72dd-a6d7-02ceb1c79c7a', '019ede24-cd0c-7025-87e8-0e4781f0eec8', 'ADMIN', 'UPLOAD', NULL, '019f02cf-a2e3-7063-8f50-0008ea14da59', '127.0.0.1', 'System Auto Seeder', NULL),
	('019f02cf-a317-725e-b5b8-7d35e50ee189', '019ede2b-5b99-72bb-94c3-8bccaf599e4f', 'ADMIN', 'UPLOAD', NULL, '019f02cf-a315-7309-a7d3-934d1da7a426', '127.0.0.1', 'System Auto Seeder', NULL),
	('019f02cf-a325-7012-a1a6-1ec94caef7d2', '019ede24-cb74-73b7-85ee-ba849d9f5f21', 'ADMIN', 'UPLOAD', NULL, '019f02cf-a323-7068-ba82-bc14bf2b53a5', '127.0.0.1', 'System Auto Seeder', NULL),
	('019f02cf-a333-71cb-a3c7-7dac1d1b2e57', '019ede24-cd0c-7025-87e8-0e4781f0eec8', 'ADMIN', 'UPLOAD', NULL, '019f02cf-a331-7314-b6cf-07627635a4fd', '127.0.0.1', 'System Auto Seeder', NULL),
	('019f02cf-a341-71a1-8585-2e996c5898da', '019ede24-cd0c-7025-87e8-0e4781f0eec8', 'ADMIN', 'UPLOAD', NULL, '019f02cf-a33f-71c8-949f-260523dca3fe', '127.0.0.1', 'System Auto Seeder', NULL),
	('019f02cf-a350-72d4-8137-4f22b11f6242', '019ede24-cb74-73b7-85ee-ba849d9f5f21', 'ADMIN', 'UPLOAD', NULL, '019f02cf-a34e-72ae-b329-7b9aad953719', '127.0.0.1', 'System Auto Seeder', NULL),
	('019f02cf-a35e-7399-9456-65d59a299ff9', '019ede24-cd0c-7025-87e8-0e4781f0eec8', 'ADMIN', 'UPLOAD', NULL, '019f02cf-a35b-714b-8b5b-8579ca2a0a69', '127.0.0.1', 'System Auto Seeder', NULL),
	('019f02cf-a36c-7031-93f5-e758349325e2', '019ede24-cb74-73b7-85ee-ba849d9f5f21', 'ADMIN', 'UPLOAD', NULL, '019f02cf-a36a-7113-87b0-bdf3fba00061', '127.0.0.1', 'System Auto Seeder', NULL),
	('019f02cf-a37b-722d-8d47-8efc74c7c333', '019ede24-cb74-73b7-85ee-ba849d9f5f21', 'ADMIN', 'UPLOAD', NULL, '019f02cf-a379-71b5-b258-aa5ba23f8bf5', '127.0.0.1', 'System Auto Seeder', NULL),
	('019f02cf-a381-70dc-b6f6-06d0f8e2bd4a', '019ede24-cd0c-7025-87e8-0e4781f0eec8', 'ADMIN', 'UPLOAD', NULL, '019f02cf-a37f-735a-b042-25db859a9f44', '127.0.0.1', 'System Auto Seeder', NULL),
	('019f02cf-a390-7114-829a-fde238862b97', '019ede24-cc48-721c-a54d-7bce429c3a32', 'ADMIN', 'UPLOAD', NULL, '019f02cf-a38e-70a6-ab41-7130697e3606', '127.0.0.1', 'System Auto Seeder', NULL),
	('019f02cf-a39e-70d3-854c-97a1a7affdef', '019ede24-cd0c-7025-87e8-0e4781f0eec8', 'ADMIN', 'UPLOAD', NULL, '019f02cf-a39c-73a7-b87e-530e9bd47d4c', '127.0.0.1', 'System Auto Seeder', NULL),
	('019f02cf-a3a4-7099-b2fb-296c9fb8c80b', '019ede24-caa3-7243-b800-c3eb6d954d53', 'ADMIN', 'UPLOAD', NULL, '019f02cf-a3a3-7059-b7ea-c2c3f76b7858', '127.0.0.1', 'System Auto Seeder', NULL),
	('019f02cf-a3b3-711b-9a21-9e26dae4d252', '019ede24-cb74-73b7-85ee-ba849d9f5f21', 'ADMIN', 'UPLOAD', NULL, '019f02cf-a3b1-7268-a72c-8e3d8e2d9560', '127.0.0.1', 'System Auto Seeder', NULL),
	('019f02cf-a3c1-7213-b602-e487e6d8f980', '019ede2b-5b99-72bb-94c3-8bccaf599e4f', 'ADMIN', 'UPLOAD', NULL, '019f02cf-a3bf-71f1-9327-2dd042438e22', '127.0.0.1', 'System Auto Seeder', NULL),
	('019f02cf-a3cf-7377-9495-d1a035e6bca5', '019ede2b-5b99-72bb-94c3-8bccaf599e4f', 'ADMIN', 'UPLOAD', NULL, '019f02cf-a3cd-7316-9f27-a92e1ac0d382', '127.0.0.1', 'System Auto Seeder', NULL),
	('019f02cf-a3dc-7172-9966-c7f4adb48a8d', '019ede24-cc48-721c-a54d-7bce429c3a32', 'ADMIN', 'UPLOAD', NULL, '019f02cf-a3db-728d-81f8-5ca07bb64a6f', '127.0.0.1', 'System Auto Seeder', NULL),
	('019f02cf-a3ea-709b-a1fa-87e6921027f5', '019ede24-cd0c-7025-87e8-0e4781f0eec8', 'ADMIN', 'UPLOAD', NULL, '019f02cf-a3e8-706d-9578-0c7b5ed5f757', '127.0.0.1', 'System Auto Seeder', NULL),
	('019f02cf-a3f8-7360-89ef-f7e89be86547', '019ede24-caa3-7243-b800-c3eb6d954d53', 'ADMIN', 'UPLOAD', NULL, '019f02cf-a3f6-70d9-a8ce-f297b85de1c5', '127.0.0.1', 'System Auto Seeder', NULL),
	('019f02cf-a405-71f9-96e7-09bc66034674', '019ede24-caa3-7243-b800-c3eb6d954d53', 'ADMIN', 'UPLOAD', NULL, '019f02cf-a403-710b-a02e-79b3d0d8085c', '127.0.0.1', 'System Auto Seeder', NULL),
	('019f02cf-a412-70d0-8707-8cb62e07cf05', '019ede24-caa3-7243-b800-c3eb6d954d53', 'ADMIN', 'UPLOAD', NULL, '019f02cf-a411-73a5-991f-11f680e7d426', '127.0.0.1', 'System Auto Seeder', NULL),
	('019f02cf-a420-7277-8d37-efa326e37645', '019ede2b-5b99-72bb-94c3-8bccaf599e4f', 'ADMIN', 'UPLOAD', NULL, '019f02cf-a41f-70da-aad2-e1a8689a7d63', '127.0.0.1', 'System Auto Seeder', NULL),
	('019f02cf-a42e-7012-810d-e6ba330b76e6', '019ede2b-5b99-72bb-94c3-8bccaf599e4f', 'ADMIN', 'UPLOAD', NULL, '019f02cf-a42d-72c7-86ea-e116440fdb73', '127.0.0.1', 'System Auto Seeder', NULL),
	('019f02cf-a440-7321-9adf-ef75fcdb0396', '019ede2b-5b99-72bb-94c3-8bccaf599e4f', 'ADMIN', 'UPLOAD', NULL, '019f02cf-a43d-72be-94af-1765d52c4ac5', '127.0.0.1', 'System Auto Seeder', NULL),
	('019f02cf-a451-7098-b610-0ee0c8da64e2', '019ede24-cc48-721c-a54d-7bce429c3a32', 'ADMIN', 'UPLOAD', NULL, '019f02cf-a44e-73f0-b4ad-b34e0494eed9', '127.0.0.1', 'System Auto Seeder', NULL),
	('019f02cf-a461-728b-9284-b67d1e623d33', '019ede24-cd0c-7025-87e8-0e4781f0eec8', 'ADMIN', 'UPLOAD', NULL, '019f02cf-a45e-70e4-9787-936b5fdcd774', '127.0.0.1', 'System Auto Seeder', NULL),
	('019f02cf-a471-715d-8aa7-8cf10b713291', '019ede24-cd0c-7025-87e8-0e4781f0eec8', 'ADMIN', 'UPLOAD', NULL, '019f02cf-a46f-714a-8ca4-4d34ac1fb309', '127.0.0.1', 'System Auto Seeder', NULL),
	('019f02cf-a480-70d5-abfd-6238a14e91c5', '019ede24-cb74-73b7-85ee-ba849d9f5f21', 'ADMIN', 'UPLOAD', NULL, '019f02cf-a47e-7237-b344-307f0ec7ac6c', '127.0.0.1', 'System Auto Seeder', NULL),
	('019f02cf-a490-701e-9fce-cc9522b39bda', '019ede24-cb74-73b7-85ee-ba849d9f5f21', 'ADMIN', 'UPLOAD', NULL, '019f02cf-a48e-7293-b0bb-cd37511bf1ed', '127.0.0.1', 'System Auto Seeder', NULL),
	('019f02cf-a49e-709d-b213-7445667dd580', '019ede24-cb74-73b7-85ee-ba849d9f5f21', 'ADMIN', 'UPLOAD', NULL, '019f02cf-a49c-73d1-9679-0e4586eff76a', '127.0.0.1', 'System Auto Seeder', NULL),
	('019f02cf-a4ad-70ac-8fb4-8124d4d926e1', '019ede2b-5b99-72bb-94c3-8bccaf599e4f', 'ADMIN', 'UPLOAD', NULL, '019f02cf-a4ab-7080-9bd3-d0cb282f342e', '127.0.0.1', 'System Auto Seeder', NULL),
	('019f02cf-a4bb-724b-a56d-b661c66bc596', '019ede2b-5b99-72bb-94c3-8bccaf599e4f', 'ADMIN', 'UPLOAD', NULL, '019f02cf-a4b9-71eb-836b-f31c12905662', '127.0.0.1', 'System Auto Seeder', NULL),
	('019f02cf-a4ca-721a-ba12-09c65974416c', '019ede24-caa3-7243-b800-c3eb6d954d53', 'ADMIN', 'UPLOAD', NULL, '019f02cf-a4c8-716e-86f0-dda9d09866e9', '127.0.0.1', 'System Auto Seeder', NULL),
	('019f02cf-a4d9-7186-bdae-ef40fed53523', '019ede24-caa3-7243-b800-c3eb6d954d53', 'ADMIN', 'UPLOAD', NULL, '019f02cf-a4d7-72be-8e2e-034946b6e9d0', '127.0.0.1', 'System Auto Seeder', NULL),
	('019f02cf-a4e7-72e8-9473-8a526a7598e4', '019ede24-cd0c-7025-87e8-0e4781f0eec8', 'ADMIN', 'UPLOAD', NULL, '019f02cf-a4e5-72e8-8ec8-a2e74b44a317', '127.0.0.1', 'System Auto Seeder', NULL),
	('019f02cf-a4f9-711e-bb26-5617ceef39e5', '019ede24-cb74-73b7-85ee-ba849d9f5f21', 'ADMIN', 'UPLOAD', NULL, '019f02cf-a4f4-70cb-a3d7-814706f149a6', '127.0.0.1', 'System Auto Seeder', NULL),
	('019f02cf-a507-738b-a3c2-a825d3f50308', '019ede24-cd0c-7025-87e8-0e4781f0eec8', 'ADMIN', 'UPLOAD', NULL, '019f02cf-a505-716a-b4ec-2967941c8094', '127.0.0.1', 'System Auto Seeder', NULL),
	('019f02cf-a515-718c-bea1-cdae1d02dc9b', '019ede24-caa3-7243-b800-c3eb6d954d53', 'ADMIN', 'UPLOAD', NULL, '019f02cf-a513-7337-9b4e-fe8d4fa4949b', '127.0.0.1', 'System Auto Seeder', NULL),
	('019f02cf-a524-70fe-8fc0-f192cf865a92', '019ede24-cc48-721c-a54d-7bce429c3a32', 'ADMIN', 'UPLOAD', NULL, '019f02cf-a521-7382-858d-5732b69cb418', '127.0.0.1', 'System Auto Seeder', NULL),
	('019f02cf-a531-71fd-be39-17385af3cf90', '019ede24-cc48-721c-a54d-7bce429c3a32', 'ADMIN', 'UPLOAD', NULL, '019f02cf-a52f-711e-90c2-7cc37bc7775d', '127.0.0.1', 'System Auto Seeder', NULL),
	('019f02cf-a53d-7023-bca3-fe675a0707da', '019ede24-cc48-721c-a54d-7bce429c3a32', 'ADMIN', 'UPLOAD', NULL, '019f02cf-a53c-7375-abb0-f2bc2acd07bc', '127.0.0.1', 'System Auto Seeder', NULL),
	('019f02cf-a54c-71cd-a24d-68a2722c8ee4', '019ede24-cc48-721c-a54d-7bce429c3a32', 'ADMIN', 'UPLOAD', NULL, '019f02cf-a54b-705e-a6c9-dcc9682c9564', '127.0.0.1', 'System Auto Seeder', NULL),
	('019f02cf-a559-7387-9460-ffd00c76dd49', '019ede24-cd0c-7025-87e8-0e4781f0eec8', 'ADMIN', 'UPLOAD', NULL, '019f02cf-a558-7148-bf10-79c2057dd9c8', '127.0.0.1', 'System Auto Seeder', NULL),
	('019f02cf-a568-7319-9b9c-41ce1b17d28c', '019ede24-cd0c-7025-87e8-0e4781f0eec8', 'ADMIN', 'UPLOAD', NULL, '019f02cf-a566-7318-8252-066e7d83218d', '127.0.0.1', 'System Auto Seeder', NULL),
	('019f02cf-a577-71db-ab62-079a681f1074', '019ede24-caa3-7243-b800-c3eb6d954d53', 'ADMIN', 'UPLOAD', NULL, '019f02cf-a575-71c3-8134-bd35fdcbda43', '127.0.0.1', 'System Auto Seeder', NULL),
	('019f02cf-a585-7263-8551-104a9578009d', '019ede24-cd0c-7025-87e8-0e4781f0eec8', 'ADMIN', 'UPLOAD', NULL, '019f02cf-a582-70dc-ab99-4e30f352c82f', '127.0.0.1', 'System Auto Seeder', NULL),
	('019f02cf-a592-7211-a8b0-07a884a8855a', '019ede24-caa3-7243-b800-c3eb6d954d53', 'ADMIN', 'UPLOAD', NULL, '019f02cf-a590-7165-a212-eb88aed7f853', '127.0.0.1', 'System Auto Seeder', NULL),
	('019f02cf-a5a1-736f-85a6-9cbdd1f297be', '019ede24-cd0c-7025-87e8-0e4781f0eec8', 'ADMIN', 'UPLOAD', NULL, '019f02cf-a59f-70c2-b0d9-87eaf075fdf0', '127.0.0.1', 'System Auto Seeder', NULL),
	('019f02cf-a5af-7333-9f25-534bd3b22cbe', '019ede24-cc48-721c-a54d-7bce429c3a32', 'ADMIN', 'UPLOAD', NULL, '019f02cf-a5ad-7354-81d7-df9d4bb8cbd7', '127.0.0.1', 'System Auto Seeder', NULL),
	('019f02cf-a5bc-704c-9dd5-1aff123710d7', '019ede24-caa3-7243-b800-c3eb6d954d53', 'ADMIN', 'UPLOAD', NULL, '019f02cf-a5bb-719d-9e40-6d8eb8e8b877', '127.0.0.1', 'System Auto Seeder', NULL),
	('019f02cf-a5ca-709c-ac7b-286c32ae1f57', '019ede24-cc48-721c-a54d-7bce429c3a32', 'ADMIN', 'UPLOAD', NULL, '019f02cf-a5c9-7275-84ca-68b9d914b29b', '127.0.0.1', 'System Auto Seeder', NULL),
	('019f02cf-a5d9-7025-90ea-ec51be245fd7', '019ede24-cc48-721c-a54d-7bce429c3a32', 'ADMIN', 'UPLOAD', NULL, '019f02cf-a5d7-717b-b2f3-9ec00f7a8aa9', '127.0.0.1', 'System Auto Seeder', NULL),
	('019f02cf-a5e6-710f-9078-1b2371c82c7c', '019ede24-caa3-7243-b800-c3eb6d954d53', 'ADMIN', 'UPLOAD', NULL, '019f02cf-a5e4-7052-9a4b-37aa7eb7040c', '127.0.0.1', 'System Auto Seeder', NULL),
	('019f02cf-a5f3-704c-ae65-bb58da6a74e6', '019ede24-caa3-7243-b800-c3eb6d954d53', 'ADMIN', 'UPLOAD', NULL, '019f02cf-a5f1-71b7-a45c-5ff3ffd36e18', '127.0.0.1', 'System Auto Seeder', NULL),
	('019f02cf-a600-7036-9447-f73d834d0e62', '019ede24-cb74-73b7-85ee-ba849d9f5f21', 'ADMIN', 'UPLOAD', NULL, '019f02cf-a5ff-70ef-bf96-9b4f5afcf3e2', '127.0.0.1', 'System Auto Seeder', NULL),
	('019f02cf-a60f-7266-ae3f-7f1f3d132ef6', '019ede24-cb74-73b7-85ee-ba849d9f5f21', 'ADMIN', 'UPLOAD', NULL, '019f02cf-a60d-7099-8666-aef07dff5648', '127.0.0.1', 'System Auto Seeder', NULL),
	('019f02cf-a61d-70a8-a927-526088aee0b6', '019ede24-cc48-721c-a54d-7bce429c3a32', 'ADMIN', 'UPLOAD', NULL, '019f02cf-a61c-725f-af02-f851c646e2e5', '127.0.0.1', 'System Auto Seeder', NULL),
	('019f02cf-a62c-716f-9774-15808cc48990', '019ede24-cd0c-7025-87e8-0e4781f0eec8', 'ADMIN', 'UPLOAD', NULL, '019f02cf-a629-73c8-a699-d32024c50c3c', '127.0.0.1', 'System Auto Seeder', NULL),
	('019f02cf-a63a-725d-89d5-731b908fdce3', '019ede24-cc48-721c-a54d-7bce429c3a32', 'ADMIN', 'UPLOAD', NULL, '019f02cf-a638-7349-9cc2-5a53bfb73a7f', '127.0.0.1', 'System Auto Seeder', NULL),
	('019f02cf-a648-700c-b28c-c96e77f709ca', '019ede24-cc48-721c-a54d-7bce429c3a32', 'ADMIN', 'UPLOAD', NULL, '019f02cf-a647-71f7-8653-c6a802402a2a', '127.0.0.1', 'System Auto Seeder', NULL),
	('019f02cf-a656-7085-93ab-6eda7542a897', '019ede24-caa3-7243-b800-c3eb6d954d53', 'ADMIN', 'UPLOAD', NULL, '019f02cf-a654-716d-9c2f-09ab9115e844', '127.0.0.1', 'System Auto Seeder', NULL),
	('019f02cf-a665-71a8-91cd-4304221ef9df', '019ede24-cd0c-7025-87e8-0e4781f0eec8', 'ADMIN', 'UPLOAD', NULL, '019f02cf-a663-739f-9048-44eaeb7cfa6c', '127.0.0.1', 'System Auto Seeder', NULL),
	('019f02cf-a66b-73cc-9053-aee2bbc7d6ec', '019ede2b-5b99-72bb-94c3-8bccaf599e4f', 'ADMIN', 'UPLOAD', NULL, '019f02cf-a668-7131-9476-4333ef787a82', '127.0.0.1', 'System Auto Seeder', NULL),
	('019f02cf-a67a-71dc-85a7-11392be8533f', '019ede24-cd0c-7025-87e8-0e4781f0eec8', 'ADMIN', 'UPLOAD', NULL, '019f02cf-a678-7084-91d9-16100b03ef64', '127.0.0.1', 'System Auto Seeder', NULL),
	('019f02cf-a687-727e-acae-0e0d88da76b9', '019ede24-cc48-721c-a54d-7bce429c3a32', 'ADMIN', 'UPLOAD', NULL, '019f02cf-a686-72a5-a083-79eb04533321', '127.0.0.1', 'System Auto Seeder', NULL),
	('019f02cf-a695-7200-bab0-854405bbca32', '019ede24-cd0c-7025-87e8-0e4781f0eec8', 'ADMIN', 'UPLOAD', NULL, '019f02cf-a694-71e1-8af4-9176d9e77318', '127.0.0.1', 'System Auto Seeder', NULL),
	('019f02cf-a6a3-73cf-905c-1ee70a03858f', '019ede24-cb74-73b7-85ee-ba849d9f5f21', 'ADMIN', 'UPLOAD', NULL, '019f02cf-a6a2-707f-b302-f8f692619cab', '127.0.0.1', 'System Auto Seeder', NULL),
	('019f02cf-a6b1-7318-914f-063e9736819d', '019ede24-cd0c-7025-87e8-0e4781f0eec8', 'ADMIN', 'UPLOAD', NULL, '019f02cf-a6b0-70fb-b992-273828e376a1', '127.0.0.1', 'System Auto Seeder', NULL),
	('019f02cf-a6c2-7169-be55-0546adc67b50', '019ede24-cb74-73b7-85ee-ba849d9f5f21', 'ADMIN', 'UPLOAD', NULL, '019f02cf-a6bf-7163-a421-0ceacb594058', '127.0.0.1', 'System Auto Seeder', NULL),
	('019f02cf-a6d0-729f-b15d-a90ff041267f', '019ede24-cb74-73b7-85ee-ba849d9f5f21', 'ADMIN', 'UPLOAD', NULL, '019f02cf-a6cd-7019-9242-ef593f0c83ab', '127.0.0.1', 'System Auto Seeder', NULL),
	('019f02cf-a6df-73e7-8721-acf20ef10174', '019ede24-cb74-73b7-85ee-ba849d9f5f21', 'ADMIN', 'UPLOAD', NULL, '019f02cf-a6dc-73ee-8701-1c67660e26f1', '127.0.0.1', 'System Auto Seeder', NULL),
	('019f02cf-a6ef-7078-ad58-9ac7e883cbb9', '019ede2b-5b99-72bb-94c3-8bccaf599e4f', 'ADMIN', 'UPLOAD', NULL, '019f02cf-a6ed-703f-aa25-3e876efde7a1', '127.0.0.1', 'System Auto Seeder', NULL),
	('019f02cf-a6fe-703b-abbe-0fdfa99af164', '019ede24-cb74-73b7-85ee-ba849d9f5f21', 'ADMIN', 'UPLOAD', NULL, '019f02cf-a6fc-72cf-a0b9-0507d47a306a', '127.0.0.1', 'System Auto Seeder', NULL),
	('019f02cf-a70f-7221-881b-ee77b9d336f6', '019ede24-caa3-7243-b800-c3eb6d954d53', 'ADMIN', 'UPLOAD', NULL, '019f02cf-a70d-70ff-9ba0-8614a2d4925a', '127.0.0.1', 'System Auto Seeder', NULL),
	('019f02cf-a71d-70fb-a027-0da86ceb55b3', '019ede24-cd0c-7025-87e8-0e4781f0eec8', 'ADMIN', 'UPLOAD', NULL, '019f02cf-a71b-7360-9148-7b74adc5b263', '127.0.0.1', 'System Auto Seeder', NULL),
	('019f02cf-a72a-711d-bd8c-76d628a90348', '019ede24-cc48-721c-a54d-7bce429c3a32', 'ADMIN', 'UPLOAD', NULL, '019f02cf-a729-7214-b953-bde8774ff449', '127.0.0.1', 'System Auto Seeder', NULL),
	('019f02cf-a738-721f-ab50-e9698cf22744', '019ede24-cd0c-7025-87e8-0e4781f0eec8', 'ADMIN', 'UPLOAD', NULL, '019f02cf-a736-7308-b91c-c5048c06aa8e', '127.0.0.1', 'System Auto Seeder', NULL),
	('019f02cf-a745-71cf-8ec3-cce86c97bc52', '019ede24-cb74-73b7-85ee-ba849d9f5f21', 'ADMIN', 'UPLOAD', NULL, '019f02cf-a743-71ef-8a97-8c9a5c65ebdd', '127.0.0.1', 'System Auto Seeder', NULL),
	('019f02cf-a752-72ef-9c81-bbdd57fd6ff5', '019ede24-cb74-73b7-85ee-ba849d9f5f21', 'ADMIN', 'UPLOAD', NULL, '019f02cf-a751-724a-b8b3-824eaad361b2', '127.0.0.1', 'System Auto Seeder', NULL),
	('019f02cf-a762-7388-908e-1e41c8ad4684', '019ede24-cc48-721c-a54d-7bce429c3a32', 'ADMIN', 'UPLOAD', NULL, '019f02cf-a760-70a0-8db0-82b5225789bb', '127.0.0.1', 'System Auto Seeder', NULL),
	('019f02cf-a771-7091-9632-96f3546b2e82', '019ede24-cd0c-7025-87e8-0e4781f0eec8', 'ADMIN', 'UPLOAD', NULL, '019f02cf-a76f-7101-a4bb-c3ad845600c1', '127.0.0.1', 'System Auto Seeder', NULL),
	('019f02cf-a780-7124-8711-4e2e03f05e91', '019ede2b-5b99-72bb-94c3-8bccaf599e4f', 'ADMIN', 'UPLOAD', NULL, '019f02cf-a77e-73ec-9851-469ba2d4cbac', '127.0.0.1', 'System Auto Seeder', NULL),
	('019f02cf-a78f-705c-9817-003a7eeca9c0', '019ede24-caa3-7243-b800-c3eb6d954d53', 'ADMIN', 'UPLOAD', NULL, '019f02cf-a78d-702d-a033-960845dbc18d', '127.0.0.1', 'System Auto Seeder', NULL),
	('019f02cf-a79e-70a0-8d52-6fffc7ea925a', '019ede2b-5b99-72bb-94c3-8bccaf599e4f', 'ADMIN', 'UPLOAD', NULL, '019f02cf-a79c-72f2-87fc-542004b4a804', '127.0.0.1', 'System Auto Seeder', NULL),
	('019f02cf-a7ab-72d7-ab96-a04e1c07487b', '019ede24-cb74-73b7-85ee-ba849d9f5f21', 'ADMIN', 'UPLOAD', NULL, '019f02cf-a7a9-718c-ae6e-8f770ba0ae07', '127.0.0.1', 'System Auto Seeder', NULL),
	('019f02cf-a7b9-7043-a109-327009f46d7e', '019ede24-cb74-73b7-85ee-ba849d9f5f21', 'ADMIN', 'UPLOAD', NULL, '019f02cf-a7b7-7358-af7d-d162f4e43068', '127.0.0.1', 'System Auto Seeder', NULL),
	('019f02cf-a7c7-71f8-b029-dd4fc7d69c72', '019ede24-cd0c-7025-87e8-0e4781f0eec8', 'ADMIN', 'UPLOAD', NULL, '019f02cf-a7c5-72ea-aac1-d426aecbbdac', '127.0.0.1', 'System Auto Seeder', NULL),
	('019f02cf-a7d4-71af-890c-4430d182d836', '019ede2b-5b99-72bb-94c3-8bccaf599e4f', 'ADMIN', 'UPLOAD', NULL, '019f02cf-a7d2-7022-bbf2-1beff889c67e', '127.0.0.1', 'System Auto Seeder', NULL),
	('019f02cf-a7e2-7286-84a3-0d63e2824b6b', '019ede2b-5b99-72bb-94c3-8bccaf599e4f', 'ADMIN', 'UPLOAD', NULL, '019f02cf-a7e0-7041-9699-c54dd07794db', '127.0.0.1', 'System Auto Seeder', NULL),
	('019f02cf-a7f0-70a9-8ddf-1378fbaa98ee', '019ede24-caa3-7243-b800-c3eb6d954d53', 'ADMIN', 'UPLOAD', NULL, '019f02cf-a7ee-709a-b1d1-77e372829d3e', '127.0.0.1', 'System Auto Seeder', NULL),
	('019f02cf-a7fe-72a7-9940-45296fe2d8d5', '019ede24-cd0c-7025-87e8-0e4781f0eec8', 'ADMIN', 'UPLOAD', NULL, '019f02cf-a7fc-7337-9fd4-abf47f7bdee8', '127.0.0.1', 'System Auto Seeder', NULL),
	('019f02cf-a80b-7376-8adb-b4c38c7b309f', '019ede24-cb74-73b7-85ee-ba849d9f5f21', 'ADMIN', 'UPLOAD', NULL, '019f02cf-a809-71a4-9d6c-59ca90b05fcd', '127.0.0.1', 'System Auto Seeder', NULL),
	('019f02cf-a819-709b-ae0e-8c665465c45c', '019ede24-cd0c-7025-87e8-0e4781f0eec8', 'ADMIN', 'UPLOAD', NULL, '019f02cf-a817-72ad-a4e9-397cfd3caa9b', '127.0.0.1', 'System Auto Seeder', NULL),
	('019f02cf-a829-71d5-b58c-7bc73ff260ff', '019ede24-caa3-7243-b800-c3eb6d954d53', 'ADMIN', 'UPLOAD', NULL, '019f02cf-a826-70b4-b90f-c9d58ab887ae', '127.0.0.1', 'System Auto Seeder', NULL),
	('019f02cf-a837-7251-ab34-df8c3306d9e3', '019ede24-caa3-7243-b800-c3eb6d954d53', 'ADMIN', 'UPLOAD', NULL, '019f02cf-a835-7127-9547-8d973c9961dc', '127.0.0.1', 'System Auto Seeder', NULL),
	('019f02cf-a845-70b9-b251-dea60fa7ab41', '019ede2b-5b99-72bb-94c3-8bccaf599e4f', 'ADMIN', 'UPLOAD', NULL, '019f02cf-a843-71c9-9d36-f0b118950041', '127.0.0.1', 'System Auto Seeder', NULL),
	('019f02cf-a852-73cc-9020-f461192b8c5a', '019ede24-cc48-721c-a54d-7bce429c3a32', 'ADMIN', 'UPLOAD', NULL, '019f02cf-a851-727a-a28e-45c305ec1b29', '127.0.0.1', 'System Auto Seeder', NULL),
	('019f02cf-a860-7151-83f9-adb5629b73d4', '019ede24-cb74-73b7-85ee-ba849d9f5f21', 'ADMIN', 'UPLOAD', NULL, '019f02cf-a85e-71e6-938d-b227244beead', '127.0.0.1', 'System Auto Seeder', NULL),
	('019f02cf-a86e-72e0-87f0-8d8695900bc4', '019ede24-cd0c-7025-87e8-0e4781f0eec8', 'ADMIN', 'UPLOAD', NULL, '019f02cf-a86c-73ba-8dab-b718c4c96c79', '127.0.0.1', 'System Auto Seeder', NULL),
	('019f02cf-a87b-73d0-bd17-d9d28363a8f5', '019ede24-cd0c-7025-87e8-0e4781f0eec8', 'ADMIN', 'UPLOAD', NULL, '019f02cf-a87a-72ca-a241-da7c9b1a7675', '127.0.0.1', 'System Auto Seeder', NULL),
	('019f02cf-a889-7314-8a0b-872b0da174eb', '019ede2b-5b99-72bb-94c3-8bccaf599e4f', 'ADMIN', 'UPLOAD', NULL, '019f02cf-a887-723b-89f6-fd8794d2edff', '127.0.0.1', 'System Auto Seeder', NULL),
	('019f02cf-a897-7223-9a28-1e4e9a59b62b', '019ede24-cb74-73b7-85ee-ba849d9f5f21', 'ADMIN', 'UPLOAD', NULL, '019f02cf-a895-7136-9ed2-703d3137a718', '127.0.0.1', 'System Auto Seeder', NULL),
	('019f02cf-a8a4-719b-b82f-b00cd32852ad', '019ede24-caa3-7243-b800-c3eb6d954d53', 'ADMIN', 'UPLOAD', NULL, '019f02cf-a8a2-7249-961c-453497a67bb3', '127.0.0.1', 'System Auto Seeder', NULL),
	('019f02cf-a8b3-70db-863e-564b4d997f91', '019ede2b-5b99-72bb-94c3-8bccaf599e4f', 'ADMIN', 'UPLOAD', NULL, '019f02cf-a8b0-736b-b45d-035539bb7e90', '127.0.0.1', 'System Auto Seeder', NULL),
	('019f02cf-a8bf-7346-9b06-150319a4ea7f', '019ede24-cd0c-7025-87e8-0e4781f0eec8', 'ADMIN', 'UPLOAD', NULL, '019f02cf-a8be-71fd-bfe4-5f4fa3aab3b1', '127.0.0.1', 'System Auto Seeder', NULL),
	('019f02cf-a8ce-72c5-8e93-aeda354b6573', '019ede24-caa3-7243-b800-c3eb6d954d53', 'ADMIN', 'UPLOAD', NULL, '019f02cf-a8cd-72dd-85ae-2fca943585e6', '127.0.0.1', 'System Auto Seeder', NULL),
	('019f02cf-a8dc-711f-8142-518885bfb138', '019ede24-cc48-721c-a54d-7bce429c3a32', 'ADMIN', 'UPLOAD', NULL, '019f02cf-a8db-71b1-ba54-577816b52f6b', '127.0.0.1', 'System Auto Seeder', NULL),
	('019f02cf-a8ec-7101-806a-d799a9dc538a', '019ede24-cc48-721c-a54d-7bce429c3a32', 'ADMIN', 'UPLOAD', NULL, '019f02cf-a8ea-7002-9fe8-ef4d9345522f', '127.0.0.1', 'System Auto Seeder', NULL),
	('019f02cf-a8fb-7077-9f34-f59d8871e8f9', '019ede24-cd0c-7025-87e8-0e4781f0eec8', 'ADMIN', 'UPLOAD', NULL, '019f02cf-a8fa-7065-8ae1-99f7c52bba38', '127.0.0.1', 'System Auto Seeder', NULL),
	('019f02cf-a90a-71a3-9893-65ae098d389f', '019ede24-cc48-721c-a54d-7bce429c3a32', 'ADMIN', 'UPLOAD', NULL, '019f02cf-a909-70eb-a2bb-add13194d684', '127.0.0.1', 'System Auto Seeder', NULL),
	('019f02cf-a91a-726b-a0fb-928590302f27', '019ede24-cb74-73b7-85ee-ba849d9f5f21', 'ADMIN', 'UPLOAD', NULL, '019f02cf-a918-72bf-bc37-e00ba02a83b2', '127.0.0.1', 'System Auto Seeder', NULL),
	('019f02cf-a929-71e7-837e-fca27ecb5fa3', '019ede24-cb74-73b7-85ee-ba849d9f5f21', 'ADMIN', 'UPLOAD', NULL, '019f02cf-a927-7096-909e-b82d156bfb72', '127.0.0.1', 'System Auto Seeder', NULL),
	('019f02cf-a938-7212-a0e1-54b15b9acd2d', '019ede24-cd0c-7025-87e8-0e4781f0eec8', 'ADMIN', 'UPLOAD', NULL, '019f02cf-a935-7017-989a-01b87b9be984', '127.0.0.1', 'System Auto Seeder', NULL),
	('019f02cf-a947-703b-bf1b-04f2a49c18d2', '019ede2b-5b99-72bb-94c3-8bccaf599e4f', 'ADMIN', 'UPLOAD', NULL, '019f02cf-a945-72f1-a2e9-41bd5ba13f08', '127.0.0.1', 'System Auto Seeder', NULL),
	('019f02cf-a958-7283-8663-3eac78131b65', '019ede24-cd0c-7025-87e8-0e4781f0eec8', 'ADMIN', 'UPLOAD', NULL, '019f02cf-a955-7248-86bb-776abe8d44fc', '127.0.0.1', 'System Auto Seeder', NULL),
	('019f02cf-a967-718e-bac5-91132eb6cfbd', '019ede24-cd0c-7025-87e8-0e4781f0eec8', 'ADMIN', 'UPLOAD', NULL, '019f02cf-a966-7346-94d1-bdd7a378e7de', '127.0.0.1', 'System Auto Seeder', NULL),
	('019f02cf-a976-72db-be82-ff2cb2fabab1', '019ede24-caa3-7243-b800-c3eb6d954d53', 'ADMIN', 'UPLOAD', NULL, '019f02cf-a974-724b-aea4-6d9edd618154', '127.0.0.1', 'System Auto Seeder', NULL),
	('019f02cf-a987-7062-a350-f8f9916f43b5', '019ede2b-5b99-72bb-94c3-8bccaf599e4f', 'ADMIN', 'UPLOAD', NULL, '019f02cf-a985-70fd-ad3a-2fe7bcc78348', '127.0.0.1', 'System Auto Seeder', NULL),
	('019f02cf-a996-7197-a12c-b53cb1ff9190', '019ede24-cd0c-7025-87e8-0e4781f0eec8', 'ADMIN', 'UPLOAD', NULL, '019f02cf-a995-7361-9b47-7cb383330cfd', '127.0.0.1', 'System Auto Seeder', NULL),
	('019f02cf-a9a5-709d-acc4-636f919939c9', '019ede24-cc48-721c-a54d-7bce429c3a32', 'ADMIN', 'UPLOAD', NULL, '019f02cf-a9a3-723f-86bc-630c601a469c', '127.0.0.1', 'System Auto Seeder', NULL),
	('019f02cf-a9b5-7059-81b7-633dbf394e43', '019ede24-cc48-721c-a54d-7bce429c3a32', 'ADMIN', 'UPLOAD', NULL, '019f02cf-a9b3-72af-a35d-dffb3783eb54', '127.0.0.1', 'System Auto Seeder', NULL),
	('019f02cf-a9c3-705c-9750-13aeab1d55a8', '019ede24-cd0c-7025-87e8-0e4781f0eec8', 'ADMIN', 'UPLOAD', NULL, '019f02cf-a9c2-718c-87f2-a0d8ac0d4200', '127.0.0.1', 'System Auto Seeder', NULL),
	('019f02cf-a9d3-7226-83ac-b9d6c5af37b3', '019ede24-caa3-7243-b800-c3eb6d954d53', 'ADMIN', 'UPLOAD', NULL, '019f02cf-a9d1-71ec-9a07-ba9d11847d92', '127.0.0.1', 'System Auto Seeder', NULL),
	('019f02cf-a9e2-715f-aa53-ff2e2877d991', '019ede24-cd0c-7025-87e8-0e4781f0eec8', 'ADMIN', 'UPLOAD', NULL, '019f02cf-a9e0-72a9-841b-6c582c9b8797', '127.0.0.1', 'System Auto Seeder', NULL),
	('019f02cf-a9f1-717b-862e-cb33c7a4e483', '019ede24-caa3-7243-b800-c3eb6d954d53', 'ADMIN', 'UPLOAD', NULL, '019f02cf-a9ef-7196-aabb-e5733573e1a7', '127.0.0.1', 'System Auto Seeder', NULL),
	('019f02cf-aa02-71ca-bbd3-3b8dbe8012f2', '019ede24-cc48-721c-a54d-7bce429c3a32', 'ADMIN', 'UPLOAD', NULL, '019f02cf-aa00-71a5-845e-b49053f449f5', '127.0.0.1', 'System Auto Seeder', NULL),
	('019f02cf-aa12-7018-b7b7-bd5067944682', '019ede24-cb74-73b7-85ee-ba849d9f5f21', 'ADMIN', 'UPLOAD', NULL, '019f02cf-aa10-71eb-9392-52458a637e23', '127.0.0.1', 'System Auto Seeder', NULL),
	('019f02cf-aa26-72fd-8e37-774cd3933b57', '019ede24-cb74-73b7-85ee-ba849d9f5f21', 'ADMIN', 'UPLOAD', NULL, '019f02cf-aa24-7155-bee7-f9ce0ea67e29', '127.0.0.1', 'System Auto Seeder', NULL),
	('019f02cf-aa33-71df-bac6-2e034acc85ea', '019ede24-cc48-721c-a54d-7bce429c3a32', 'ADMIN', 'UPLOAD', NULL, '019f02cf-aa32-719c-8814-281d82bcce7f', '127.0.0.1', 'System Auto Seeder', NULL),
	('019f02cf-aa40-731a-8174-76430b25e75c', '019ede24-caa3-7243-b800-c3eb6d954d53', 'ADMIN', 'UPLOAD', NULL, '019f02cf-aa3e-70a4-be93-96c6d00c122b', '127.0.0.1', 'System Auto Seeder', NULL),
	('019f02cf-aa4e-71c2-9fa0-8469b6fa50c6', '019ede2b-5b99-72bb-94c3-8bccaf599e4f', 'ADMIN', 'UPLOAD', NULL, '019f02cf-aa4c-7082-b11d-96e8a47e3631', '127.0.0.1', 'System Auto Seeder', NULL),
	('019f02cf-aa5c-72df-ad3b-8558d000cdce', '019ede24-caa3-7243-b800-c3eb6d954d53', 'ADMIN', 'UPLOAD', NULL, '019f02cf-aa5a-7035-9eb0-d41e92073429', '127.0.0.1', 'System Auto Seeder', NULL),
	('019f02cf-aa6a-7258-99d5-ee6678251a8a', '019ede24-cb74-73b7-85ee-ba849d9f5f21', 'ADMIN', 'UPLOAD', NULL, '019f02cf-aa68-7274-b62c-9fd580d2183a', '127.0.0.1', 'System Auto Seeder', NULL),
	('019f02cf-aa77-71cc-b6ce-5c4355506478', '019ede2b-5b99-72bb-94c3-8bccaf599e4f', 'ADMIN', 'UPLOAD', NULL, '019f02cf-aa76-7119-b4f4-56865f41ce71', '127.0.0.1', 'System Auto Seeder', NULL),
	('019f02cf-aa83-7346-b598-c57122ac05ac', '019ede2b-5b99-72bb-94c3-8bccaf599e4f', 'ADMIN', 'UPLOAD', NULL, '019f02cf-aa82-7297-905a-45bd10c63787', '127.0.0.1', 'System Auto Seeder', NULL),
	('019f02cf-aa91-7180-bb32-66aa28f4a47c', '019ede24-caa3-7243-b800-c3eb6d954d53', 'ADMIN', 'UPLOAD', NULL, '019f02cf-aa90-709b-b797-e9d8f888b700', '127.0.0.1', 'System Auto Seeder', NULL),
	('019f02cf-aaa0-715b-9fee-99cdc0a096d0', '019ede24-caa3-7243-b800-c3eb6d954d53', 'ADMIN', 'UPLOAD', NULL, '019f02cf-aa9f-7394-9899-9a4e4f0718d0', '127.0.0.1', 'System Auto Seeder', NULL),
	('019f02cf-aaaf-7328-bee9-8d0e0023bd0f', '019ede24-cb74-73b7-85ee-ba849d9f5f21', 'ADMIN', 'UPLOAD', NULL, '019f02cf-aaad-73b7-97dc-ab8de9ef7b3e', '127.0.0.1', 'System Auto Seeder', NULL),
	('019f02cf-aabe-71be-9b5e-06b83dd7ff3b', '019ede24-caa3-7243-b800-c3eb6d954d53', 'ADMIN', 'UPLOAD', NULL, '019f02cf-aabc-71e0-be55-583111b97597', '127.0.0.1', 'System Auto Seeder', NULL),
	('019f02cf-aacc-7124-b4f4-179e840aca1f', '019ede24-cd0c-7025-87e8-0e4781f0eec8', 'ADMIN', 'UPLOAD', NULL, '019f02cf-aaca-70e4-9123-cbd79d3454e6', '127.0.0.1', 'System Auto Seeder', NULL),
	('019f02cf-aadb-7356-b1ae-d1f51ab96032', '019ede24-caa3-7243-b800-c3eb6d954d53', 'ADMIN', 'UPLOAD', NULL, '019f02cf-aad9-7333-b2ed-52cdf45c55d5', '127.0.0.1', 'System Auto Seeder', NULL),
	('019f02cf-aae9-71c5-afea-e3746a21365f', '019ede24-caa3-7243-b800-c3eb6d954d53', 'ADMIN', 'UPLOAD', NULL, '019f02cf-aae7-72fe-8bf5-36f1be22742e', '127.0.0.1', 'System Auto Seeder', NULL),
	('019f02cf-aaf7-7166-9998-19cad0f02eb9', '019ede24-cd0c-7025-87e8-0e4781f0eec8', 'ADMIN', 'UPLOAD', NULL, '019f02cf-aaf5-7326-84f9-c03550e66e53', '127.0.0.1', 'System Auto Seeder', NULL),
	('019f02cf-ab04-7368-9d17-e91a64119fb7', '019ede2b-5b99-72bb-94c3-8bccaf599e4f', 'ADMIN', 'UPLOAD', NULL, '019f02cf-ab02-71eb-8941-e31cf96f038b', '127.0.0.1', 'System Auto Seeder', NULL),
	('019f02cf-ab11-7154-886c-6a0975ab97fa', '019ede24-cd0c-7025-87e8-0e4781f0eec8', 'ADMIN', 'UPLOAD', NULL, '019f02cf-ab0f-722f-9548-2ee0eb0ee69e', '127.0.0.1', 'System Auto Seeder', NULL),
	('019f02cf-ab1e-716d-86f1-660b53abd59c', '019ede2b-5b99-72bb-94c3-8bccaf599e4f', 'ADMIN', 'UPLOAD', NULL, '019f02cf-ab1c-719e-b117-284c631b43c9', '127.0.0.1', 'System Auto Seeder', NULL),
	('019f02cf-ab2b-7265-bf4a-582e67ec06de', '019ede24-caa3-7243-b800-c3eb6d954d53', 'ADMIN', 'UPLOAD', NULL, '019f02cf-ab29-7077-91f6-ba773616cbc0', '127.0.0.1', 'System Auto Seeder', NULL),
	('019f02cf-ab3c-713d-9ca0-1d1315e49247', '019ede24-cc48-721c-a54d-7bce429c3a32', 'ADMIN', 'UPLOAD', NULL, '019f02cf-ab39-7125-b85b-0021fc40e3be', '127.0.0.1', 'System Auto Seeder', NULL),
	('019f02cf-ab4b-7188-8b5a-c1121a8aa62f', '019ede2b-5b99-72bb-94c3-8bccaf599e4f', 'ADMIN', 'UPLOAD', NULL, '019f02cf-ab49-70b9-a01f-222de9d4bae0', '127.0.0.1', 'System Auto Seeder', NULL),
	('019f02cf-ab5a-7305-abe2-74012ca1f623', '019ede24-caa3-7243-b800-c3eb6d954d53', 'ADMIN', 'UPLOAD', NULL, '019f02cf-ab58-727c-b68a-2d8f5dab1151', '127.0.0.1', 'System Auto Seeder', NULL),
	('019f02cf-ab6a-7049-9c26-e3e2c9b145c7', '019ede24-cc48-721c-a54d-7bce429c3a32', 'ADMIN', 'UPLOAD', NULL, '019f02cf-ab68-7267-b368-949863a73dc9', '127.0.0.1', 'System Auto Seeder', NULL),
	('019f02cf-ab79-701a-9b6b-02ea931ad7a8', '019ede2b-5b99-72bb-94c3-8bccaf599e4f', 'ADMIN', 'UPLOAD', NULL, '019f02cf-ab77-7329-8136-16a79f3dfa65', '127.0.0.1', 'System Auto Seeder', NULL),
	('019f02cf-ab89-70a1-8888-598cd5232ec9', '019ede2b-5b99-72bb-94c3-8bccaf599e4f', 'ADMIN', 'UPLOAD', NULL, '019f02cf-ab87-70e1-8abd-d7e6a362f3db', '127.0.0.1', 'System Auto Seeder', NULL),
	('019f02cf-ab9b-7011-8589-f06b66979b11', '019ede2b-5b99-72bb-94c3-8bccaf599e4f', 'ADMIN', 'UPLOAD', NULL, '019f02cf-ab99-7113-a3bb-cdbbdbc31a9b', '127.0.0.1', 'System Auto Seeder', NULL),
	('019f02cf-abab-7251-b96c-37beaaaaefe7', '019ede24-cb74-73b7-85ee-ba849d9f5f21', 'ADMIN', 'UPLOAD', NULL, '019f02cf-aba9-7236-8b70-a819a1ed5935', '127.0.0.1', 'System Auto Seeder', NULL),
	('019f02cf-abba-707b-acd9-7b3460a4e24d', '019ede2b-5b99-72bb-94c3-8bccaf599e4f', 'ADMIN', 'UPLOAD', NULL, '019f02cf-abb8-700b-9ee2-9c0b20d8c4a1', '127.0.0.1', 'System Auto Seeder', NULL),
	('019f02cf-abcc-70a9-a431-2ac9f318091f', '019ede2b-5b99-72bb-94c3-8bccaf599e4f', 'ADMIN', 'UPLOAD', NULL, '019f02cf-abca-71ae-a9b6-a5e1ada24dd8', '127.0.0.1', 'System Auto Seeder', NULL),
	('019f02cf-abdb-714f-9a42-5f32304db4fc', '019ede24-cb74-73b7-85ee-ba849d9f5f21', 'ADMIN', 'UPLOAD', NULL, '019f02cf-abd9-73c7-a503-c1c68f2db6b9', '127.0.0.1', 'System Auto Seeder', NULL),
	('019f02cf-abec-7187-8ff4-5335c3132cff', '019ede24-cb74-73b7-85ee-ba849d9f5f21', 'ADMIN', 'UPLOAD', NULL, '019f02cf-abea-70cb-b6d6-3f8140751337', '127.0.0.1', 'System Auto Seeder', NULL),
	('019f02cf-abfc-711c-973f-5f44db74583a', '019ede2b-5b99-72bb-94c3-8bccaf599e4f', 'ADMIN', 'UPLOAD', NULL, '019f02cf-abfb-7223-9c8b-b281fdbbf052', '127.0.0.1', 'System Auto Seeder', NULL),
	('019f02cf-ac0d-710b-831c-16de1f8d0f45', '019ede24-cb74-73b7-85ee-ba849d9f5f21', 'ADMIN', 'UPLOAD', NULL, '019f02cf-ac0b-710b-a8f4-e41cd755c673', '127.0.0.1', 'System Auto Seeder', NULL),
	('019f02cf-ac1e-729e-848e-f1cac2a86e8a', '019ede24-cd0c-7025-87e8-0e4781f0eec8', 'ADMIN', 'UPLOAD', NULL, '019f02cf-ac1d-7348-9840-d2e3b815b54c', '127.0.0.1', 'System Auto Seeder', NULL),
	('019f02cf-ac2f-7052-95da-4e0d274c9db6', '019ede24-caa3-7243-b800-c3eb6d954d53', 'ADMIN', 'UPLOAD', NULL, '019f02cf-ac2d-73b3-9ddc-2b6d7bd11e13', '127.0.0.1', 'System Auto Seeder', NULL),
	('019f02cf-ac3f-720c-bdd6-86b146e076dd', '019ede24-cc48-721c-a54d-7bce429c3a32', 'ADMIN', 'UPLOAD', NULL, '019f02cf-ac3d-70cd-b697-5a742c96d339', '127.0.0.1', 'System Auto Seeder', NULL),
	('019f02cf-ac50-7011-b2a8-cd2945f51b24', '019ede24-caa3-7243-b800-c3eb6d954d53', 'ADMIN', 'UPLOAD', NULL, '019f02cf-ac4e-70d2-aba7-977b19ef3a13', '127.0.0.1', 'System Auto Seeder', NULL),
	('019f02cf-ac5f-7195-b5f3-5067444c874f', '019ede24-cb74-73b7-85ee-ba849d9f5f21', 'ADMIN', 'UPLOAD', NULL, '019f02cf-ac5e-703b-b613-35482bd0ca9b', '127.0.0.1', 'System Auto Seeder', NULL),
	('019f02cf-ac6f-7081-be9c-322478d99c67', '019ede2b-5b99-72bb-94c3-8bccaf599e4f', 'ADMIN', 'UPLOAD', NULL, '019f02cf-ac6d-71a2-b8d5-f5e97d97e23f', '127.0.0.1', 'System Auto Seeder', NULL),
	('019f02cf-ac7d-736f-949d-af5ae4a0485a', '019ede2b-5b99-72bb-94c3-8bccaf599e4f', 'ADMIN', 'UPLOAD', NULL, '019f02cf-ac7b-73f0-b422-980b3124a447', '127.0.0.1', 'System Auto Seeder', NULL),
	('019f02cf-ac8c-717c-977a-f5e65501b759', '019ede24-cb74-73b7-85ee-ba849d9f5f21', 'ADMIN', 'UPLOAD', NULL, '019f02cf-ac8a-7015-8fb1-0f0655b5456d', '127.0.0.1', 'System Auto Seeder', NULL),
	('019f02cf-ac9a-7140-9e03-e126ae9c1776', '019ede24-caa3-7243-b800-c3eb6d954d53', 'ADMIN', 'UPLOAD', NULL, '019f02cf-ac97-71f2-90b9-2a336865c466', '127.0.0.1', 'System Auto Seeder', NULL),
	('019f02cf-aca8-7323-aeb2-49861f8d9d2c', '019ede24-cb74-73b7-85ee-ba849d9f5f21', 'ADMIN', 'UPLOAD', NULL, '019f02cf-aca6-7102-ac88-4789d9056fd5', '127.0.0.1', 'System Auto Seeder', NULL),
	('019f02cf-acb7-719c-a352-edd71d5a3767', '019ede24-cd0c-7025-87e8-0e4781f0eec8', 'ADMIN', 'UPLOAD', NULL, '019f02cf-acb5-71f0-82b0-7881bcb4fddc', '127.0.0.1', 'System Auto Seeder', NULL),
	('019f02cf-acc6-7362-a8da-ba0c85298cad', '019ede24-caa3-7243-b800-c3eb6d954d53', 'ADMIN', 'UPLOAD', NULL, '019f02cf-acc4-73b3-8d7b-1bc79f6b49e3', '127.0.0.1', 'System Auto Seeder', NULL),
	('019f02cf-acd4-7089-bf63-792424535313', '019ede24-cc48-721c-a54d-7bce429c3a32', 'ADMIN', 'UPLOAD', NULL, '019f02cf-acd3-70a8-880c-470ba6ef7565', '127.0.0.1', 'System Auto Seeder', NULL),
	('019f02cf-ace3-73ed-ade9-1765609c08a2', '019ede24-cb74-73b7-85ee-ba849d9f5f21', 'ADMIN', 'UPLOAD', NULL, '019f02cf-ace1-73bb-a84b-0af1b8dde1ca', '127.0.0.1', 'System Auto Seeder', NULL),
	('019f02cf-acf1-72b9-ba67-4006cb223de1', '019ede2b-5b99-72bb-94c3-8bccaf599e4f', 'ADMIN', 'UPLOAD', NULL, '019f02cf-acef-7365-84ed-30211368e288', '127.0.0.1', 'System Auto Seeder', NULL),
	('019f02cf-acff-72ee-988c-ae0016f1b349', '019ede24-cb74-73b7-85ee-ba849d9f5f21', 'ADMIN', 'UPLOAD', NULL, '019f02cf-acfd-7289-a7e0-c540ef8a5abf', '127.0.0.1', 'System Auto Seeder', NULL),
	('019f02cf-ad0f-70ac-949c-3a76b72d8ca5', '019ede24-caa3-7243-b800-c3eb6d954d53', 'ADMIN', 'UPLOAD', NULL, '019f02cf-ad0c-71a7-b6d4-9dba9bee08c2', '127.0.0.1', 'System Auto Seeder', NULL),
	('019f02cf-ad1e-70ac-8ac2-4a12fc05d757', '019ede24-cb74-73b7-85ee-ba849d9f5f21', 'ADMIN', 'UPLOAD', NULL, '019f02cf-ad1c-71f3-a87c-47fa54fd68e0', '127.0.0.1', 'System Auto Seeder', NULL),
	('019f02cf-ad25-71d4-83cb-7869492e4798', '019ede24-caa3-7243-b800-c3eb6d954d53', 'ADMIN', 'UPLOAD', NULL, '019f02cf-ad23-711e-8bf8-869b97bfae2d', '127.0.0.1', 'System Auto Seeder', NULL),
	('019f02cf-ad34-71b5-8c0d-491cf06f5faf', '019ede24-cc48-721c-a54d-7bce429c3a32', 'ADMIN', 'UPLOAD', NULL, '019f02cf-ad32-73ee-8b12-214cf2eb9223', '127.0.0.1', 'System Auto Seeder', NULL),
	('019f02cf-ad38-7165-87a6-7d173b060728', '019ede2b-5b99-72bb-94c3-8bccaf599e4f', 'ADMIN', 'UPLOAD', NULL, '019f02cf-ad37-736f-a8bb-41382b77c4dd', '127.0.0.1', 'System Auto Seeder', NULL),
	('019f02cf-ad46-7015-884e-fd715d97881e', '019ede2b-5b99-72bb-94c3-8bccaf599e4f', 'ADMIN', 'UPLOAD', NULL, '019f02cf-ad45-733a-b809-df9b51e413d5', '127.0.0.1', 'System Auto Seeder', NULL),
	('019f02cf-ad54-70be-9f66-17edae657fc8', '019ede24-caa3-7243-b800-c3eb6d954d53', 'ADMIN', 'UPLOAD', NULL, '019f02cf-ad52-7168-b9cc-377a61a387d6', '127.0.0.1', 'System Auto Seeder', NULL),
	('019f02cf-ad62-7329-88e2-4abfc804aa7b', '019ede24-cc48-721c-a54d-7bce429c3a32', 'ADMIN', 'UPLOAD', NULL, '019f02cf-ad5f-73fa-8e16-e531130d9380', '127.0.0.1', 'System Auto Seeder', NULL),
	('019f02cf-ad70-7339-8cf7-7633cbdec4b7', '019ede24-cb74-73b7-85ee-ba849d9f5f21', 'ADMIN', 'UPLOAD', NULL, '019f02cf-ad6f-72e6-84d7-f97083ef0d02', '127.0.0.1', 'System Auto Seeder', NULL),
	('019f02cf-ad81-7037-919e-a054ccda86fc', '019ede24-cd0c-7025-87e8-0e4781f0eec8', 'ADMIN', 'UPLOAD', NULL, '019f02cf-ad7f-7273-ac71-1201b1d014ef', '127.0.0.1', 'System Auto Seeder', NULL),
	('019f02d0-694e-7073-a562-37d254e60f5d', '019ede24-cb74-73b7-85ee-ba849d9f5f21', 'STAFF', 'LOGIN_BERHASIL', 'User berhasil login ke sistem', NULL, '127.0.0.1', 'Mozilla/5.0 (Windows NT 10.0; Win64; x64) AppleWebKit/537.36 (KHTML, like Gecko) Chrome/149.0.0.0 Safari/537.36', '2026-06-26 07:24:00'),
	('019f02d5-be19-7285-89f7-721a213c367c', '019ede24-cb74-73b7-85ee-ba849d9f5f21', 'STAFF', 'EDIT_METADATA', 'Mengedit metadata: budi', '019f02cf-acef-7365-84ed-30211368e288', '127.0.0.1', 'Mozilla/5.0 (Windows NT 10.0; Win64; x64) AppleWebKit/537.36 (KHTML, like Gecko) Chrome/149.0.0.0 Safari/537.36', '2026-06-26 07:29:50'),
	('019f02d6-1e3c-7399-922d-09aa4b557850', '019ede24-cb74-73b7-85ee-ba849d9f5f21', 'STAFF', 'EDIT_METADATA', 'Mengedit metadata: Pemberitahuan Hasil Penelitian PPh 21 Mei 2022 BK #6902', '019f02cf-ad45-733a-b809-df9b51e413d5', '127.0.0.1', 'Mozilla/5.0 (Windows NT 10.0; Win64; x64) AppleWebKit/537.36 (KHTML, like Gecko) Chrome/149.0.0.0 Safari/537.36', '2026-06-26 07:30:14'),
	('019f030e-814d-71f1-8eca-ce3cdb2b5006', '019ede24-caa3-7243-b800-c3eb6d954d53', 'ADMIN', 'LOGIN_BERHASIL', 'User berhasil login ke sistem', NULL, '127.0.0.1', 'Mozilla/5.0 (Windows NT 10.0; Win64; x64) AppleWebKit/537.36 (KHTML, like Gecko) Chrome/149.0.0.0 Safari/537.36 Edg/149.0.0.0', '2026-06-26 08:31:50'),
	('019f030f-aa9b-7380-b206-6be515470e8a', '019ede24-caa3-7243-b800-c3eb6d954d53', 'ADMIN', 'EDIT_METADATA', 'Mengedit metadata: tgl', '019f02cf-ad0c-71a7-b6d4-9dba9bee08c2', '127.0.0.1', 'Mozilla/5.0 (Windows NT 10.0; Win64; x64) AppleWebKit/537.36 (KHTML, like Gecko) Chrome/149.0.0.0 Safari/537.36 Edg/149.0.0.0', '2026-06-26 08:33:06'),
	('019f0314-4308-73e0-9198-58890e5aeab8', '019ede24-caa3-7243-b800-c3eb6d954d53', 'ADMIN', 'UPLOAD_DOKUMEN', 'Mengupload dokumen: tol', '019f0314-4304-700a-a567-fd23c0dc759d', '127.0.0.1', 'Mozilla/5.0 (Windows NT 10.0; Win64; x64) AppleWebKit/537.36 (KHTML, like Gecko) Chrome/149.0.0.0 Safari/537.36 Edg/149.0.0.0', '2026-06-26 08:38:07'),
	('019f0314-e79c-7228-84b7-1894eafae07e', '019ede24-caa3-7243-b800-c3eb6d954d53', 'ADMIN', 'GENERATE_SHARE_LINK', 'Membuat Share Link: tol', '019f0314-4304-700a-a567-fd23c0dc759d', '127.0.0.1', 'Mozilla/5.0 (Windows NT 10.0; Win64; x64) AppleWebKit/537.36 (KHTML, like Gecko) Chrome/149.0.0.0 Safari/537.36 Edg/149.0.0.0', '2026-06-26 08:38:49'),
	('019f0315-4e1d-7356-b094-1d0b4920e5be', '019ede24-caa3-7243-b800-c3eb6d954d53', 'ADMIN', 'REVOKE_SHARE_LINK', 'Mencabut Share Link: tol', '019f0314-4304-700a-a567-fd23c0dc759d', '127.0.0.1', 'Mozilla/5.0 (Windows NT 10.0; Win64; x64) AppleWebKit/537.36 (KHTML, like Gecko) Chrome/149.0.0.0 Safari/537.36 Edg/149.0.0.0', '2026-06-26 08:39:15'),
	('019f0315-bf9c-730e-b710-f733dc5a7a75', '019ede24-caa3-7243-b800-c3eb6d954d53', 'ADMIN', 'CETAK_PDF', 'Mencetak laporan dokumen (Periode: semua)', NULL, '127.0.0.1', 'Mozilla/5.0 (Windows NT 10.0; Win64; x64) AppleWebKit/537.36 (KHTML, like Gecko) Chrome/149.0.0.0 Safari/537.36 Edg/149.0.0.0', '2026-06-26 08:39:44'),
	('019f0326-383e-7017-934a-a7e8d267ca05', '019ede24-cb74-73b7-85ee-ba849d9f5f21', 'STAFF', 'LOGIN_BERHASIL', 'User berhasil login ke sistem', NULL, '127.0.0.1', 'Mozilla/5.0 (Windows NT 10.0; Win64; x64) AppleWebKit/537.36 (KHTML, like Gecko) Chrome/149.0.0.0 Safari/537.36 Edg/149.0.0.0', '2026-06-26 08:57:44'),
	('019f0327-51e4-70f4-92ed-bab2bc0379d9', '019ede24-caa3-7243-b800-c3eb6d954d53', 'ADMIN', 'LOGIN_BERHASIL', 'User berhasil login ke sistem', NULL, '127.0.0.1', 'Mozilla/5.0 (Windows NT 10.0; Win64; x64) AppleWebKit/537.36 (KHTML, like Gecko) Chrome/149.0.0.0 Safari/537.36', '2026-06-26 08:58:56'),
	('019f0327-cff3-73fa-b10e-278c2c5b983a', '019ede24-caa3-7243-b800-c3eb6d954d53', 'ADMIN', 'EDIT_USER', 'Memperbarui data pengguna: budi_psr', NULL, '127.0.0.1', 'Mozilla/5.0 (Windows NT 10.0; Win64; x64) AppleWebKit/537.36 (KHTML, like Gecko) Chrome/149.0.0.0 Safari/537.36', '2026-06-26 08:59:28'),
	('019f0327-fdc2-70ee-bf9f-cdf9659488c5', '019ede24-caa3-7243-b800-c3eb6d954d53', 'ADMIN', 'EDIT_USER', 'Memperbarui data pengguna: budi_psr', NULL, '127.0.0.1', 'Mozilla/5.0 (Windows NT 10.0; Win64; x64) AppleWebKit/537.36 (KHTML, like Gecko) Chrome/149.0.0.0 Safari/537.36', '2026-06-26 08:59:40'),
	('019f0328-08c7-71b1-b48f-5e6136a31cd8', '019ede24-caa3-7243-b800-c3eb6d954d53', 'ADMIN', 'NONAKTIFKAN_USER', 'Dinonaktifkan pengguna: budi_psr', NULL, '127.0.0.1', 'Mozilla/5.0 (Windows NT 10.0; Win64; x64) AppleWebKit/537.36 (KHTML, like Gecko) Chrome/149.0.0.0 Safari/537.36', '2026-06-26 08:59:43'),
	('019f0329-0c71-715f-9c62-96f464766475', '019ede24-caa3-7243-b800-c3eb6d954d53', 'ADMIN', 'AKTIFKAN_USER', 'Diaktifkan pengguna: budi_psr', NULL, '127.0.0.1', 'Mozilla/5.0 (Windows NT 10.0; Win64; x64) AppleWebKit/537.36 (KHTML, like Gecko) Chrome/149.0.0.0 Safari/537.36', '2026-06-26 09:00:49'),
	('019f0329-66f3-73f8-bb90-5182c0596a50', '019ede24-cb74-73b7-85ee-ba849d9f5f21', 'STAFF', 'LOGIN_BERHASIL', 'User berhasil login ke sistem', NULL, '127.0.0.1', 'Mozilla/5.0 (Windows NT 10.0; Win64; x64) AppleWebKit/537.36 (KHTML, like Gecko) Chrome/149.0.0.0 Safari/537.36 Edg/149.0.0.0', '2026-06-26 09:01:12'),
	('019f032c-3a05-70f2-8aaa-f57fd700f6f0', '019ede24-cb74-73b7-85ee-ba849d9f5f21', 'STAFF', 'EDIT_METADATA', 'Mengedit metadata: tol', '019f0314-4304-700a-a567-fd23c0dc759d', '127.0.0.1', 'Mozilla/5.0 (Windows NT 10.0; Win64; x64) AppleWebKit/537.36 (KHTML, like Gecko) Chrome/149.0.0.0 Safari/537.36 Edg/149.0.0.0', '2026-06-26 09:04:17'),
	('019f032c-85dc-7282-a496-6d3a1aa6b306', '019ede24-cb74-73b7-85ee-ba849d9f5f21', 'STAFF', 'EDIT_METADATA', 'Mengedit metadata: tol', '019f0314-4304-700a-a567-fd23c0dc759d', '127.0.0.1', 'Mozilla/5.0 (Windows NT 10.0; Win64; x64) AppleWebKit/537.36 (KHTML, like Gecko) Chrome/149.0.0.0 Safari/537.36 Edg/149.0.0.0', '2026-06-26 09:04:37'),
	('019f0338-4dd4-70fe-b15f-e7a96ca584b2', '019ede24-caa3-7243-b800-c3eb6d954d53', 'ADMIN', 'TAMBAH_BANK', 'Menambahkan bank baru: bang bang tut', NULL, '127.0.0.1', 'Mozilla/5.0 (Windows NT 10.0; Win64; x64) AppleWebKit/537.36 (KHTML, like Gecko) Chrome/149.0.0.0 Safari/537.36', '2026-06-26 09:17:29'),
	('019f0338-74fd-71a7-bd45-e589eb6b755e', '019ede24-caa3-7243-b800-c3eb6d954d53', 'ADMIN', 'TAMBAH_BANK', 'Menambahkan bank baru: bangbeli bank', NULL, '127.0.0.1', 'Mozilla/5.0 (Windows NT 10.0; Win64; x64) AppleWebKit/537.36 (KHTML, like Gecko) Chrome/149.0.0.0 Safari/537.36', '2026-06-26 09:17:39'),
	('019f0338-d8f2-711e-bf91-53691ba17a43', '019ede24-caa3-7243-b800-c3eb6d954d53', 'ADMIN', 'EDIT_METADATA', 'Mengedit metadata: tol', '019f0314-4304-700a-a567-fd23c0dc759d', '127.0.0.1', 'Mozilla/5.0 (Windows NT 10.0; Win64; x64) AppleWebKit/537.36 (KHTML, like Gecko) Chrome/149.0.0.0 Safari/537.36', '2026-06-26 09:18:05'),
	('019f0340-bb6e-70ac-81aa-c1ec7522b077', '019ede24-cb74-73b7-85ee-ba849d9f5f21', 'STAFF', 'EXPORT_EXCEL', 'Export laporan dokumen ke Excel (Periode: 1_bulan)', NULL, '127.0.0.1', 'Mozilla/5.0 (Windows NT 10.0; Win64; x64) AppleWebKit/537.36 (KHTML, like Gecko) Chrome/149.0.0.0 Safari/537.36 Edg/149.0.0.0', '2026-06-26 09:26:41'),
	('019f0345-0ab9-7365-b0d2-30ffa8dc53cb', '019ede24-caa3-7243-b800-c3eb6d954d53', 'ADMIN', 'CETAK_PDF', 'Mencetak laporan dokumen (Periode: 1_bulan)', NULL, '127.0.0.1', 'Mozilla/5.0 (Windows NT 10.0; Win64; x64) AppleWebKit/537.36 (KHTML, like Gecko) Chrome/149.0.0.0 Safari/537.36', '2026-06-26 09:31:24');

-- Dumping structure for table sipsr.banks
DROP TABLE IF EXISTS `banks`;
CREATE TABLE IF NOT EXISTS `banks` (
  `id` char(36) COLLATE utf8mb4_unicode_ci NOT NULL,
  `nama` varchar(255) COLLATE utf8mb4_unicode_ci NOT NULL,
  `created_at` timestamp NULL DEFAULT NULL,
  `updated_at` timestamp NULL DEFAULT NULL,
  PRIMARY KEY (`id`)
) ENGINE=InnoDB DEFAULT CHARSET=utf8mb4 COLLATE=utf8mb4_unicode_ci;

-- Dumping data for table sipsr.banks: ~2 rows (approximately)
INSERT INTO `banks` (`id`, `nama`, `created_at`, `updated_at`) VALUES
	('019f0338-4dc1-70d0-aebd-d65376a7b6f3', 'bang bang tut', '2026-06-26 09:17:29', '2026-06-26 09:17:29'),
	('019f0338-74ea-7336-884e-7a7d94504612', 'bangbeli bank', '2026-06-26 09:17:39', '2026-06-26 09:17:39');

-- Dumping structure for table sipsr.cache
DROP TABLE IF EXISTS `cache`;
CREATE TABLE IF NOT EXISTS `cache` (
  `key` varchar(255) CHARACTER SET utf8mb4 COLLATE utf8mb4_unicode_ci NOT NULL,
  `value` mediumtext CHARACTER SET utf8mb4 COLLATE utf8mb4_unicode_ci NOT NULL,
  `expiration` bigint NOT NULL,
  PRIMARY KEY (`key`),
  KEY `cache_expiration_index` (`expiration`)
) ENGINE=InnoDB DEFAULT CHARSET=utf8mb4 COLLATE=utf8mb4_unicode_ci;

-- Dumping data for table sipsr.cache: ~0 rows (approximately)

-- Dumping structure for table sipsr.cache_locks
DROP TABLE IF EXISTS `cache_locks`;
CREATE TABLE IF NOT EXISTS `cache_locks` (
  `key` varchar(255) CHARACTER SET utf8mb4 COLLATE utf8mb4_unicode_ci NOT NULL,
  `owner` varchar(255) CHARACTER SET utf8mb4 COLLATE utf8mb4_unicode_ci NOT NULL,
  `expiration` bigint NOT NULL,
  PRIMARY KEY (`key`),
  KEY `cache_locks_expiration_index` (`expiration`)
) ENGINE=InnoDB DEFAULT CHARSET=utf8mb4 COLLATE=utf8mb4_unicode_ci;

-- Dumping data for table sipsr.cache_locks: ~0 rows (approximately)

-- Dumping structure for table sipsr.categories
DROP TABLE IF EXISTS `categories`;
CREATE TABLE IF NOT EXISTS `categories` (
  `id` char(36) CHARACTER SET utf8mb4 COLLATE utf8mb4_unicode_ci NOT NULL,
  `nama` varchar(255) CHARACTER SET utf8mb4 COLLATE utf8mb4_unicode_ci NOT NULL,
  `created_at` timestamp NULL DEFAULT NULL,
  `updated_at` timestamp NULL DEFAULT NULL,
  PRIMARY KEY (`id`),
  UNIQUE KEY `categories_nama_unique` (`nama`)
) ENGINE=InnoDB DEFAULT CHARSET=utf8mb4 COLLATE=utf8mb4_unicode_ci;

-- Dumping data for table sipsr.categories: ~12 rows (approximately)
INSERT INTO `categories` (`id`, `nama`, `created_at`, `updated_at`) VALUES
	('019ede24-cd11-73a2-8792-18e045563e16', 'Surat Masuk', '2026-06-18 21:30:14', '2026-06-18 21:30:14'),
	('019ede24-cd14-73fc-826d-e15086ad0e70', 'Surat Keluar', '2026-06-18 21:30:14', '2026-06-18 21:30:14'),
	('019ede24-cd16-72b6-9a68-a731dc7fd7ee', 'Nota Dinas', '2026-06-18 21:30:14', '2026-06-18 21:30:14'),
	('019ede24-cd18-738a-bf20-f186a8324f97', 'Laporan Bulanan', '2026-06-18 21:30:14', '2026-06-18 21:30:14'),
	('019ede24-cd18-738a-bf20-f186a91f69fb', 'Laporan Tahunan', '2026-06-18 21:30:14', '2026-06-18 21:30:14'),
	('019ede24-cd1a-7095-98ba-1dda17e3c181', 'Berita Acara', '2026-06-18 21:30:14', '2026-06-18 21:30:14'),
	('019ede24-cd1c-7030-8aee-8464c96160ba', 'SPK (Surat Perintah Kerja)', '2026-06-18 21:30:14', '2026-06-18 21:30:14'),
	('019ede24-cd1d-73f5-9aeb-9ae06b776bd9', 'SK / Keputusan', '2026-06-18 21:30:14', '2026-06-18 21:30:14'),
	('019ede24-cd1e-71df-a9db-8eb5bd2db283', 'Dokumen Teknis', '2026-06-18 21:30:14', '2026-06-18 21:30:14'),
	('019ede24-cd1f-733e-bcdf-2e729ad3e34d', 'Dokumen Perencanaan', '2026-06-18 21:30:14', '2026-06-18 21:30:14'),
	('019ede24-cd20-7030-a4c6-d75699e3f2c2', 'Perizinan', '2026-06-18 21:30:14', '2026-06-18 21:30:14'),
	('019ede24-cd21-72b8-b3a5-dbc1c090fc82', 'Dokumen Keuangan', '2026-06-18 21:30:14', '2026-06-18 21:30:14');

-- Dumping structure for table sipsr.documents
DROP TABLE IF EXISTS `documents`;
CREATE TABLE IF NOT EXISTS `documents` (
  `id` char(36) CHARACTER SET utf8mb4 COLLATE utf8mb4_unicode_ci NOT NULL,
  `nomor_dokumen` varchar(255) CHARACTER SET utf8mb4 COLLATE utf8mb4_unicode_ci NOT NULL,
  `nama_dokumen` varchar(255) CHARACTER SET utf8mb4 COLLATE utf8mb4_unicode_ci NOT NULL,
  `bank_id` char(36) COLLATE utf8mb4_unicode_ci DEFAULT NULL,
  `category_id` char(36) CHARACTER SET utf8mb4 COLLATE utf8mb4_unicode_ci NOT NULL,
  `tanggal_dokumen` date NOT NULL,
  `deskripsi` text CHARACTER SET utf8mb4 COLLATE utf8mb4_unicode_ci,
  `file_path` varchar(255) CHARACTER SET utf8mb4 COLLATE utf8mb4_unicode_ci NOT NULL,
  `file_name` varchar(255) CHARACTER SET utf8mb4 COLLATE utf8mb4_unicode_ci NOT NULL,
  `hasil_ocr` longtext CHARACTER SET utf8mb4 COLLATE utf8mb4_unicode_ci,
  `uploader_id` char(36) CHARACTER SET utf8mb4 COLLATE utf8mb4_unicode_ci NOT NULL,
  `updated_by_id` char(36) CHARACTER SET utf8mb4 COLLATE utf8mb4_unicode_ci DEFAULT NULL,
  `deleted_at` timestamp NULL DEFAULT NULL,
  `deleted_by_id` char(36) CHARACTER SET utf8mb4 COLLATE utf8mb4_unicode_ci DEFAULT NULL,
  `created_at` timestamp NULL DEFAULT NULL,
  `updated_at` timestamp NULL DEFAULT NULL,
  PRIMARY KEY (`id`),
  KEY `documents_category_id_foreign` (`category_id`),
  KEY `documents_uploader_id_foreign` (`uploader_id`),
  KEY `documents_updated_by_id_foreign` (`updated_by_id`),
  KEY `documents_deleted_by_id_foreign` (`deleted_by_id`),
  KEY `documents_nomor_dokumen_index` (`nomor_dokumen`),
  KEY `documents_nama_dokumen_index` (`nama_dokumen`),
  KEY `documents_category_id_index` (`category_id`),
  KEY `documents_uploader_id_index` (`uploader_id`),
  KEY `documents_tanggal_dokumen_index` (`tanggal_dokumen`),
  KEY `documents_created_at_index` (`created_at`),
  KEY `documents_deleted_at_index` (`deleted_at`),
  KEY `documents_deleted_at_created_at_index` (`deleted_at`,`created_at`),
  KEY `documents_bank_id_foreign` (`bank_id`),
  CONSTRAINT `documents_bank_id_foreign` FOREIGN KEY (`bank_id`) REFERENCES `banks` (`id`) ON DELETE SET NULL,
  CONSTRAINT `documents_category_id_foreign` FOREIGN KEY (`category_id`) REFERENCES `categories` (`id`) ON DELETE CASCADE,
  CONSTRAINT `documents_deleted_by_id_foreign` FOREIGN KEY (`deleted_by_id`) REFERENCES `users` (`id`) ON DELETE SET NULL,
  CONSTRAINT `documents_updated_by_id_foreign` FOREIGN KEY (`updated_by_id`) REFERENCES `users` (`id`) ON DELETE SET NULL,
  CONSTRAINT `documents_uploader_id_foreign` FOREIGN KEY (`uploader_id`) REFERENCES `users` (`id`) ON DELETE CASCADE
) ENGINE=InnoDB DEFAULT CHARSET=utf8mb4 COLLATE=utf8mb4_unicode_ci;

-- Dumping data for table sipsr.documents: ~202 rows (approximately)
INSERT INTO `documents` (`id`, `nomor_dokumen`, `nama_dokumen`, `bank_id`, `category_id`, `tanggal_dokumen`, `deskripsi`, `file_path`, `file_name`, `hasil_ocr`, `uploader_id`, `updated_by_id`, `deleted_at`, `deleted_by_id`, `created_at`, `updated_at`) VALUES
	('019f02cf-6074-70cd-9f16-aef09239c8c5', 'DUMMY-202606-0001', 'Pemberitahuan Hasil Penelitian - PPN Maret 2022 BK #6956', NULL, '019ede24-cd1d-73f5-9aeb-9ae06b776bd9', '2026-05-16', 'Dokumen dummy otomatis dari D:\\GHALIB_WIJOYO', 'uploads/2026/06/HNiehSUZbdvYPlPdZN8OLuky0btgkqYnawRUeUoy.docx', 'Pemberitahuan Hasil Penelitian - PPN Maret 2022 BK - Copy (10).docx', NULL, '019ede2b-5b99-72bb-94c3-8bccaf599e4f', NULL, NULL, NULL, '2026-06-26 07:22:52', '2026-06-26 07:22:52'),
	('019f02cf-a223-73a6-b354-fc1eb7308fa1', 'DUMMY-202606-0001', 'Pemberitahuan Hasil Penelitian - PPN Maret 2022 BK #6226', NULL, '019ede24-cd18-738a-bf20-f186a8324f97', '2026-03-28', 'Dokumen dummy otomatis dari D:\\GHALIB_WIJOYO', 'uploads/2026/06/nuL1Aon3QEBK3aujiXeKsIR46DED2Ph3LFRIPz9o.docx', 'Pemberitahuan Hasil Penelitian - PPN Maret 2022 BK - Copy (10).docx', NULL, '019ede24-cd0c-7025-87e8-0e4781f0eec8', NULL, NULL, NULL, '2026-06-26 07:23:09', '2026-06-26 07:23:09'),
	('019f02cf-a237-7350-be60-a24c71ea5f81', 'DUMMY-202606-0002', 'Pemberitahuan Hasil Penelitian - PPN Maret 2022 BK #2108', NULL, '019ede24-cd18-738a-bf20-f186a91f69fb', '2026-05-19', 'Dokumen dummy otomatis dari D:\\GHALIB_WIJOYO', 'uploads/2026/06/3nZO4Ti1scPmdNB3EOUjpYLSEReb5GUiWmSgZHiq.docx', 'Pemberitahuan Hasil Penelitian - PPN Maret 2022 BK - Copy (11).docx', NULL, '019ede2b-5b99-72bb-94c3-8bccaf599e4f', NULL, NULL, NULL, '2026-06-26 07:23:09', '2026-06-26 07:23:09'),
	('019f02cf-a246-7069-aca5-2c457235de31', 'DUMMY-202606-0003', 'Pemberitahuan Hasil Penelitian - PPN Maret 2022 BK #2222', NULL, '019ede24-cd18-738a-bf20-f186a91f69fb', '2026-05-22', 'Dokumen dummy otomatis dari D:\\GHALIB_WIJOYO', 'uploads/2026/06/9gMGcZKORzwAiPk2dRUITJ7DH4mPkyKDQ2ipQod0.docx', 'Pemberitahuan Hasil Penelitian - PPN Maret 2022 BK - Copy (12).docx', NULL, '019ede24-cc48-721c-a54d-7bce429c3a32', NULL, NULL, NULL, '2026-06-26 07:23:09', '2026-06-26 07:23:09'),
	('019f02cf-a254-7058-950f-bac6334b0881', 'DUMMY-202606-0004', 'Pemberitahuan Hasil Penelitian - PPN Maret 2022 BK #2432', NULL, '019ede24-cd1f-733e-bcdf-2e729ad3e34d', '2026-05-17', 'Dokumen dummy otomatis dari D:\\GHALIB_WIJOYO', 'uploads/2026/06/mQn4rnDUfxoQ6z5rRWsq8AxokcWBfdbrAcfjQlQ9.docx', 'Pemberitahuan Hasil Penelitian - PPN Maret 2022 BK - Copy (13).docx', NULL, '019ede24-cd0c-7025-87e8-0e4781f0eec8', NULL, NULL, NULL, '2026-06-26 07:23:09', '2026-06-26 07:23:09'),
	('019f02cf-a261-73ed-9da0-9ab8a004b9c3', 'DUMMY-202606-0005', 'Pemberitahuan Hasil Penelitian - PPN Maret 2022 BK #8484', NULL, '019ede24-cd1c-7030-8aee-8464c96160ba', '2026-05-10', 'Dokumen dummy otomatis dari D:\\GHALIB_WIJOYO', 'uploads/2026/06/FVKeUu8rImLC6oHSEyspdX4x4KmViFC7vLYKQL0L.docx', 'Pemberitahuan Hasil Penelitian - PPN Maret 2022 BK - Copy (14).docx', NULL, '019ede2b-5b99-72bb-94c3-8bccaf599e4f', NULL, NULL, NULL, '2026-06-26 07:23:09', '2026-06-26 07:23:09'),
	('019f02cf-a271-7070-a4ee-ba6fd960a849', 'DUMMY-202606-0006', 'Pemberitahuan Hasil Penelitian - PPN Maret 2022 BK #4734', NULL, '019ede24-cd18-738a-bf20-f186a8324f97', '2026-04-10', 'Dokumen dummy otomatis dari D:\\GHALIB_WIJOYO', 'uploads/2026/06/0nIkzCsKq4ETWxppj1KCYc4jxiZiwdMkCUDKoOO3.docx', 'Pemberitahuan Hasil Penelitian - PPN Maret 2022 BK - Copy (15).docx', NULL, '019ede24-cc48-721c-a54d-7bce429c3a32', NULL, NULL, NULL, '2026-06-26 07:23:09', '2026-06-26 07:23:09'),
	('019f02cf-a280-715a-9f8f-9ada5f910bdf', 'DUMMY-202606-0007', 'Pemberitahuan Hasil Penelitian - PPN Maret 2022 BK #3277', NULL, '019ede24-cd14-73fc-826d-e15086ad0e70', '2026-05-29', 'Dokumen dummy otomatis dari D:\\GHALIB_WIJOYO', 'uploads/2026/06/tYQwAuYodnbXirzBfeGlJheEoR1YiDmzlT4fTtOx.docx', 'Pemberitahuan Hasil Penelitian - PPN Maret 2022 BK - Copy (16).docx', NULL, '019ede24-cb74-73b7-85ee-ba849d9f5f21', NULL, NULL, NULL, '2026-06-26 07:23:09', '2026-06-26 07:23:09'),
	('019f02cf-a28e-72af-995a-15e44f2f595d', 'DUMMY-202606-0008', 'Pemberitahuan Hasil Penelitian - PPN Maret 2022 BK #6411', NULL, '019ede24-cd11-73a2-8792-18e045563e16', '2026-04-23', 'Dokumen dummy otomatis dari D:\\GHALIB_WIJOYO', 'uploads/2026/06/UWl2E3Kv6UrTuyytaGAz7qYnzGDXmKnYSTUGTzBB.docx', 'Pemberitahuan Hasil Penelitian - PPN Maret 2022 BK - Copy (17).docx', NULL, '019ede24-caa3-7243-b800-c3eb6d954d53', NULL, NULL, NULL, '2026-06-26 07:23:09', '2026-06-26 07:23:09'),
	('019f02cf-a29c-7199-b568-e490ed03a3ca', 'DUMMY-202606-0009', 'Pemberitahuan Hasil Penelitian - PPN Maret 2022 BK #8584', NULL, '019ede24-cd1f-733e-bcdf-2e729ad3e34d', '2026-04-15', 'Dokumen dummy otomatis dari D:\\GHALIB_WIJOYO', 'uploads/2026/06/yQRn52yaTO0neQ76hh2K7uIOlPvsn8XZ6BqmBaGg.docx', 'Pemberitahuan Hasil Penelitian - PPN Maret 2022 BK - Copy (18).docx', NULL, '019ede2b-5b99-72bb-94c3-8bccaf599e4f', NULL, NULL, NULL, '2026-06-26 07:23:09', '2026-06-26 07:23:09'),
	('019f02cf-a2aa-73c3-b427-cab76c0a2f6d', 'DUMMY-202606-0010', 'Pemberitahuan Hasil Penelitian - PPN Maret 2022 BK #2575', NULL, '019ede24-cd18-738a-bf20-f186a91f69fb', '2026-04-08', 'Dokumen dummy otomatis dari D:\\GHALIB_WIJOYO', 'uploads/2026/06/dMS4vSpHS28F53IAMzClUVzKwj11tOecBB06fSgS.docx', 'Pemberitahuan Hasil Penelitian - PPN Maret 2022 BK - Copy (19).docx', NULL, '019ede24-caa3-7243-b800-c3eb6d954d53', NULL, NULL, NULL, '2026-06-26 07:23:09', '2026-06-26 07:23:09'),
	('019f02cf-a2b8-7372-b241-75a9309d63f3', 'DUMMY-202606-0011', 'Pemberitahuan Hasil Penelitian - PPN Maret 2022 BK #9647', NULL, '019ede24-cd18-738a-bf20-f186a91f69fb', '2026-06-19', 'Dokumen dummy otomatis dari D:\\GHALIB_WIJOYO', 'uploads/2026/06/lDNwLag7mrTXYgHNv7zPFRyfQtZbdaOXXkPXKUHR.docx', 'Pemberitahuan Hasil Penelitian - PPN Maret 2022 BK - Copy (2).docx', NULL, '019ede24-cc48-721c-a54d-7bce429c3a32', NULL, NULL, NULL, '2026-06-26 07:23:09', '2026-06-26 07:23:09'),
	('019f02cf-a2c5-71cc-bffd-dfa6020c230e', 'DUMMY-202606-0012', 'Pemberitahuan Hasil Penelitian - PPN Maret 2022 BK #4274', NULL, '019ede24-cd1f-733e-bcdf-2e729ad3e34d', '2026-05-17', 'Dokumen dummy otomatis dari D:\\GHALIB_WIJOYO', 'uploads/2026/06/VTJxytxnetZY2uL9rZuGhrRpYAvrLH7mNmpKTeTE.docx', 'Pemberitahuan Hasil Penelitian - PPN Maret 2022 BK - Copy (3).docx', NULL, '019ede24-cb74-73b7-85ee-ba849d9f5f21', NULL, NULL, NULL, '2026-06-26 07:23:09', '2026-06-26 07:23:09'),
	('019f02cf-a2d3-7298-aa34-eb61daa29d29', 'DUMMY-202606-0013', 'Pemberitahuan Hasil Penelitian - PPN Maret 2022 BK #7188', NULL, '019ede24-cd14-73fc-826d-e15086ad0e70', '2026-06-03', 'Dokumen dummy otomatis dari D:\\GHALIB_WIJOYO', 'uploads/2026/06/82tmJQAl6DBEni6baKXsmvueB5MzB5I7sAqep20B.docx', 'Pemberitahuan Hasil Penelitian - PPN Maret 2022 BK - Copy (4).docx', NULL, '019ede24-cd0c-7025-87e8-0e4781f0eec8', NULL, NULL, NULL, '2026-06-26 07:23:09', '2026-06-26 07:23:09'),
	('019f02cf-a2e3-7063-8f50-0008ea14da59', 'DUMMY-202606-0014', 'Pemberitahuan Hasil Penelitian - PPN Maret 2022 BK #1535', NULL, '019ede24-cd18-738a-bf20-f186a91f69fb', '2026-06-19', 'Dokumen dummy otomatis dari D:\\GHALIB_WIJOYO', 'uploads/2026/06/vkNdNXEGyETFbh51med4PdMRJeOSq55QSc0KeNk8.docx', 'Pemberitahuan Hasil Penelitian - PPN Maret 2022 BK - Copy (5).docx', NULL, '019ede24-cd0c-7025-87e8-0e4781f0eec8', NULL, NULL, NULL, '2026-06-26 07:23:09', '2026-06-26 07:23:09'),
	('019f02cf-a315-7309-a7d3-934d1da7a426', 'DUMMY-202606-0015', 'Pemberitahuan Hasil Penelitian - PPN Maret 2022 BK #5690', NULL, '019ede24-cd18-738a-bf20-f186a8324f97', '2026-03-20', 'Dokumen dummy otomatis dari D:\\GHALIB_WIJOYO', 'uploads/2026/06/GWVdHUJv1h0pnRLEtk5jm1I9i2m3gZ6qXRvUVddQ.docx', 'Pemberitahuan Hasil Penelitian - PPN Maret 2022 BK - Copy (6).docx', NULL, '019ede2b-5b99-72bb-94c3-8bccaf599e4f', NULL, NULL, NULL, '2026-06-26 07:23:09', '2026-06-26 07:23:09'),
	('019f02cf-a323-7068-ba82-bc14bf2b53a5', 'DUMMY-202606-0016', 'Pemberitahuan Hasil Penelitian - PPN Maret 2022 BK #1771', NULL, '019ede24-cd16-72b6-9a68-a731dc7fd7ee', '2026-03-24', 'Dokumen dummy otomatis dari D:\\GHALIB_WIJOYO', 'uploads/2026/06/bAyDl4TbsLlmOmAcJixylUmtHu1Ce26YaHmWxkUg.docx', 'Pemberitahuan Hasil Penelitian - PPN Maret 2022 BK - Copy (7).docx', NULL, '019ede24-cb74-73b7-85ee-ba849d9f5f21', NULL, NULL, NULL, '2026-06-26 07:23:09', '2026-06-26 07:23:09'),
	('019f02cf-a331-7314-b6cf-07627635a4fd', 'DUMMY-202606-0017', 'Pemberitahuan Hasil Penelitian - PPN Maret 2022 BK #7907', NULL, '019ede24-cd20-7030-a4c6-d75699e3f2c2', '2026-05-04', 'Dokumen dummy otomatis dari D:\\GHALIB_WIJOYO', 'uploads/2026/06/g7wZCtfOgJAUo2Q3fDaLfVJevKEk6uMR0ICBiIw0.docx', 'Pemberitahuan Hasil Penelitian - PPN Maret 2022 BK - Copy (8).docx', NULL, '019ede24-cd0c-7025-87e8-0e4781f0eec8', NULL, NULL, NULL, '2026-06-26 07:23:10', '2026-06-26 07:23:10'),
	('019f02cf-a33f-71c8-949f-260523dca3fe', 'DUMMY-202606-0018', 'Pemberitahuan Hasil Penelitian - PPN Maret 2022 BK #4582', NULL, '019ede24-cd20-7030-a4c6-d75699e3f2c2', '2026-05-23', 'Dokumen dummy otomatis dari D:\\GHALIB_WIJOYO', 'uploads/2026/06/oluFT6B0UVzrspl8n9WE4evdniKgk78lqpjqFhWP.docx', 'Pemberitahuan Hasil Penelitian - PPN Maret 2022 BK - Copy (9).docx', NULL, '019ede24-cd0c-7025-87e8-0e4781f0eec8', NULL, NULL, NULL, '2026-06-26 07:23:10', '2026-06-26 07:23:10'),
	('019f02cf-a34e-72ae-b329-7b9aad953719', 'DUMMY-202606-0019', 'Pemberitahuan Hasil Penelitian - PPN Maret 2022 BK #1786', NULL, '019ede24-cd18-738a-bf20-f186a91f69fb', '2026-06-03', 'Dokumen dummy otomatis dari D:\\GHALIB_WIJOYO', 'uploads/2026/06/BhPGYfQTbuUrDEFeHxvvkPeF32JbcQFzJPtbMCo4.docx', 'Pemberitahuan Hasil Penelitian - PPN Maret 2022 BK - Copy.docx', NULL, '019ede24-cb74-73b7-85ee-ba849d9f5f21', NULL, NULL, NULL, '2026-06-26 07:23:10', '2026-06-26 07:23:10'),
	('019f02cf-a35b-714b-8b5b-8579ca2a0a69', 'DUMMY-202606-0020', 'Pemberitahuan Hasil Penelitian - PPN Maret 2022 BK #7959', NULL, '019ede24-cd1c-7030-8aee-8464c96160ba', '2026-03-29', 'Dokumen dummy otomatis dari D:\\GHALIB_WIJOYO', 'uploads/2026/06/WuTRkQvx3oSzrt2cFetLG3oGRKWfopKAWVxv60dd.docx', 'Pemberitahuan Hasil Penelitian - PPN Maret 2022 BK.docx', NULL, '019ede24-cd0c-7025-87e8-0e4781f0eec8', NULL, NULL, NULL, '2026-06-26 07:23:10', '2026-06-26 07:23:10'),
	('019f02cf-a36a-7113-87b0-bdf3fba00061', 'DUMMY-202606-0021', 'Pemberitahuan Hasil Penelitian - PPh 23 April 2022 BK #9691', NULL, '019ede24-cd1d-73f5-9aeb-9ae06b776bd9', '2026-06-02', 'Dokumen dummy otomatis dari D:\\GHALIB_WIJOYO', 'uploads/2026/06/j5dcfFNdHqopNZdRhU72ljUjvzqgrJVqzAWX9v3G.docx', 'Pemberitahuan Hasil Penelitian - PPh 23 April 2022 BK - Copy (10).docx', NULL, '019ede24-cb74-73b7-85ee-ba849d9f5f21', NULL, NULL, NULL, '2026-06-26 07:23:10', '2026-06-26 07:23:10'),
	('019f02cf-a379-71b5-b258-aa5ba23f8bf5', 'DUMMY-202606-0022', 'Pemberitahuan Hasil Penelitian - PPh 23 April 2022 BK #9158', NULL, '019ede24-cd16-72b6-9a68-a731dc7fd7ee', '2026-05-24', 'Dokumen dummy otomatis dari D:\\GHALIB_WIJOYO', 'uploads/2026/06/GMmHIy8M0EwTMT9ZTDvfHtaKhRD4ZxoJf5pqHzrS.docx', 'Pemberitahuan Hasil Penelitian - PPh 23 April 2022 BK - Copy (11).docx', NULL, '019ede24-cb74-73b7-85ee-ba849d9f5f21', NULL, NULL, NULL, '2026-06-26 07:23:10', '2026-06-26 07:23:10'),
	('019f02cf-a37f-735a-b042-25db859a9f44', 'DUMMY-202606-0023', 'Pemberitahuan Hasil Penelitian - PPh 23 April 2022 BK #5960', NULL, '019ede24-cd16-72b6-9a68-a731dc7fd7ee', '2026-04-28', 'Dokumen dummy otomatis dari D:\\GHALIB_WIJOYO', 'uploads/2026/06/YIzEsD68AgxBhBjNmtofxmRrHZpy3t34z3L38AQY.docx', 'Pemberitahuan Hasil Penelitian - PPh 23 April 2022 BK - Copy (12).docx', NULL, '019ede24-cd0c-7025-87e8-0e4781f0eec8', NULL, NULL, NULL, '2026-06-26 07:23:10', '2026-06-26 07:23:10'),
	('019f02cf-a38e-70a6-ab41-7130697e3606', 'DUMMY-202606-0024', 'Pemberitahuan Hasil Penelitian - PPh 23 April 2022 BK #8136', NULL, '019ede24-cd1d-73f5-9aeb-9ae06b776bd9', '2026-04-29', 'Dokumen dummy otomatis dari D:\\GHALIB_WIJOYO', 'uploads/2026/06/p4un9FevYJnWhQgjUO5VjzPH8WCbjvxOntggV6FT.docx', 'Pemberitahuan Hasil Penelitian - PPh 23 April 2022 BK - Copy (13).docx', NULL, '019ede24-cc48-721c-a54d-7bce429c3a32', NULL, NULL, NULL, '2026-06-26 07:23:10', '2026-06-26 07:23:10'),
	('019f02cf-a39c-73a7-b87e-530e9bd47d4c', 'DUMMY-202606-0025', 'Pemberitahuan Hasil Penelitian - PPh 23 April 2022 BK #4208', NULL, '019ede24-cd1f-733e-bcdf-2e729ad3e34d', '2026-04-09', 'Dokumen dummy otomatis dari D:\\GHALIB_WIJOYO', 'uploads/2026/06/uUg0L7als4TI9ZlEG6eRIeQk4Y4oSGOz9Zfh6Q7x.docx', 'Pemberitahuan Hasil Penelitian - PPh 23 April 2022 BK - Copy (14).docx', NULL, '019ede24-cd0c-7025-87e8-0e4781f0eec8', NULL, NULL, NULL, '2026-06-26 07:23:10', '2026-06-26 07:23:10'),
	('019f02cf-a3a3-7059-b7ea-c2c3f76b7858', 'DUMMY-202606-0026', 'Pemberitahuan Hasil Penelitian - PPh 23 April 2022 BK #8940', NULL, '019ede24-cd14-73fc-826d-e15086ad0e70', '2026-04-13', 'Dokumen dummy otomatis dari D:\\GHALIB_WIJOYO', 'uploads/2026/06/reko8UNXx4IogMjBrdlTVUZbBrOTwajnH8HnelJC.docx', 'Pemberitahuan Hasil Penelitian - PPh 23 April 2022 BK - Copy (15).docx', NULL, '019ede24-caa3-7243-b800-c3eb6d954d53', NULL, NULL, NULL, '2026-06-26 07:23:10', '2026-06-26 07:23:10'),
	('019f02cf-a3b1-7268-a72c-8e3d8e2d9560', 'DUMMY-202606-0027', 'Pemberitahuan Hasil Penelitian - PPh 23 April 2022 BK #1224', NULL, '019ede24-cd1a-7095-98ba-1dda17e3c181', '2026-03-19', 'Dokumen dummy otomatis dari D:\\GHALIB_WIJOYO', 'uploads/2026/06/a0pxo7rIBCffDpZvGy60os4M6PEP8cyf1UJuYtbq.docx', 'Pemberitahuan Hasil Penelitian - PPh 23 April 2022 BK - Copy (16).docx', NULL, '019ede24-cb74-73b7-85ee-ba849d9f5f21', NULL, NULL, NULL, '2026-06-26 07:23:10', '2026-06-26 07:23:10'),
	('019f02cf-a3bf-71f1-9327-2dd042438e22', 'DUMMY-202606-0028', 'Pemberitahuan Hasil Penelitian - PPh 23 April 2022 BK #5404', NULL, '019ede24-cd20-7030-a4c6-d75699e3f2c2', '2026-05-27', 'Dokumen dummy otomatis dari D:\\GHALIB_WIJOYO', 'uploads/2026/06/UOUF8tKJ9hwaVQhGciJFj11fkQdHKHlHCYHIRskD.docx', 'Pemberitahuan Hasil Penelitian - PPh 23 April 2022 BK - Copy (17).docx', NULL, '019ede2b-5b99-72bb-94c3-8bccaf599e4f', NULL, NULL, NULL, '2026-06-26 07:23:10', '2026-06-26 07:23:10'),
	('019f02cf-a3cd-7316-9f27-a92e1ac0d382', 'DUMMY-202606-0029', 'Pemberitahuan Hasil Penelitian - PPh 23 April 2022 BK #4225', NULL, '019ede24-cd1e-71df-a9db-8eb5bd2db283', '2026-04-07', 'Dokumen dummy otomatis dari D:\\GHALIB_WIJOYO', 'uploads/2026/06/mmuOjMLSJUnqTkMLQHGsQEuTRJghOGi4QnDpQnjy.docx', 'Pemberitahuan Hasil Penelitian - PPh 23 April 2022 BK - Copy (18).docx', NULL, '019ede2b-5b99-72bb-94c3-8bccaf599e4f', NULL, NULL, NULL, '2026-06-26 07:23:10', '2026-06-26 07:23:10'),
	('019f02cf-a3db-728d-81f8-5ca07bb64a6f', 'DUMMY-202606-0030', 'Pemberitahuan Hasil Penelitian - PPh 23 April 2022 BK #8696', NULL, '019ede24-cd1d-73f5-9aeb-9ae06b776bd9', '2026-04-17', 'Dokumen dummy otomatis dari D:\\GHALIB_WIJOYO', 'uploads/2026/06/zp5LQ1YGN5EY5E0u0vgOCAgo2EqlDwo213ac1lXv.docx', 'Pemberitahuan Hasil Penelitian - PPh 23 April 2022 BK - Copy (19).docx', NULL, '019ede24-cc48-721c-a54d-7bce429c3a32', NULL, NULL, NULL, '2026-06-26 07:23:10', '2026-06-26 07:23:10'),
	('019f02cf-a3e8-706d-9578-0c7b5ed5f757', 'DUMMY-202606-0031', 'Pemberitahuan Hasil Penelitian - PPh 23 April 2022 BK #2166', NULL, '019ede24-cd11-73a2-8792-18e045563e16', '2026-04-09', 'Dokumen dummy otomatis dari D:\\GHALIB_WIJOYO', 'uploads/2026/06/iOjynq5D2IZqO3JLDzh3zW5KM9uB562q1ID5JCJo.docx', 'Pemberitahuan Hasil Penelitian - PPh 23 April 2022 BK - Copy (2).docx', NULL, '019ede24-cd0c-7025-87e8-0e4781f0eec8', NULL, NULL, NULL, '2026-06-26 07:23:10', '2026-06-26 07:23:10'),
	('019f02cf-a3f6-70d9-a8ce-f297b85de1c5', 'DUMMY-202606-0032', 'Pemberitahuan Hasil Penelitian - PPh 23 April 2022 BK #8267', NULL, '019ede24-cd20-7030-a4c6-d75699e3f2c2', '2026-04-11', 'Dokumen dummy otomatis dari D:\\GHALIB_WIJOYO', 'uploads/2026/06/pNYh8SPfCJFsXeCisi5AtuJuJzQyObiDM4XAw24Q.docx', 'Pemberitahuan Hasil Penelitian - PPh 23 April 2022 BK - Copy (3).docx', NULL, '019ede24-caa3-7243-b800-c3eb6d954d53', NULL, NULL, NULL, '2026-06-26 07:23:10', '2026-06-26 07:23:10'),
	('019f02cf-a403-710b-a02e-79b3d0d8085c', 'DUMMY-202606-0033', 'Pemberitahuan Hasil Penelitian - PPh 23 April 2022 BK #7540', NULL, '019ede24-cd1f-733e-bcdf-2e729ad3e34d', '2026-06-18', 'Dokumen dummy otomatis dari D:\\GHALIB_WIJOYO', 'uploads/2026/06/CQzXQdYw4CMBKD3lXPzGr0HaTmH2gq8Dy5FPp0XR.docx', 'Pemberitahuan Hasil Penelitian - PPh 23 April 2022 BK - Copy (4).docx', NULL, '019ede24-caa3-7243-b800-c3eb6d954d53', NULL, NULL, NULL, '2026-06-26 07:23:10', '2026-06-26 07:23:10'),
	('019f02cf-a411-73a5-991f-11f680e7d426', 'DUMMY-202606-0034', 'Pemberitahuan Hasil Penelitian - PPh 23 April 2022 BK #2608', NULL, '019ede24-cd21-72b8-b3a5-dbc1c090fc82', '2026-06-23', 'Dokumen dummy otomatis dari D:\\GHALIB_WIJOYO', 'uploads/2026/06/LqEeaLHIokMX0lVLl4cdAtW5j54k9jsMEHdaSoQp.docx', 'Pemberitahuan Hasil Penelitian - PPh 23 April 2022 BK - Copy (5).docx', NULL, '019ede24-caa3-7243-b800-c3eb6d954d53', NULL, NULL, NULL, '2026-06-26 07:23:10', '2026-06-26 07:23:10'),
	('019f02cf-a41f-70da-aad2-e1a8689a7d63', 'DUMMY-202606-0035', 'Pemberitahuan Hasil Penelitian - PPh 23 April 2022 BK #6468', NULL, '019ede24-cd1f-733e-bcdf-2e729ad3e34d', '2026-03-30', 'Dokumen dummy otomatis dari D:\\GHALIB_WIJOYO', 'uploads/2026/06/AdfHD2TbamlQh9KzZOkYRwAWUtg1ANtqDl9ihKC2.docx', 'Pemberitahuan Hasil Penelitian - PPh 23 April 2022 BK - Copy (6).docx', NULL, '019ede2b-5b99-72bb-94c3-8bccaf599e4f', NULL, NULL, NULL, '2026-06-26 07:23:10', '2026-06-26 07:23:10'),
	('019f02cf-a42d-72c7-86ea-e116440fdb73', 'DUMMY-202606-0036', 'Pemberitahuan Hasil Penelitian - PPh 23 April 2022 BK #9650', NULL, '019ede24-cd18-738a-bf20-f186a91f69fb', '2026-05-13', 'Dokumen dummy otomatis dari D:\\GHALIB_WIJOYO', 'uploads/2026/06/IRLzCQXYlXGYiedc0SfY2DeniiYgNvmTKZkzqGdl.docx', 'Pemberitahuan Hasil Penelitian - PPh 23 April 2022 BK - Copy (7).docx', NULL, '019ede2b-5b99-72bb-94c3-8bccaf599e4f', NULL, NULL, NULL, '2026-06-26 07:23:10', '2026-06-26 07:23:10'),
	('019f02cf-a43d-72be-94af-1765d52c4ac5', 'DUMMY-202606-0037', 'Pemberitahuan Hasil Penelitian - PPh 23 April 2022 BK #6371', NULL, '019ede24-cd18-738a-bf20-f186a91f69fb', '2026-05-05', 'Dokumen dummy otomatis dari D:\\GHALIB_WIJOYO', 'uploads/2026/06/T3OmMiZz5e2OSkwVMYRvtM34X2dmCHPGInA1sIBc.docx', 'Pemberitahuan Hasil Penelitian - PPh 23 April 2022 BK - Copy (8).docx', NULL, '019ede2b-5b99-72bb-94c3-8bccaf599e4f', NULL, NULL, NULL, '2026-06-26 07:23:10', '2026-06-26 07:23:10'),
	('019f02cf-a44e-73f0-b4ad-b34e0494eed9', 'DUMMY-202606-0038', 'Pemberitahuan Hasil Penelitian - PPh 23 April 2022 BK #4790', NULL, '019ede24-cd1e-71df-a9db-8eb5bd2db283', '2026-04-23', 'Dokumen dummy otomatis dari D:\\GHALIB_WIJOYO', 'uploads/2026/06/YbEm28bM6fxmxC56iEJmiqlhlrnzzLlET0OqGBSn.docx', 'Pemberitahuan Hasil Penelitian - PPh 23 April 2022 BK - Copy (9).docx', NULL, '019ede24-cc48-721c-a54d-7bce429c3a32', NULL, NULL, NULL, '2026-06-26 07:23:10', '2026-06-26 07:23:10'),
	('019f02cf-a45e-70e4-9787-936b5fdcd774', 'DUMMY-202606-0039', 'Pemberitahuan Hasil Penelitian - PPh 23 April 2022 BK #6112', NULL, '019ede24-cd16-72b6-9a68-a731dc7fd7ee', '2026-05-16', 'Dokumen dummy otomatis dari D:\\GHALIB_WIJOYO', 'uploads/2026/06/pLmFskV31iqDwCcHKPRG51iOQAw8RybTiLveuFTv.docx', 'Pemberitahuan Hasil Penelitian - PPh 23 April 2022 BK - Copy.docx', NULL, '019ede24-cd0c-7025-87e8-0e4781f0eec8', NULL, NULL, NULL, '2026-06-26 07:23:10', '2026-06-26 07:23:10'),
	('019f02cf-a46f-714a-8ca4-4d34ac1fb309', 'DUMMY-202606-0040', 'Pemberitahuan Hasil Penelitian - PPh 23 April 2022 BK #6274', NULL, '019ede24-cd1d-73f5-9aeb-9ae06b776bd9', '2026-05-29', 'Dokumen dummy otomatis dari D:\\GHALIB_WIJOYO', 'uploads/2026/06/XHRUUjvYemhpMgDtmW7R0jyAUcf43jFWQbXUeyFf.docx', 'Pemberitahuan Hasil Penelitian - PPh 23 April 2022 BK.docx', NULL, '019ede24-cd0c-7025-87e8-0e4781f0eec8', NULL, NULL, NULL, '2026-06-26 07:23:10', '2026-06-26 07:23:10'),
	('019f02cf-a47e-7237-b344-307f0ec7ac6c', 'DUMMY-202606-0041', 'Pemberitahuan Hasil Penelitian - PPh 23 Februari 2022 BK #8398', NULL, '019ede24-cd1e-71df-a9db-8eb5bd2db283', '2026-04-22', 'Dokumen dummy otomatis dari D:\\GHALIB_WIJOYO', 'uploads/2026/06/1vXaJN21cbJSQW09x32ZAjKUfhT0DYs1XxZ3Toqw.docx', 'Pemberitahuan Hasil Penelitian - PPh 23 Februari 2022 BK - Copy (10).docx', NULL, '019ede24-cb74-73b7-85ee-ba849d9f5f21', NULL, NULL, NULL, '2026-06-26 07:23:10', '2026-06-26 07:23:10'),
	('019f02cf-a48e-7293-b0bb-cd37511bf1ed', 'DUMMY-202606-0042', 'Pemberitahuan Hasil Penelitian - PPh 23 Februari 2022 BK #6078', NULL, '019ede24-cd1a-7095-98ba-1dda17e3c181', '2026-06-09', 'Dokumen dummy otomatis dari D:\\GHALIB_WIJOYO', 'uploads/2026/06/UpxMwUKaITEVRg0lM3Sj5Wl3Stl5NqD50SU8QVrg.docx', 'Pemberitahuan Hasil Penelitian - PPh 23 Februari 2022 BK - Copy (11).docx', NULL, '019ede24-cb74-73b7-85ee-ba849d9f5f21', NULL, NULL, NULL, '2026-06-26 07:23:10', '2026-06-26 07:23:10'),
	('019f02cf-a49c-73d1-9679-0e4586eff76a', 'DUMMY-202606-0043', 'Pemberitahuan Hasil Penelitian - PPh 23 Februari 2022 BK #3382', NULL, '019ede24-cd1a-7095-98ba-1dda17e3c181', '2026-06-13', 'Dokumen dummy otomatis dari D:\\GHALIB_WIJOYO', 'uploads/2026/06/MDqxHS9YRsO200K7kKql7By3b3RwaxMmwqeCFVZj.docx', 'Pemberitahuan Hasil Penelitian - PPh 23 Februari 2022 BK - Copy (12).docx', NULL, '019ede24-cb74-73b7-85ee-ba849d9f5f21', NULL, NULL, NULL, '2026-06-26 07:23:10', '2026-06-26 07:23:10'),
	('019f02cf-a4ab-7080-9bd3-d0cb282f342e', 'DUMMY-202606-0044', 'Pemberitahuan Hasil Penelitian - PPh 23 Februari 2022 BK #7409', NULL, '019ede24-cd20-7030-a4c6-d75699e3f2c2', '2026-05-26', 'Dokumen dummy otomatis dari D:\\GHALIB_WIJOYO', 'uploads/2026/06/BrosCVHpPJi4Tr6rEKUtMVL0w2mvBbkjZY3yD6Ms.docx', 'Pemberitahuan Hasil Penelitian - PPh 23 Februari 2022 BK - Copy (13).docx', NULL, '019ede2b-5b99-72bb-94c3-8bccaf599e4f', NULL, NULL, NULL, '2026-06-26 07:23:10', '2026-06-26 07:23:10'),
	('019f02cf-a4b9-71eb-836b-f31c12905662', 'DUMMY-202606-0045', 'Pemberitahuan Hasil Penelitian - PPh 23 Februari 2022 BK #5993', NULL, '019ede24-cd14-73fc-826d-e15086ad0e70', '2026-04-28', 'Dokumen dummy otomatis dari D:\\GHALIB_WIJOYO', 'uploads/2026/06/7PFeZTu44pQ7ri7kv7nbgNae3oDpAjL0wCr0d7zx.docx', 'Pemberitahuan Hasil Penelitian - PPh 23 Februari 2022 BK - Copy (14).docx', NULL, '019ede2b-5b99-72bb-94c3-8bccaf599e4f', NULL, NULL, NULL, '2026-06-26 07:23:10', '2026-06-26 07:23:10'),
	('019f02cf-a4c8-716e-86f0-dda9d09866e9', 'DUMMY-202606-0046', 'Pemberitahuan Hasil Penelitian - PPh 23 Februari 2022 BK #3331', NULL, '019ede24-cd18-738a-bf20-f186a91f69fb', '2026-05-23', 'Dokumen dummy otomatis dari D:\\GHALIB_WIJOYO', 'uploads/2026/06/L7gsfvt9qLQv87qhAKWmSrUHYzBimxvDvsivZoAO.docx', 'Pemberitahuan Hasil Penelitian - PPh 23 Februari 2022 BK - Copy (15).docx', NULL, '019ede24-caa3-7243-b800-c3eb6d954d53', NULL, NULL, NULL, '2026-06-26 07:23:10', '2026-06-26 07:23:10'),
	('019f02cf-a4d7-72be-8e2e-034946b6e9d0', 'DUMMY-202606-0047', 'Pemberitahuan Hasil Penelitian - PPh 23 Februari 2022 BK #2377', NULL, '019ede24-cd11-73a2-8792-18e045563e16', '2026-03-29', 'Dokumen dummy otomatis dari D:\\GHALIB_WIJOYO', 'uploads/2026/06/bgqO3OHzHtHOOHSob41Usvdyw57NyPNnK2jZjczx.docx', 'Pemberitahuan Hasil Penelitian - PPh 23 Februari 2022 BK - Copy (16).docx', NULL, '019ede24-caa3-7243-b800-c3eb6d954d53', NULL, NULL, NULL, '2026-06-26 07:23:10', '2026-06-26 07:23:10'),
	('019f02cf-a4e5-72e8-8ec8-a2e74b44a317', 'DUMMY-202606-0048', 'Pemberitahuan Hasil Penelitian - PPh 23 Februari 2022 BK #1550', NULL, '019ede24-cd1c-7030-8aee-8464c96160ba', '2026-06-23', 'Dokumen dummy otomatis dari D:\\GHALIB_WIJOYO', 'uploads/2026/06/vDE2sNSn3It3eqNmDXjJztSeJqVqTJI3bBWRyjy3.docx', 'Pemberitahuan Hasil Penelitian - PPh 23 Februari 2022 BK - Copy (17).docx', NULL, '019ede24-cd0c-7025-87e8-0e4781f0eec8', NULL, NULL, NULL, '2026-06-26 07:23:10', '2026-06-26 07:23:10'),
	('019f02cf-a4f4-70cb-a3d7-814706f149a6', 'DUMMY-202606-0049', 'Pemberitahuan Hasil Penelitian - PPh 23 Februari 2022 BK #5676', NULL, '019ede24-cd1f-733e-bcdf-2e729ad3e34d', '2026-05-22', 'Dokumen dummy otomatis dari D:\\GHALIB_WIJOYO', 'uploads/2026/06/2vvPsLndpjb0JOu09emAHkhQCZEt3vHQIjHUANWC.docx', 'Pemberitahuan Hasil Penelitian - PPh 23 Februari 2022 BK - Copy (18).docx', NULL, '019ede24-cb74-73b7-85ee-ba849d9f5f21', NULL, NULL, NULL, '2026-06-26 07:23:10', '2026-06-26 07:23:10'),
	('019f02cf-a505-716a-b4ec-2967941c8094', 'DUMMY-202606-0050', 'Pemberitahuan Hasil Penelitian - PPh 23 Februari 2022 BK #5242', NULL, '019ede24-cd18-738a-bf20-f186a91f69fb', '2026-06-07', 'Dokumen dummy otomatis dari D:\\GHALIB_WIJOYO', 'uploads/2026/06/oskdqtg1ixgEYDcRAjH8UFah3tq8HuBdG7pwr8Dq.docx', 'Pemberitahuan Hasil Penelitian - PPh 23 Februari 2022 BK - Copy (19).docx', NULL, '019ede24-cd0c-7025-87e8-0e4781f0eec8', NULL, NULL, NULL, '2026-06-26 07:23:10', '2026-06-26 07:23:10'),
	('019f02cf-a513-7337-9b4e-fe8d4fa4949b', 'DUMMY-202606-0051', 'Pemberitahuan Hasil Penelitian - PPh 23 Februari 2022 BK #3137', NULL, '019ede24-cd16-72b6-9a68-a731dc7fd7ee', '2026-04-07', 'Dokumen dummy otomatis dari D:\\GHALIB_WIJOYO', 'uploads/2026/06/IWK3k8phiQu2ZFiDPoGoKCiAwW03nWZtkip15PD7.docx', 'Pemberitahuan Hasil Penelitian - PPh 23 Februari 2022 BK - Copy (2).docx', NULL, '019ede24-caa3-7243-b800-c3eb6d954d53', NULL, NULL, NULL, '2026-06-26 07:23:10', '2026-06-26 07:23:10'),
	('019f02cf-a521-7382-858d-5732b69cb418', 'DUMMY-202606-0052', 'Pemberitahuan Hasil Penelitian - PPh 23 Februari 2022 BK #1099', NULL, '019ede24-cd21-72b8-b3a5-dbc1c090fc82', '2026-05-07', 'Dokumen dummy otomatis dari D:\\GHALIB_WIJOYO', 'uploads/2026/06/cxZeaD1Mubne5LUgEAOIbUIxK21ecPd5INWIpsZ3.docx', 'Pemberitahuan Hasil Penelitian - PPh 23 Februari 2022 BK - Copy (3).docx', NULL, '019ede24-cc48-721c-a54d-7bce429c3a32', NULL, NULL, NULL, '2026-06-26 07:23:10', '2026-06-26 07:23:10'),
	('019f02cf-a52f-711e-90c2-7cc37bc7775d', 'DUMMY-202606-0053', 'Pemberitahuan Hasil Penelitian - PPh 23 Februari 2022 BK #4920', NULL, '019ede24-cd1d-73f5-9aeb-9ae06b776bd9', '2026-04-29', 'Dokumen dummy otomatis dari D:\\GHALIB_WIJOYO', 'uploads/2026/06/KC5vuYFYxDJb0BxfVlzu84TuzUp0wE8XnSx6Y2d0.docx', 'Pemberitahuan Hasil Penelitian - PPh 23 Februari 2022 BK - Copy (4).docx', NULL, '019ede24-cc48-721c-a54d-7bce429c3a32', NULL, NULL, NULL, '2026-06-26 07:23:10', '2026-06-26 07:23:10'),
	('019f02cf-a53c-7375-abb0-f2bc2acd07bc', 'DUMMY-202606-0054', 'Pemberitahuan Hasil Penelitian - PPh 23 Februari 2022 BK #6570', NULL, '019ede24-cd1a-7095-98ba-1dda17e3c181', '2026-05-30', 'Dokumen dummy otomatis dari D:\\GHALIB_WIJOYO', 'uploads/2026/06/mEjZ6WRBbuKWxcuyUre6GANV4iTkQFZB4M8H4yhB.docx', 'Pemberitahuan Hasil Penelitian - PPh 23 Februari 2022 BK - Copy (5).docx', NULL, '019ede24-cc48-721c-a54d-7bce429c3a32', NULL, NULL, NULL, '2026-06-26 07:23:10', '2026-06-26 07:23:10'),
	('019f02cf-a54b-705e-a6c9-dcc9682c9564', 'DUMMY-202606-0055', 'Pemberitahuan Hasil Penelitian - PPh 23 Februari 2022 BK #8817', NULL, '019ede24-cd18-738a-bf20-f186a8324f97', '2026-04-25', 'Dokumen dummy otomatis dari D:\\GHALIB_WIJOYO', 'uploads/2026/06/EQHOtrxcgEQwqAO97ED9nDZZLikW1IrNZ8Sgty3L.docx', 'Pemberitahuan Hasil Penelitian - PPh 23 Februari 2022 BK - Copy (6).docx', NULL, '019ede24-cc48-721c-a54d-7bce429c3a32', NULL, NULL, NULL, '2026-06-26 07:23:10', '2026-06-26 07:23:10'),
	('019f02cf-a558-7148-bf10-79c2057dd9c8', 'DUMMY-202606-0056', 'Pemberitahuan Hasil Penelitian - PPh 23 Februari 2022 BK #3938', NULL, '019ede24-cd14-73fc-826d-e15086ad0e70', '2026-04-30', 'Dokumen dummy otomatis dari D:\\GHALIB_WIJOYO', 'uploads/2026/06/fEkuaz7oJf9C1JvRgV8OCHSsc8lR5aRScEfnVF2t.docx', 'Pemberitahuan Hasil Penelitian - PPh 23 Februari 2022 BK - Copy (7).docx', NULL, '019ede24-cd0c-7025-87e8-0e4781f0eec8', NULL, NULL, NULL, '2026-06-26 07:23:10', '2026-06-26 07:23:10'),
	('019f02cf-a566-7318-8252-066e7d83218d', 'DUMMY-202606-0057', 'Pemberitahuan Hasil Penelitian - PPh 23 Februari 2022 BK #7760', NULL, '019ede24-cd1c-7030-8aee-8464c96160ba', '2026-06-03', 'Dokumen dummy otomatis dari D:\\GHALIB_WIJOYO', 'uploads/2026/06/VK56dR8kDkPsNnhcNAeNOLeOGp2UAKFTLY065yuh.docx', 'Pemberitahuan Hasil Penelitian - PPh 23 Februari 2022 BK - Copy (8).docx', NULL, '019ede24-cd0c-7025-87e8-0e4781f0eec8', NULL, NULL, NULL, '2026-06-26 07:23:10', '2026-06-26 07:23:10'),
	('019f02cf-a575-71c3-8134-bd35fdcbda43', 'DUMMY-202606-0058', 'Pemberitahuan Hasil Penelitian - PPh 23 Februari 2022 BK #2212', NULL, '019ede24-cd1c-7030-8aee-8464c96160ba', '2026-05-28', 'Dokumen dummy otomatis dari D:\\GHALIB_WIJOYO', 'uploads/2026/06/7RfNPisZVM7OAQhB9ZPdSffY41AX6XLe8Cra6os8.docx', 'Pemberitahuan Hasil Penelitian - PPh 23 Februari 2022 BK - Copy (9).docx', NULL, '019ede24-caa3-7243-b800-c3eb6d954d53', NULL, NULL, NULL, '2026-06-26 07:23:10', '2026-06-26 07:23:10'),
	('019f02cf-a582-70dc-ab99-4e30f352c82f', 'DUMMY-202606-0059', 'Pemberitahuan Hasil Penelitian - PPh 23 Februari 2022 BK #3092', NULL, '019ede24-cd21-72b8-b3a5-dbc1c090fc82', '2026-06-11', 'Dokumen dummy otomatis dari D:\\GHALIB_WIJOYO', 'uploads/2026/06/raipeIHbzpCyvsqyCqeYK2Q6MfFEHu4nj6dh3xg4.docx', 'Pemberitahuan Hasil Penelitian - PPh 23 Februari 2022 BK - Copy.docx', NULL, '019ede24-cd0c-7025-87e8-0e4781f0eec8', NULL, NULL, NULL, '2026-06-26 07:23:10', '2026-06-26 07:23:10'),
	('019f02cf-a590-7165-a212-eb88aed7f853', 'DUMMY-202606-0060', 'Pemberitahuan Hasil Penelitian - PPh 23 Februari 2022 BK #8513', NULL, '019ede24-cd1a-7095-98ba-1dda17e3c181', '2026-04-05', 'Dokumen dummy otomatis dari D:\\GHALIB_WIJOYO', 'uploads/2026/06/bFmzXQzSSf0A0hV7UQNz6xeD6DuSVhJBLatX1RXd.docx', 'Pemberitahuan Hasil Penelitian - PPh 23 Februari 2022 BK.docx', NULL, '019ede24-caa3-7243-b800-c3eb6d954d53', NULL, NULL, NULL, '2026-06-26 07:23:10', '2026-06-26 07:23:10'),
	('019f02cf-a59f-70c2-b0d9-87eaf075fdf0', 'DUMMY-202606-0061', 'Pemberitahuan Hasil Penelitian - PPh 23 Juni 2022 BK #8849', NULL, '019ede24-cd16-72b6-9a68-a731dc7fd7ee', '2026-04-07', 'Dokumen dummy otomatis dari D:\\GHALIB_WIJOYO', 'uploads/2026/06/3IMeCjCutCwGx21tJc82Lk8MQHigZqbudhzZ4YR8.docx', 'Pemberitahuan Hasil Penelitian - PPh 23 Juni 2022 BK - Copy (10).docx', NULL, '019ede24-cd0c-7025-87e8-0e4781f0eec8', NULL, NULL, NULL, '2026-06-26 07:23:10', '2026-06-26 07:23:10'),
	('019f02cf-a5ad-7354-81d7-df9d4bb8cbd7', 'DUMMY-202606-0062', 'Pemberitahuan Hasil Penelitian - PPh 23 Juni 2022 BK #7879', NULL, '019ede24-cd1c-7030-8aee-8464c96160ba', '2026-05-17', 'Dokumen dummy otomatis dari D:\\GHALIB_WIJOYO', 'uploads/2026/06/OhGv5VxhqbcKYCtYjAJk6hZRZaCkrxyT8vzTx1Ev.docx', 'Pemberitahuan Hasil Penelitian - PPh 23 Juni 2022 BK - Copy (11).docx', NULL, '019ede24-cc48-721c-a54d-7bce429c3a32', NULL, NULL, NULL, '2026-06-26 07:23:10', '2026-06-26 07:23:10'),
	('019f02cf-a5bb-719d-9e40-6d8eb8e8b877', 'DUMMY-202606-0063', 'Pemberitahuan Hasil Penelitian - PPh 23 Juni 2022 BK #2665', NULL, '019ede24-cd1a-7095-98ba-1dda17e3c181', '2026-04-03', 'Dokumen dummy otomatis dari D:\\GHALIB_WIJOYO', 'uploads/2026/06/YZ2nMYlLCm1svhniAroYx4NLhLtX9nLk1jo19vBw.docx', 'Pemberitahuan Hasil Penelitian - PPh 23 Juni 2022 BK - Copy (12).docx', NULL, '019ede24-caa3-7243-b800-c3eb6d954d53', NULL, NULL, NULL, '2026-06-26 07:23:10', '2026-06-26 07:23:10'),
	('019f02cf-a5c9-7275-84ca-68b9d914b29b', 'DUMMY-202606-0064', 'Pemberitahuan Hasil Penelitian - PPh 23 Juni 2022 BK #4464', NULL, '019ede24-cd1d-73f5-9aeb-9ae06b776bd9', '2026-05-31', 'Dokumen dummy otomatis dari D:\\GHALIB_WIJOYO', 'uploads/2026/06/eKVr1ytCX5FtqL1h1UB758MNIInBwoSE8zi5M8bM.docx', 'Pemberitahuan Hasil Penelitian - PPh 23 Juni 2022 BK - Copy (13).docx', NULL, '019ede24-cc48-721c-a54d-7bce429c3a32', NULL, NULL, NULL, '2026-06-26 07:23:10', '2026-06-26 07:23:10'),
	('019f02cf-a5d7-717b-b2f3-9ec00f7a8aa9', 'DUMMY-202606-0065', 'Pemberitahuan Hasil Penelitian - PPh 23 Juni 2022 BK #2274', NULL, '019ede24-cd20-7030-a4c6-d75699e3f2c2', '2026-06-08', 'Dokumen dummy otomatis dari D:\\GHALIB_WIJOYO', 'uploads/2026/06/5nyT5Xo1rKtR61v5LsNoMKnGeaGbTKJ1VpoQxquL.docx', 'Pemberitahuan Hasil Penelitian - PPh 23 Juni 2022 BK - Copy (14).docx', NULL, '019ede24-cc48-721c-a54d-7bce429c3a32', NULL, NULL, NULL, '2026-06-26 07:23:10', '2026-06-26 07:23:10'),
	('019f02cf-a5e4-7052-9a4b-37aa7eb7040c', 'DUMMY-202606-0066', 'Pemberitahuan Hasil Penelitian - PPh 23 Juni 2022 BK #1041', NULL, '019ede24-cd1e-71df-a9db-8eb5bd2db283', '2026-05-27', 'Dokumen dummy otomatis dari D:\\GHALIB_WIJOYO', 'uploads/2026/06/kq8siiNTjJdjygu5bHVjKbcdFz2REWJkFaSswsvl.docx', 'Pemberitahuan Hasil Penelitian - PPh 23 Juni 2022 BK - Copy (15).docx', NULL, '019ede24-caa3-7243-b800-c3eb6d954d53', NULL, NULL, NULL, '2026-06-26 07:23:10', '2026-06-26 07:23:10'),
	('019f02cf-a5f1-71b7-a45c-5ff3ffd36e18', 'DUMMY-202606-0067', 'Pemberitahuan Hasil Penelitian - PPh 23 Juni 2022 BK #4224', NULL, '019ede24-cd18-738a-bf20-f186a8324f97', '2026-04-24', 'Dokumen dummy otomatis dari D:\\GHALIB_WIJOYO', 'uploads/2026/06/PrQZpYw4epNjJY1CTuaTkYZFgG3m7xREQc0zSpsV.docx', 'Pemberitahuan Hasil Penelitian - PPh 23 Juni 2022 BK - Copy (16).docx', NULL, '019ede24-caa3-7243-b800-c3eb6d954d53', NULL, NULL, NULL, '2026-06-26 07:23:10', '2026-06-26 07:23:10'),
	('019f02cf-a5ff-70ef-bf96-9b4f5afcf3e2', 'DUMMY-202606-0068', 'Pemberitahuan Hasil Penelitian - PPh 23 Juni 2022 BK #4189', NULL, '019ede24-cd1d-73f5-9aeb-9ae06b776bd9', '2026-05-13', 'Dokumen dummy otomatis dari D:\\GHALIB_WIJOYO', 'uploads/2026/06/plEKi0aFZMu4Gc2ZKUdpVthEaB6SG0b6sQUwrGHr.docx', 'Pemberitahuan Hasil Penelitian - PPh 23 Juni 2022 BK - Copy (17).docx', NULL, '019ede24-cb74-73b7-85ee-ba849d9f5f21', NULL, NULL, NULL, '2026-06-26 07:23:10', '2026-06-26 07:23:10'),
	('019f02cf-a60d-7099-8666-aef07dff5648', 'DUMMY-202606-0069', 'Pemberitahuan Hasil Penelitian - PPh 23 Juni 2022 BK #7388', NULL, '019ede24-cd21-72b8-b3a5-dbc1c090fc82', '2026-03-21', 'Dokumen dummy otomatis dari D:\\GHALIB_WIJOYO', 'uploads/2026/06/rAi9hhRlqy6BnPsxSoyJQ7el7xIZKsUYjEx6cTKE.docx', 'Pemberitahuan Hasil Penelitian - PPh 23 Juni 2022 BK - Copy (18).docx', NULL, '019ede24-cb74-73b7-85ee-ba849d9f5f21', NULL, NULL, NULL, '2026-06-26 07:23:10', '2026-06-26 07:23:10'),
	('019f02cf-a61c-725f-af02-f851c646e2e5', 'DUMMY-202606-0070', 'Pemberitahuan Hasil Penelitian - PPh 23 Juni 2022 BK #7152', NULL, '019ede24-cd1c-7030-8aee-8464c96160ba', '2026-05-05', 'Dokumen dummy otomatis dari D:\\GHALIB_WIJOYO', 'uploads/2026/06/az7TTsaeurJib80Y7NGArAmNojrPrCS6ujeuo3Mq.docx', 'Pemberitahuan Hasil Penelitian - PPh 23 Juni 2022 BK - Copy (19).docx', NULL, '019ede24-cc48-721c-a54d-7bce429c3a32', NULL, NULL, NULL, '2026-06-26 07:23:10', '2026-06-26 07:23:10'),
	('019f02cf-a629-73c8-a699-d32024c50c3c', 'DUMMY-202606-0071', 'Pemberitahuan Hasil Penelitian - PPh 23 Juni 2022 BK #3543', NULL, '019ede24-cd14-73fc-826d-e15086ad0e70', '2026-03-24', 'Dokumen dummy otomatis dari D:\\GHALIB_WIJOYO', 'uploads/2026/06/UbOMzohDtLwSQ5MupvEvf7jYDveLE0SvZCqQPH02.docx', 'Pemberitahuan Hasil Penelitian - PPh 23 Juni 2022 BK - Copy (2).docx', NULL, '019ede24-cd0c-7025-87e8-0e4781f0eec8', NULL, NULL, NULL, '2026-06-26 07:23:10', '2026-06-26 07:23:10'),
	('019f02cf-a638-7349-9cc2-5a53bfb73a7f', 'DUMMY-202606-0072', 'Pemberitahuan Hasil Penelitian - PPh 23 Juni 2022 BK #9232', NULL, '019ede24-cd20-7030-a4c6-d75699e3f2c2', '2026-06-18', 'Dokumen dummy otomatis dari D:\\GHALIB_WIJOYO', 'uploads/2026/06/ZqLEj708NTUDxX4WmYg0p5rThvyiZxOf8JEA7NnY.docx', 'Pemberitahuan Hasil Penelitian - PPh 23 Juni 2022 BK - Copy (3).docx', NULL, '019ede24-cc48-721c-a54d-7bce429c3a32', NULL, NULL, NULL, '2026-06-26 07:23:10', '2026-06-26 07:23:10'),
	('019f02cf-a647-71f7-8653-c6a802402a2a', 'DUMMY-202606-0073', 'Pemberitahuan Hasil Penelitian - PPh 23 Juni 2022 BK #9405', NULL, '019ede24-cd16-72b6-9a68-a731dc7fd7ee', '2026-05-26', 'Dokumen dummy otomatis dari D:\\GHALIB_WIJOYO', 'uploads/2026/06/vr305uFJbESSNLzKq1DLWz4cFglKcdI7uDUZyOLk.docx', 'Pemberitahuan Hasil Penelitian - PPh 23 Juni 2022 BK - Copy (4).docx', NULL, '019ede24-cc48-721c-a54d-7bce429c3a32', NULL, NULL, NULL, '2026-06-26 07:23:10', '2026-06-26 07:23:10'),
	('019f02cf-a654-716d-9c2f-09ab9115e844', 'DUMMY-202606-0074', 'Pemberitahuan Hasil Penelitian - PPh 23 Juni 2022 BK #4173', NULL, '019ede24-cd1a-7095-98ba-1dda17e3c181', '2026-03-19', 'Dokumen dummy otomatis dari D:\\GHALIB_WIJOYO', 'uploads/2026/06/7gGR5iMZf7uvuj6FHVDzCk1pAfCKumCssRofcCop.docx', 'Pemberitahuan Hasil Penelitian - PPh 23 Juni 2022 BK - Copy (5).docx', NULL, '019ede24-caa3-7243-b800-c3eb6d954d53', NULL, NULL, NULL, '2026-06-26 07:23:10', '2026-06-26 07:23:10'),
	('019f02cf-a663-739f-9048-44eaeb7cfa6c', 'DUMMY-202606-0075', 'Pemberitahuan Hasil Penelitian - PPh 23 Juni 2022 BK #5313', NULL, '019ede24-cd1c-7030-8aee-8464c96160ba', '2026-06-16', 'Dokumen dummy otomatis dari D:\\GHALIB_WIJOYO', 'uploads/2026/06/YxHYxtW81QXJ8E06qNX9zX9WS2VOFaba1NHi0Uhw.docx', 'Pemberitahuan Hasil Penelitian - PPh 23 Juni 2022 BK - Copy (6).docx', NULL, '019ede24-cd0c-7025-87e8-0e4781f0eec8', NULL, NULL, NULL, '2026-06-26 07:23:10', '2026-06-26 07:23:10'),
	('019f02cf-a668-7131-9476-4333ef787a82', 'DUMMY-202606-0076', 'Pemberitahuan Hasil Penelitian - PPh 23 Juni 2022 BK #5590', NULL, '019ede24-cd20-7030-a4c6-d75699e3f2c2', '2026-04-20', 'Dokumen dummy otomatis dari D:\\GHALIB_WIJOYO', 'uploads/2026/06/4pfzwdjqfuTmT8QhU6XKkXXJR8xcPkHHWK9dvcCR.docx', 'Pemberitahuan Hasil Penelitian - PPh 23 Juni 2022 BK - Copy (7).docx', NULL, '019ede2b-5b99-72bb-94c3-8bccaf599e4f', NULL, NULL, NULL, '2026-06-26 07:23:10', '2026-06-26 07:23:10'),
	('019f02cf-a678-7084-91d9-16100b03ef64', 'DUMMY-202606-0077', 'Pemberitahuan Hasil Penelitian - PPh 23 Juni 2022 BK #2123', NULL, '019ede24-cd1c-7030-8aee-8464c96160ba', '2026-06-20', 'Dokumen dummy otomatis dari D:\\GHALIB_WIJOYO', 'uploads/2026/06/eyhCw7LHpVxUBwpTpPk8YnyrjcqweDpldR7fEQt6.docx', 'Pemberitahuan Hasil Penelitian - PPh 23 Juni 2022 BK - Copy (8).docx', NULL, '019ede24-cd0c-7025-87e8-0e4781f0eec8', NULL, NULL, NULL, '2026-06-26 07:23:10', '2026-06-26 07:23:10'),
	('019f02cf-a686-72a5-a083-79eb04533321', 'DUMMY-202606-0078', 'Pemberitahuan Hasil Penelitian - PPh 23 Juni 2022 BK #1803', NULL, '019ede24-cd11-73a2-8792-18e045563e16', '2026-05-02', 'Dokumen dummy otomatis dari D:\\GHALIB_WIJOYO', 'uploads/2026/06/cdyN2CRVNpHK7c4wIzbEP82eyurlQ4WqaJKJ2tjf.docx', 'Pemberitahuan Hasil Penelitian - PPh 23 Juni 2022 BK - Copy (9).docx', NULL, '019ede24-cc48-721c-a54d-7bce429c3a32', NULL, NULL, NULL, '2026-06-26 07:23:10', '2026-06-26 07:23:10'),
	('019f02cf-a694-71e1-8af4-9176d9e77318', 'DUMMY-202606-0079', 'Pemberitahuan Hasil Penelitian - PPh 23 Juni 2022 BK #7005', NULL, '019ede24-cd21-72b8-b3a5-dbc1c090fc82', '2026-04-23', 'Dokumen dummy otomatis dari D:\\GHALIB_WIJOYO', 'uploads/2026/06/v9HfGFHQ5EIozt2Mvo9KZlcGK8z8duaVOAZKfl19.docx', 'Pemberitahuan Hasil Penelitian - PPh 23 Juni 2022 BK - Copy.docx', NULL, '019ede24-cd0c-7025-87e8-0e4781f0eec8', NULL, NULL, NULL, '2026-06-26 07:23:10', '2026-06-26 07:23:10'),
	('019f02cf-a6a2-707f-b302-f8f692619cab', 'DUMMY-202606-0080', 'Pemberitahuan Hasil Penelitian - PPh 23 Juni 2022 BK #8857', NULL, '019ede24-cd14-73fc-826d-e15086ad0e70', '2026-03-28', 'Dokumen dummy otomatis dari D:\\GHALIB_WIJOYO', 'uploads/2026/06/RDcVcKK4F2Dqgbuxwsg4RRtpk3zxmwpRc5ngYH3W.docx', 'Pemberitahuan Hasil Penelitian - PPh 23 Juni 2022 BK.docx', NULL, '019ede24-cb74-73b7-85ee-ba849d9f5f21', NULL, NULL, NULL, '2026-06-26 07:23:10', '2026-06-26 07:23:10'),
	('019f02cf-a6b0-70fb-b992-273828e376a1', 'DUMMY-202606-0081', 'Pemberitahuan Hasil Penelitian - PPh 23 Maret 2022 BK #4560', NULL, '019ede24-cd1a-7095-98ba-1dda17e3c181', '2026-03-29', 'Dokumen dummy otomatis dari D:\\GHALIB_WIJOYO', 'uploads/2026/06/bbaIFhnuKjUUW6TDF9MhOVoIWmfvHWbOr4a6IrDq.docx', 'Pemberitahuan Hasil Penelitian - PPh 23 Maret 2022 BK - Copy (10).docx', NULL, '019ede24-cd0c-7025-87e8-0e4781f0eec8', NULL, NULL, NULL, '2026-06-26 07:23:10', '2026-06-26 07:23:10'),
	('019f02cf-a6bf-7163-a421-0ceacb594058', 'DUMMY-202606-0082', 'Pemberitahuan Hasil Penelitian - PPh 23 Maret 2022 BK #6874', NULL, '019ede24-cd11-73a2-8792-18e045563e16', '2026-04-04', 'Dokumen dummy otomatis dari D:\\GHALIB_WIJOYO', 'uploads/2026/06/CunL8sFg6iHVH3yBVMJJotWpxEmlQ0ikyXjpiEel.docx', 'Pemberitahuan Hasil Penelitian - PPh 23 Maret 2022 BK - Copy (11).docx', NULL, '019ede24-cb74-73b7-85ee-ba849d9f5f21', NULL, NULL, NULL, '2026-06-26 07:23:10', '2026-06-26 07:23:10'),
	('019f02cf-a6cd-7019-9242-ef593f0c83ab', 'DUMMY-202606-0083', 'Pemberitahuan Hasil Penelitian - PPh 23 Maret 2022 BK #2920', NULL, '019ede24-cd18-738a-bf20-f186a91f69fb', '2026-04-11', 'Dokumen dummy otomatis dari D:\\GHALIB_WIJOYO', 'uploads/2026/06/8w5dI7yo19n5k142LIKRnmuIVouB8S9T2sXqxDxj.docx', 'Pemberitahuan Hasil Penelitian - PPh 23 Maret 2022 BK - Copy (12).docx', NULL, '019ede24-cb74-73b7-85ee-ba849d9f5f21', NULL, NULL, NULL, '2026-06-26 07:23:10', '2026-06-26 07:23:10'),
	('019f02cf-a6dc-73ee-8701-1c67660e26f1', 'DUMMY-202606-0084', 'Pemberitahuan Hasil Penelitian - PPh 23 Maret 2022 BK #6156', NULL, '019ede24-cd18-738a-bf20-f186a91f69fb', '2026-05-20', 'Dokumen dummy otomatis dari D:\\GHALIB_WIJOYO', 'uploads/2026/06/OMPDevXhRf1k8y95mycb4gkDzIydUOGcdooPYNPa.docx', 'Pemberitahuan Hasil Penelitian - PPh 23 Maret 2022 BK - Copy (13).docx', NULL, '019ede24-cb74-73b7-85ee-ba849d9f5f21', NULL, NULL, NULL, '2026-06-26 07:23:10', '2026-06-26 07:23:10'),
	('019f02cf-a6ed-703f-aa25-3e876efde7a1', 'DUMMY-202606-0085', 'Pemberitahuan Hasil Penelitian - PPh 23 Maret 2022 BK #9449', NULL, '019ede24-cd1a-7095-98ba-1dda17e3c181', '2026-06-19', 'Dokumen dummy otomatis dari D:\\GHALIB_WIJOYO', 'uploads/2026/06/QxF8X30WyM8o2WZHmuTMctkRotCo7G2fYQcWnX1e.docx', 'Pemberitahuan Hasil Penelitian - PPh 23 Maret 2022 BK - Copy (14).docx', NULL, '019ede2b-5b99-72bb-94c3-8bccaf599e4f', NULL, NULL, NULL, '2026-06-26 07:23:10', '2026-06-26 07:23:10'),
	('019f02cf-a6fc-72cf-a0b9-0507d47a306a', 'DUMMY-202606-0086', 'Pemberitahuan Hasil Penelitian - PPh 23 Maret 2022 BK #2400', NULL, '019ede24-cd1e-71df-a9db-8eb5bd2db283', '2026-04-28', 'Dokumen dummy otomatis dari D:\\GHALIB_WIJOYO', 'uploads/2026/06/dai7SYSNpMOeehOUHkf9pKd73LEh64JX8rhMu2y7.docx', 'Pemberitahuan Hasil Penelitian - PPh 23 Maret 2022 BK - Copy (15).docx', NULL, '019ede24-cb74-73b7-85ee-ba849d9f5f21', NULL, NULL, NULL, '2026-06-26 07:23:10', '2026-06-26 07:23:10'),
	('019f02cf-a70d-70ff-9ba0-8614a2d4925a', 'DUMMY-202606-0087', 'Pemberitahuan Hasil Penelitian - PPh 23 Maret 2022 BK #2235', NULL, '019ede24-cd20-7030-a4c6-d75699e3f2c2', '2026-04-24', 'Dokumen dummy otomatis dari D:\\GHALIB_WIJOYO', 'uploads/2026/06/oojFVhyboeOXF1gNZKoj05oMh4HgnaSwic977FQE.docx', 'Pemberitahuan Hasil Penelitian - PPh 23 Maret 2022 BK - Copy (16).docx', NULL, '019ede24-caa3-7243-b800-c3eb6d954d53', NULL, NULL, NULL, '2026-06-26 07:23:10', '2026-06-26 07:23:10'),
	('019f02cf-a71b-7360-9148-7b74adc5b263', 'DUMMY-202606-0088', 'Pemberitahuan Hasil Penelitian - PPh 23 Maret 2022 BK #5871', NULL, '019ede24-cd1d-73f5-9aeb-9ae06b776bd9', '2026-04-22', 'Dokumen dummy otomatis dari D:\\GHALIB_WIJOYO', 'uploads/2026/06/jgrPR1H6V0BzUlmvGS0RA5fnAZWQ9W5koTMEDPDn.docx', 'Pemberitahuan Hasil Penelitian - PPh 23 Maret 2022 BK - Copy (17).docx', NULL, '019ede24-cd0c-7025-87e8-0e4781f0eec8', NULL, NULL, NULL, '2026-06-26 07:23:11', '2026-06-26 07:23:11'),
	('019f02cf-a729-7214-b953-bde8774ff449', 'DUMMY-202606-0089', 'Pemberitahuan Hasil Penelitian - PPh 23 Maret 2022 BK #7697', NULL, '019ede24-cd1d-73f5-9aeb-9ae06b776bd9', '2026-06-23', 'Dokumen dummy otomatis dari D:\\GHALIB_WIJOYO', 'uploads/2026/06/6AXbq1QQ4504sTGd5bDSJb8DrETYJMt8BNCEJqSU.docx', 'Pemberitahuan Hasil Penelitian - PPh 23 Maret 2022 BK - Copy (18).docx', NULL, '019ede24-cc48-721c-a54d-7bce429c3a32', NULL, NULL, NULL, '2026-06-26 07:23:11', '2026-06-26 07:23:11'),
	('019f02cf-a736-7308-b91c-c5048c06aa8e', 'DUMMY-202606-0090', 'Pemberitahuan Hasil Penelitian - PPh 23 Maret 2022 BK #5178', NULL, '019ede24-cd1e-71df-a9db-8eb5bd2db283', '2026-06-09', 'Dokumen dummy otomatis dari D:\\GHALIB_WIJOYO', 'uploads/2026/06/38ulCNDqOXg046foReaxccaHRoDd4GeeBC1M1o9u.docx', 'Pemberitahuan Hasil Penelitian - PPh 23 Maret 2022 BK - Copy (19).docx', NULL, '019ede24-cd0c-7025-87e8-0e4781f0eec8', NULL, NULL, NULL, '2026-06-26 07:23:11', '2026-06-26 07:23:11'),
	('019f02cf-a743-71ef-8a97-8c9a5c65ebdd', 'DUMMY-202606-0091', 'Pemberitahuan Hasil Penelitian - PPh 23 Maret 2022 BK #6460', NULL, '019ede24-cd18-738a-bf20-f186a91f69fb', '2026-05-26', 'Dokumen dummy otomatis dari D:\\GHALIB_WIJOYO', 'uploads/2026/06/mXIgAzybsgnpWgz5e8pYOTp6RTbWhfAbGMKtZYKU.docx', 'Pemberitahuan Hasil Penelitian - PPh 23 Maret 2022 BK - Copy (2).docx', NULL, '019ede24-cb74-73b7-85ee-ba849d9f5f21', NULL, NULL, NULL, '2026-06-26 07:23:11', '2026-06-26 07:23:11'),
	('019f02cf-a751-724a-b8b3-824eaad361b2', 'DUMMY-202606-0092', 'Pemberitahuan Hasil Penelitian - PPh 23 Maret 2022 BK #9780', NULL, '019ede24-cd1e-71df-a9db-8eb5bd2db283', '2026-04-10', 'Dokumen dummy otomatis dari D:\\GHALIB_WIJOYO', 'uploads/2026/06/qiwDtiWrz1u2VvltTE3ryJETze7Z0K9w7LURhgN3.docx', 'Pemberitahuan Hasil Penelitian - PPh 23 Maret 2022 BK - Copy (3).docx', NULL, '019ede24-cb74-73b7-85ee-ba849d9f5f21', NULL, NULL, NULL, '2026-06-26 07:23:11', '2026-06-26 07:23:11'),
	('019f02cf-a760-70a0-8db0-82b5225789bb', 'DUMMY-202606-0093', 'Pemberitahuan Hasil Penelitian - PPh 23 Maret 2022 BK #1327', NULL, '019ede24-cd20-7030-a4c6-d75699e3f2c2', '2026-05-03', 'Dokumen dummy otomatis dari D:\\GHALIB_WIJOYO', 'uploads/2026/06/yzf7yZRzCLsh1ualVT2VIJtFnnW0nmbA7PdRWAdk.docx', 'Pemberitahuan Hasil Penelitian - PPh 23 Maret 2022 BK - Copy (4).docx', NULL, '019ede24-cc48-721c-a54d-7bce429c3a32', NULL, NULL, NULL, '2026-06-26 07:23:11', '2026-06-26 07:23:11'),
	('019f02cf-a76f-7101-a4bb-c3ad845600c1', 'DUMMY-202606-0094', 'Pemberitahuan Hasil Penelitian - PPh 23 Maret 2022 BK #4283', NULL, '019ede24-cd18-738a-bf20-f186a8324f97', '2026-06-17', 'Dokumen dummy otomatis dari D:\\GHALIB_WIJOYO', 'uploads/2026/06/fE2FWumRc7vNCRcriFJxsGYxOY8RFQn6eK33SPcq.docx', 'Pemberitahuan Hasil Penelitian - PPh 23 Maret 2022 BK - Copy (5).docx', NULL, '019ede24-cd0c-7025-87e8-0e4781f0eec8', NULL, NULL, NULL, '2026-06-26 07:23:11', '2026-06-26 07:23:11'),
	('019f02cf-a77e-73ec-9851-469ba2d4cbac', 'DUMMY-202606-0095', 'Pemberitahuan Hasil Penelitian - PPh 23 Maret 2022 BK #9914', NULL, '019ede24-cd1c-7030-8aee-8464c96160ba', '2026-05-08', 'Dokumen dummy otomatis dari D:\\GHALIB_WIJOYO', 'uploads/2026/06/YJQdXj4wCf9uZQOzh3NPGRdAbLO57ieglALK45W4.docx', 'Pemberitahuan Hasil Penelitian - PPh 23 Maret 2022 BK - Copy (6).docx', NULL, '019ede2b-5b99-72bb-94c3-8bccaf599e4f', NULL, NULL, NULL, '2026-06-26 07:23:11', '2026-06-26 07:23:11'),
	('019f02cf-a78d-702d-a033-960845dbc18d', 'DUMMY-202606-0096', 'Pemberitahuan Hasil Penelitian - PPh 23 Maret 2022 BK #9942', NULL, '019ede24-cd14-73fc-826d-e15086ad0e70', '2026-04-05', 'Dokumen dummy otomatis dari D:\\GHALIB_WIJOYO', 'uploads/2026/06/rz4Ngzzl4OlmdOAFIzYX7H2kpsJgngV1kemL046j.docx', 'Pemberitahuan Hasil Penelitian - PPh 23 Maret 2022 BK - Copy (7).docx', NULL, '019ede24-caa3-7243-b800-c3eb6d954d53', NULL, NULL, NULL, '2026-06-26 07:23:11', '2026-06-26 07:23:11'),
	('019f02cf-a79c-72f2-87fc-542004b4a804', 'DUMMY-202606-0097', 'Pemberitahuan Hasil Penelitian - PPh 23 Maret 2022 BK #1757', NULL, '019ede24-cd1a-7095-98ba-1dda17e3c181', '2026-05-15', 'Dokumen dummy otomatis dari D:\\GHALIB_WIJOYO', 'uploads/2026/06/X84uX6jLZICzETSZZzaU5JTFmtsaMMxdsx50pzTL.docx', 'Pemberitahuan Hasil Penelitian - PPh 23 Maret 2022 BK - Copy (8).docx', NULL, '019ede2b-5b99-72bb-94c3-8bccaf599e4f', NULL, NULL, NULL, '2026-06-26 07:23:11', '2026-06-26 07:23:11'),
	('019f02cf-a7a9-718c-ae6e-8f770ba0ae07', 'DUMMY-202606-0098', 'Pemberitahuan Hasil Penelitian - PPh 23 Maret 2022 BK #8686', NULL, '019ede24-cd16-72b6-9a68-a731dc7fd7ee', '2026-04-09', 'Dokumen dummy otomatis dari D:\\GHALIB_WIJOYO', 'uploads/2026/06/NsoEoSR05UUPIUnIslzsFUHaIYLN5yIKsjnUSPeK.docx', 'Pemberitahuan Hasil Penelitian - PPh 23 Maret 2022 BK - Copy (9).docx', NULL, '019ede24-cb74-73b7-85ee-ba849d9f5f21', NULL, NULL, NULL, '2026-06-26 07:23:11', '2026-06-26 07:23:11'),
	('019f02cf-a7b7-7358-af7d-d162f4e43068', 'DUMMY-202606-0099', 'Pemberitahuan Hasil Penelitian - PPh 23 Maret 2022 BK #9653', NULL, '019ede24-cd16-72b6-9a68-a731dc7fd7ee', '2026-05-17', 'Dokumen dummy otomatis dari D:\\GHALIB_WIJOYO', 'uploads/2026/06/PqmK4KF1iXYYOJjwNb3ZLuP4oZFCCt8KtTAlZLXn.docx', 'Pemberitahuan Hasil Penelitian - PPh 23 Maret 2022 BK - Copy.docx', NULL, '019ede24-cb74-73b7-85ee-ba849d9f5f21', NULL, NULL, NULL, '2026-06-26 07:23:11', '2026-06-26 07:23:11'),
	('019f02cf-a7c5-72ea-aac1-d426aecbbdac', 'DUMMY-202606-0100', 'Pemberitahuan Hasil Penelitian - PPh 23 Maret 2022 BK #8065', NULL, '019ede24-cd1d-73f5-9aeb-9ae06b776bd9', '2026-05-24', 'Dokumen dummy otomatis dari D:\\GHALIB_WIJOYO', 'uploads/2026/06/cjPxJBDssKVV4WVRUkCYteYCqw4EBRcQjVbGNwi9.docx', 'Pemberitahuan Hasil Penelitian - PPh 23 Maret 2022 BK.docx', NULL, '019ede24-cd0c-7025-87e8-0e4781f0eec8', NULL, NULL, NULL, '2026-06-26 07:23:11', '2026-06-26 07:23:11'),
	('019f02cf-a7d2-7022-bbf2-1beff889c67e', 'DUMMY-202606-0101', 'Pemberitahuan Hasil Penelitian - PPh 23 Mei 2022 BK #1392', NULL, '019ede24-cd20-7030-a4c6-d75699e3f2c2', '2026-05-03', 'Dokumen dummy otomatis dari D:\\GHALIB_WIJOYO', 'uploads/2026/06/pFruOyvIXAPl9UJdWkRSzTJ7zSZsVA3OU6iiFc8H.docx', 'Pemberitahuan Hasil Penelitian - PPh 23 Mei 2022 BK - Copy (10).docx', NULL, '019ede2b-5b99-72bb-94c3-8bccaf599e4f', NULL, NULL, NULL, '2026-06-26 07:23:11', '2026-06-26 07:23:11'),
	('019f02cf-a7e0-7041-9699-c54dd07794db', 'DUMMY-202606-0102', 'Pemberitahuan Hasil Penelitian - PPh 23 Mei 2022 BK #5783', NULL, '019ede24-cd14-73fc-826d-e15086ad0e70', '2026-06-12', 'Dokumen dummy otomatis dari D:\\GHALIB_WIJOYO', 'uploads/2026/06/ydA82t3SHsDlppR1lw18z69rYon3ucguwVvXimvI.docx', 'Pemberitahuan Hasil Penelitian - PPh 23 Mei 2022 BK - Copy (11).docx', NULL, '019ede2b-5b99-72bb-94c3-8bccaf599e4f', NULL, NULL, NULL, '2026-06-26 07:23:11', '2026-06-26 07:23:11'),
	('019f02cf-a7ee-709a-b1d1-77e372829d3e', 'DUMMY-202606-0103', 'Pemberitahuan Hasil Penelitian - PPh 23 Mei 2022 BK #5787', NULL, '019ede24-cd1d-73f5-9aeb-9ae06b776bd9', '2026-04-20', 'Dokumen dummy otomatis dari D:\\GHALIB_WIJOYO', 'uploads/2026/06/BecbhJMXF7v8sHyRWGOASlaMU26URE7nKlpRq0DM.docx', 'Pemberitahuan Hasil Penelitian - PPh 23 Mei 2022 BK - Copy (12).docx', NULL, '019ede24-caa3-7243-b800-c3eb6d954d53', NULL, NULL, NULL, '2026-06-26 07:23:11', '2026-06-26 07:23:11'),
	('019f02cf-a7fc-7337-9fd4-abf47f7bdee8', 'DUMMY-202606-0104', 'Pemberitahuan Hasil Penelitian - PPh 23 Mei 2022 BK #3879', NULL, '019ede24-cd1f-733e-bcdf-2e729ad3e34d', '2026-06-11', 'Dokumen dummy otomatis dari D:\\GHALIB_WIJOYO', 'uploads/2026/06/NRs3YdsG3KcsZDZlL2M1npKxNQvSJyjCqrvSAMkY.docx', 'Pemberitahuan Hasil Penelitian - PPh 23 Mei 2022 BK - Copy (13).docx', NULL, '019ede24-cd0c-7025-87e8-0e4781f0eec8', NULL, NULL, NULL, '2026-06-26 07:23:11', '2026-06-26 07:23:11'),
	('019f02cf-a809-71a4-9d6c-59ca90b05fcd', 'DUMMY-202606-0105', 'Pemberitahuan Hasil Penelitian - PPh 23 Mei 2022 BK #6571', NULL, '019ede24-cd20-7030-a4c6-d75699e3f2c2', '2026-05-17', 'Dokumen dummy otomatis dari D:\\GHALIB_WIJOYO', 'uploads/2026/06/tBCVaXhOf2hHiwnTi6BymuIomAmgrV9e10xUCuxh.docx', 'Pemberitahuan Hasil Penelitian - PPh 23 Mei 2022 BK - Copy (14).docx', NULL, '019ede24-cb74-73b7-85ee-ba849d9f5f21', NULL, NULL, NULL, '2026-06-26 07:23:11', '2026-06-26 07:23:11'),
	('019f02cf-a817-72ad-a4e9-397cfd3caa9b', 'DUMMY-202606-0106', 'Pemberitahuan Hasil Penelitian - PPh 23 Mei 2022 BK #1637', NULL, '019ede24-cd21-72b8-b3a5-dbc1c090fc82', '2026-04-08', 'Dokumen dummy otomatis dari D:\\GHALIB_WIJOYO', 'uploads/2026/06/YDmNgn9aCRqwMFYHEc1SSSYphHz5mYoCaRN7Jthk.docx', 'Pemberitahuan Hasil Penelitian - PPh 23 Mei 2022 BK - Copy (15).docx', NULL, '019ede24-cd0c-7025-87e8-0e4781f0eec8', NULL, NULL, NULL, '2026-06-26 07:23:11', '2026-06-26 07:23:11'),
	('019f02cf-a826-70b4-b90f-c9d58ab887ae', 'DUMMY-202606-0107', 'Pemberitahuan Hasil Penelitian - PPh 23 Mei 2022 BK #9017', NULL, '019ede24-cd1c-7030-8aee-8464c96160ba', '2026-03-26', 'Dokumen dummy otomatis dari D:\\GHALIB_WIJOYO', 'uploads/2026/06/c67Jo7YUJPkvWKh1DuRHCzba8mKTcQ3H3GOPPBa8.docx', 'Pemberitahuan Hasil Penelitian - PPh 23 Mei 2022 BK - Copy (16).docx', NULL, '019ede24-caa3-7243-b800-c3eb6d954d53', NULL, NULL, NULL, '2026-06-26 07:23:11', '2026-06-26 07:23:11'),
	('019f02cf-a835-7127-9547-8d973c9961dc', 'DUMMY-202606-0108', 'Pemberitahuan Hasil Penelitian - PPh 23 Mei 2022 BK #2467', NULL, '019ede24-cd18-738a-bf20-f186a91f69fb', '2026-06-11', 'Dokumen dummy otomatis dari D:\\GHALIB_WIJOYO', 'uploads/2026/06/EviIZDbnIWPVyVz5VDk0TMfVwOrHEUSBLDxbN8K8.docx', 'Pemberitahuan Hasil Penelitian - PPh 23 Mei 2022 BK - Copy (17).docx', NULL, '019ede24-caa3-7243-b800-c3eb6d954d53', NULL, NULL, NULL, '2026-06-26 07:23:11', '2026-06-26 07:23:11'),
	('019f02cf-a843-71c9-9d36-f0b118950041', 'DUMMY-202606-0109', 'Pemberitahuan Hasil Penelitian - PPh 23 Mei 2022 BK #4769', NULL, '019ede24-cd18-738a-bf20-f186a91f69fb', '2026-04-24', 'Dokumen dummy otomatis dari D:\\GHALIB_WIJOYO', 'uploads/2026/06/7iUW5ye5hjXTs3TZq7NxIjvVlKbrFJPAGiyJTXFw.docx', 'Pemberitahuan Hasil Penelitian - PPh 23 Mei 2022 BK - Copy (18).docx', NULL, '019ede2b-5b99-72bb-94c3-8bccaf599e4f', NULL, NULL, NULL, '2026-06-26 07:23:11', '2026-06-26 07:23:11'),
	('019f02cf-a851-727a-a28e-45c305ec1b29', 'DUMMY-202606-0110', 'Pemberitahuan Hasil Penelitian - PPh 23 Mei 2022 BK #1577', NULL, '019ede24-cd18-738a-bf20-f186a8324f97', '2026-04-01', 'Dokumen dummy otomatis dari D:\\GHALIB_WIJOYO', 'uploads/2026/06/TtdED0PV4jtDFVtnx8Q4zJbHvjcIHaPpMFSklLs0.docx', 'Pemberitahuan Hasil Penelitian - PPh 23 Mei 2022 BK - Copy (19).docx', NULL, '019ede24-cc48-721c-a54d-7bce429c3a32', NULL, NULL, NULL, '2026-06-26 07:23:11', '2026-06-26 07:23:11'),
	('019f02cf-a85e-71e6-938d-b227244beead', 'DUMMY-202606-0111', 'Pemberitahuan Hasil Penelitian - PPh 23 Mei 2022 BK #8095', NULL, '019ede24-cd18-738a-bf20-f186a8324f97', '2026-06-09', 'Dokumen dummy otomatis dari D:\\GHALIB_WIJOYO', 'uploads/2026/06/HMxg9guE6UUn9IMoikLulP8BLBaBpdJ0uI4h8Pqm.docx', 'Pemberitahuan Hasil Penelitian - PPh 23 Mei 2022 BK - Copy (2).docx', NULL, '019ede24-cb74-73b7-85ee-ba849d9f5f21', NULL, NULL, NULL, '2026-06-26 07:23:11', '2026-06-26 07:23:11'),
	('019f02cf-a86c-73ba-8dab-b718c4c96c79', 'DUMMY-202606-0112', 'Pemberitahuan Hasil Penelitian - PPh 23 Mei 2022 BK #4764', NULL, '019ede24-cd11-73a2-8792-18e045563e16', '2026-03-27', 'Dokumen dummy otomatis dari D:\\GHALIB_WIJOYO', 'uploads/2026/06/SlSWdIM91PcmRhlPzt1JHZEGNDq8mtovx6fZ6EdW.docx', 'Pemberitahuan Hasil Penelitian - PPh 23 Mei 2022 BK - Copy (3).docx', NULL, '019ede24-cd0c-7025-87e8-0e4781f0eec8', NULL, NULL, NULL, '2026-06-26 07:23:11', '2026-06-26 07:23:11'),
	('019f02cf-a87a-72ca-a241-da7c9b1a7675', 'DUMMY-202606-0113', 'Pemberitahuan Hasil Penelitian - PPh 23 Mei 2022 BK #2073', NULL, '019ede24-cd14-73fc-826d-e15086ad0e70', '2026-04-09', 'Dokumen dummy otomatis dari D:\\GHALIB_WIJOYO', 'uploads/2026/06/bz5gn8nRRyeRBGhavLQ0S3SkxozPG43JvG3MUmLH.docx', 'Pemberitahuan Hasil Penelitian - PPh 23 Mei 2022 BK - Copy (4).docx', NULL, '019ede24-cd0c-7025-87e8-0e4781f0eec8', NULL, NULL, NULL, '2026-06-26 07:23:11', '2026-06-26 07:23:11'),
	('019f02cf-a887-723b-89f6-fd8794d2edff', 'DUMMY-202606-0114', 'Pemberitahuan Hasil Penelitian - PPh 23 Mei 2022 BK #1364', NULL, '019ede24-cd1c-7030-8aee-8464c96160ba', '2026-06-16', 'Dokumen dummy otomatis dari D:\\GHALIB_WIJOYO', 'uploads/2026/06/PPof7RI9YiJKb39Mbhu9uUikkn8XLmE9Vp0nr0ir.docx', 'Pemberitahuan Hasil Penelitian - PPh 23 Mei 2022 BK - Copy (5).docx', NULL, '019ede2b-5b99-72bb-94c3-8bccaf599e4f', NULL, NULL, NULL, '2026-06-26 07:23:11', '2026-06-26 07:23:11'),
	('019f02cf-a895-7136-9ed2-703d3137a718', 'DUMMY-202606-0115', 'Pemberitahuan Hasil Penelitian - PPh 23 Mei 2022 BK #9186', NULL, '019ede24-cd16-72b6-9a68-a731dc7fd7ee', '2026-06-18', 'Dokumen dummy otomatis dari D:\\GHALIB_WIJOYO', 'uploads/2026/06/NnWHrnNwm2PbMZmz5OLIqWV2JFf45ga6gS7IYO1e.docx', 'Pemberitahuan Hasil Penelitian - PPh 23 Mei 2022 BK - Copy (6).docx', NULL, '019ede24-cb74-73b7-85ee-ba849d9f5f21', NULL, NULL, NULL, '2026-06-26 07:23:11', '2026-06-26 07:23:11'),
	('019f02cf-a8a2-7249-961c-453497a67bb3', 'DUMMY-202606-0116', 'Pemberitahuan Hasil Penelitian - PPh 23 Mei 2022 BK #5783', NULL, '019ede24-cd16-72b6-9a68-a731dc7fd7ee', '2026-03-22', 'Dokumen dummy otomatis dari D:\\GHALIB_WIJOYO', 'uploads/2026/06/lENzocah7r7YT9Q7EahG8zK5MCNB8SlIVxh9N6Jz.docx', 'Pemberitahuan Hasil Penelitian - PPh 23 Mei 2022 BK - Copy (7).docx', NULL, '019ede24-caa3-7243-b800-c3eb6d954d53', NULL, NULL, NULL, '2026-06-26 07:23:11', '2026-06-26 07:23:11'),
	('019f02cf-a8b0-736b-b45d-035539bb7e90', 'DUMMY-202606-0117', 'Pemberitahuan Hasil Penelitian - PPh 23 Mei 2022 BK #4181', NULL, '019ede24-cd14-73fc-826d-e15086ad0e70', '2026-03-18', 'Dokumen dummy otomatis dari D:\\GHALIB_WIJOYO', 'uploads/2026/06/Ygeu3gFm4WFYIayEmiD1bwhP24WAQZVHUlE78cio.docx', 'Pemberitahuan Hasil Penelitian - PPh 23 Mei 2022 BK - Copy (8).docx', NULL, '019ede2b-5b99-72bb-94c3-8bccaf599e4f', NULL, NULL, NULL, '2026-06-26 07:23:11', '2026-06-26 07:23:11'),
	('019f02cf-a8be-71fd-bfe4-5f4fa3aab3b1', 'DUMMY-202606-0118', 'Pemberitahuan Hasil Penelitian - PPh 23 Mei 2022 BK #2076', NULL, '019ede24-cd18-738a-bf20-f186a8324f97', '2026-05-08', 'Dokumen dummy otomatis dari D:\\GHALIB_WIJOYO', 'uploads/2026/06/MweYcWr884a71mG1ojdIUhe36uUFe8n19AoXCwyt.docx', 'Pemberitahuan Hasil Penelitian - PPh 23 Mei 2022 BK - Copy (9).docx', NULL, '019ede24-cd0c-7025-87e8-0e4781f0eec8', NULL, NULL, NULL, '2026-06-26 07:23:11', '2026-06-26 07:23:11'),
	('019f02cf-a8cd-72dd-85ae-2fca943585e6', 'DUMMY-202606-0119', 'Pemberitahuan Hasil Penelitian - PPh 23 Mei 2022 BK #1218', NULL, '019ede24-cd16-72b6-9a68-a731dc7fd7ee', '2026-04-18', 'Dokumen dummy otomatis dari D:\\GHALIB_WIJOYO', 'uploads/2026/06/oct4JM0HYad1V8uivhDeiaQIxSIRrrtDMmGHA7R7.docx', 'Pemberitahuan Hasil Penelitian - PPh 23 Mei 2022 BK - Copy.docx', NULL, '019ede24-caa3-7243-b800-c3eb6d954d53', NULL, NULL, NULL, '2026-06-26 07:23:11', '2026-06-26 07:23:11'),
	('019f02cf-a8db-71b1-ba54-577816b52f6b', 'DUMMY-202606-0120', 'Pemberitahuan Hasil Penelitian - PPh 23 Mei 2022 BK #4887', NULL, '019ede24-cd20-7030-a4c6-d75699e3f2c2', '2026-04-07', 'Dokumen dummy otomatis dari D:\\GHALIB_WIJOYO', 'uploads/2026/06/6VDIARpmh7tCkcRB6G9LIXi0cgBHBxCxkBD46o0A.docx', 'Pemberitahuan Hasil Penelitian - PPh 23 Mei 2022 BK.docx', NULL, '019ede24-cc48-721c-a54d-7bce429c3a32', NULL, NULL, NULL, '2026-06-26 07:23:11', '2026-06-26 07:23:11'),
	('019f02cf-a8ea-7002-9fe8-ef4d9345522f', 'DUMMY-202606-0121', 'Pemberitahuan Hasil Penelitian - PPh Badan 2020 BK #6859', NULL, '019ede24-cd11-73a2-8792-18e045563e16', '2026-05-09', 'Dokumen dummy otomatis dari D:\\GHALIB_WIJOYO', 'uploads/2026/06/ExMXeuyxOASplYgDNkD8LGox1hzdRPmokFEWn8wr.docx', 'Pemberitahuan Hasil Penelitian - PPh Badan 2020 BK - Copy (10).docx', NULL, '019ede24-cc48-721c-a54d-7bce429c3a32', NULL, NULL, NULL, '2026-06-26 07:23:11', '2026-06-26 07:23:11'),
	('019f02cf-a8fa-7065-8ae1-99f7c52bba38', 'DUMMY-202606-0122', 'Pemberitahuan Hasil Penelitian - PPh Badan 2020 BK #7138', NULL, '019ede24-cd14-73fc-826d-e15086ad0e70', '2026-05-18', 'Dokumen dummy otomatis dari D:\\GHALIB_WIJOYO', 'uploads/2026/06/jFaeztqTAIGGJK2vWqnyGDNSH5CUlTrvBh8RCWxH.docx', 'Pemberitahuan Hasil Penelitian - PPh Badan 2020 BK - Copy (11).docx', NULL, '019ede24-cd0c-7025-87e8-0e4781f0eec8', NULL, NULL, NULL, '2026-06-26 07:23:11', '2026-06-26 07:23:11'),
	('019f02cf-a909-70eb-a2bb-add13194d684', 'DUMMY-202606-0123', 'Pemberitahuan Hasil Penelitian - PPh Badan 2020 BK #1221', NULL, '019ede24-cd1a-7095-98ba-1dda17e3c181', '2026-05-31', 'Dokumen dummy otomatis dari D:\\GHALIB_WIJOYO', 'uploads/2026/06/vgu8a9LeMQQJgq4lkekc5Asz63XMi9E3kbMiSZD8.docx', 'Pemberitahuan Hasil Penelitian - PPh Badan 2020 BK - Copy (12).docx', NULL, '019ede24-cc48-721c-a54d-7bce429c3a32', NULL, NULL, NULL, '2026-06-26 07:23:11', '2026-06-26 07:23:11'),
	('019f02cf-a918-72bf-bc37-e00ba02a83b2', 'DUMMY-202606-0124', 'Pemberitahuan Hasil Penelitian - PPh Badan 2020 BK #7649', NULL, '019ede24-cd1c-7030-8aee-8464c96160ba', '2026-04-21', 'Dokumen dummy otomatis dari D:\\GHALIB_WIJOYO', 'uploads/2026/06/aqoavLaseDB2UcP3npvJ7LOSI4GCaxcky1QHFrbH.docx', 'Pemberitahuan Hasil Penelitian - PPh Badan 2020 BK - Copy (13).docx', NULL, '019ede24-cb74-73b7-85ee-ba849d9f5f21', NULL, NULL, NULL, '2026-06-26 07:23:11', '2026-06-26 07:23:11'),
	('019f02cf-a927-7096-909e-b82d156bfb72', 'DUMMY-202606-0125', 'Pemberitahuan Hasil Penelitian - PPh Badan 2020 BK #9755', NULL, '019ede24-cd18-738a-bf20-f186a91f69fb', '2026-04-21', 'Dokumen dummy otomatis dari D:\\GHALIB_WIJOYO', 'uploads/2026/06/pBC4WvPw22Ygg9PemkhEMRxu2Mrd1kOGYnB4dfmv.docx', 'Pemberitahuan Hasil Penelitian - PPh Badan 2020 BK - Copy (14).docx', NULL, '019ede24-cb74-73b7-85ee-ba849d9f5f21', NULL, NULL, NULL, '2026-06-26 07:23:11', '2026-06-26 07:23:11'),
	('019f02cf-a935-7017-989a-01b87b9be984', 'DUMMY-202606-0126', 'Pemberitahuan Hasil Penelitian - PPh Badan 2020 BK #9319', NULL, '019ede24-cd14-73fc-826d-e15086ad0e70', '2026-06-19', 'Dokumen dummy otomatis dari D:\\GHALIB_WIJOYO', 'uploads/2026/06/jBTIoWt9MsKpi74E90FT7JGrjoJd0Bug2GqOLTvP.docx', 'Pemberitahuan Hasil Penelitian - PPh Badan 2020 BK - Copy (15).docx', NULL, '019ede24-cd0c-7025-87e8-0e4781f0eec8', NULL, NULL, NULL, '2026-06-26 07:23:11', '2026-06-26 07:23:11'),
	('019f02cf-a945-72f1-a2e9-41bd5ba13f08', 'DUMMY-202606-0127', 'Pemberitahuan Hasil Penelitian - PPh Badan 2020 BK #5751', NULL, '019ede24-cd1d-73f5-9aeb-9ae06b776bd9', '2026-04-19', 'Dokumen dummy otomatis dari D:\\GHALIB_WIJOYO', 'uploads/2026/06/y0DjnjhMSb4fnw4NzUJZCRqvx5Iz7v8xelQZRb1E.docx', 'Pemberitahuan Hasil Penelitian - PPh Badan 2020 BK - Copy (16).docx', NULL, '019ede2b-5b99-72bb-94c3-8bccaf599e4f', NULL, NULL, NULL, '2026-06-26 07:23:11', '2026-06-26 07:23:11'),
	('019f02cf-a955-7248-86bb-776abe8d44fc', 'DUMMY-202606-0128', 'Pemberitahuan Hasil Penelitian - PPh Badan 2020 BK #4448', NULL, '019ede24-cd18-738a-bf20-f186a8324f97', '2026-03-29', 'Dokumen dummy otomatis dari D:\\GHALIB_WIJOYO', 'uploads/2026/06/84fA8O5qLIHjCjP6MVs4lup16qb0jTBH7cxbwMgG.docx', 'Pemberitahuan Hasil Penelitian - PPh Badan 2020 BK - Copy (17).docx', NULL, '019ede24-cd0c-7025-87e8-0e4781f0eec8', NULL, NULL, NULL, '2026-06-26 07:23:11', '2026-06-26 07:23:11'),
	('019f02cf-a966-7346-94d1-bdd7a378e7de', 'DUMMY-202606-0129', 'Pemberitahuan Hasil Penelitian - PPh Badan 2020 BK #9465', NULL, '019ede24-cd11-73a2-8792-18e045563e16', '2026-04-13', 'Dokumen dummy otomatis dari D:\\GHALIB_WIJOYO', 'uploads/2026/06/HtJxQsz7QhS7gqt3lE4oKBspmW7pq1idxcvW42Xp.docx', 'Pemberitahuan Hasil Penelitian - PPh Badan 2020 BK - Copy (18).docx', NULL, '019ede24-cd0c-7025-87e8-0e4781f0eec8', NULL, NULL, NULL, '2026-06-26 07:23:11', '2026-06-26 07:23:11'),
	('019f02cf-a974-724b-aea4-6d9edd618154', 'DUMMY-202606-0130', 'Pemberitahuan Hasil Penelitian - PPh Badan 2020 BK #5392', NULL, '019ede24-cd1a-7095-98ba-1dda17e3c181', '2026-06-23', 'Dokumen dummy otomatis dari D:\\GHALIB_WIJOYO', 'uploads/2026/06/DcAM1jWO2Q4h9PdrgmDwRdpPcAWqZBFxL6VS5QCG.docx', 'Pemberitahuan Hasil Penelitian - PPh Badan 2020 BK - Copy (19).docx', NULL, '019ede24-caa3-7243-b800-c3eb6d954d53', NULL, NULL, NULL, '2026-06-26 07:23:11', '2026-06-26 07:23:11'),
	('019f02cf-a985-70fd-ad3a-2fe7bcc78348', 'DUMMY-202606-0131', 'Pemberitahuan Hasil Penelitian - PPh Badan 2020 BK #7282', NULL, '019ede24-cd21-72b8-b3a5-dbc1c090fc82', '2026-03-31', 'Dokumen dummy otomatis dari D:\\GHALIB_WIJOYO', 'uploads/2026/06/XImtyyyu3EjFgQONX6a8lsNlleGyuiQTK7lyfDpL.docx', 'Pemberitahuan Hasil Penelitian - PPh Badan 2020 BK - Copy (2).docx', NULL, '019ede2b-5b99-72bb-94c3-8bccaf599e4f', NULL, NULL, NULL, '2026-06-26 07:23:11', '2026-06-26 07:23:11'),
	('019f02cf-a995-7361-9b47-7cb383330cfd', 'DUMMY-202606-0132', 'Pemberitahuan Hasil Penelitian - PPh Badan 2020 BK #5756', NULL, '019ede24-cd1a-7095-98ba-1dda17e3c181', '2026-05-18', 'Dokumen dummy otomatis dari D:\\GHALIB_WIJOYO', 'uploads/2026/06/yagi5JAbhgpUqhoPctsQsB9c1ULRftbW8iBYPuvz.docx', 'Pemberitahuan Hasil Penelitian - PPh Badan 2020 BK - Copy (3).docx', NULL, '019ede24-cd0c-7025-87e8-0e4781f0eec8', NULL, NULL, NULL, '2026-06-26 07:23:11', '2026-06-26 07:23:11'),
	('019f02cf-a9a3-723f-86bc-630c601a469c', 'DUMMY-202606-0133', 'Pemberitahuan Hasil Penelitian - PPh Badan 2020 BK #5970', NULL, '019ede24-cd14-73fc-826d-e15086ad0e70', '2026-03-24', 'Dokumen dummy otomatis dari D:\\GHALIB_WIJOYO', 'uploads/2026/06/F5wqlWb2t5uMGRc9RGe6L5aTJaifPvbEccrYki6d.docx', 'Pemberitahuan Hasil Penelitian - PPh Badan 2020 BK - Copy (4).docx', NULL, '019ede24-cc48-721c-a54d-7bce429c3a32', NULL, NULL, NULL, '2026-06-26 07:23:11', '2026-06-26 07:23:11'),
	('019f02cf-a9b3-72af-a35d-dffb3783eb54', 'DUMMY-202606-0134', 'Pemberitahuan Hasil Penelitian - PPh Badan 2020 BK #8091', NULL, '019ede24-cd1e-71df-a9db-8eb5bd2db283', '2026-06-02', 'Dokumen dummy otomatis dari D:\\GHALIB_WIJOYO', 'uploads/2026/06/RKrSVbIrZavPO9X7f6RYQX0tI90QU8qFjEfTgp7Y.docx', 'Pemberitahuan Hasil Penelitian - PPh Badan 2020 BK - Copy (5).docx', NULL, '019ede24-cc48-721c-a54d-7bce429c3a32', NULL, NULL, NULL, '2026-06-26 07:23:11', '2026-06-26 07:23:11'),
	('019f02cf-a9c2-718c-87f2-a0d8ac0d4200', 'DUMMY-202606-0135', 'Pemberitahuan Hasil Penelitian - PPh Badan 2020 BK #6617', NULL, '019ede24-cd1d-73f5-9aeb-9ae06b776bd9', '2026-03-24', 'Dokumen dummy otomatis dari D:\\GHALIB_WIJOYO', 'uploads/2026/06/3jbKSGS60nSGQfdJmiwT44eCGldY9DgeihTzcg0P.docx', 'Pemberitahuan Hasil Penelitian - PPh Badan 2020 BK - Copy (6).docx', NULL, '019ede24-cd0c-7025-87e8-0e4781f0eec8', NULL, NULL, NULL, '2026-06-26 07:23:11', '2026-06-26 07:23:11'),
	('019f02cf-a9d1-71ec-9a07-ba9d11847d92', 'DUMMY-202606-0136', 'Pemberitahuan Hasil Penelitian - PPh Badan 2020 BK #9534', NULL, '019ede24-cd1c-7030-8aee-8464c96160ba', '2026-05-22', 'Dokumen dummy otomatis dari D:\\GHALIB_WIJOYO', 'uploads/2026/06/h4p7FmnbBePJDINqr4ZrcPnYaOG8759RTNb7Omjn.docx', 'Pemberitahuan Hasil Penelitian - PPh Badan 2020 BK - Copy (7).docx', NULL, '019ede24-caa3-7243-b800-c3eb6d954d53', NULL, NULL, NULL, '2026-06-26 07:23:11', '2026-06-26 07:23:11'),
	('019f02cf-a9e0-72a9-841b-6c582c9b8797', 'DUMMY-202606-0137', 'Pemberitahuan Hasil Penelitian - PPh Badan 2020 BK #5814', NULL, '019ede24-cd16-72b6-9a68-a731dc7fd7ee', '2026-05-15', 'Dokumen dummy otomatis dari D:\\GHALIB_WIJOYO', 'uploads/2026/06/Ej0IBCjass6tooKviKd1E6ALVCVWg7LdOkGfrawB.docx', 'Pemberitahuan Hasil Penelitian - PPh Badan 2020 BK - Copy (8).docx', NULL, '019ede24-cd0c-7025-87e8-0e4781f0eec8', NULL, NULL, NULL, '2026-06-26 07:23:11', '2026-06-26 07:23:11'),
	('019f02cf-a9ef-7196-aabb-e5733573e1a7', 'DUMMY-202606-0138', 'Pemberitahuan Hasil Penelitian - PPh Badan 2020 BK #2838', NULL, '019ede24-cd1d-73f5-9aeb-9ae06b776bd9', '2026-06-13', 'Dokumen dummy otomatis dari D:\\GHALIB_WIJOYO', 'uploads/2026/06/RnAbNtm1kyT1YF8dYpvHnYG7ivC1Of38hikLKR27.docx', 'Pemberitahuan Hasil Penelitian - PPh Badan 2020 BK - Copy (9).docx', NULL, '019ede24-caa3-7243-b800-c3eb6d954d53', NULL, NULL, NULL, '2026-06-26 07:23:11', '2026-06-26 07:23:11'),
	('019f02cf-aa00-71a5-845e-b49053f449f5', 'DUMMY-202606-0139', 'Pemberitahuan Hasil Penelitian - PPh Badan 2020 BK #8809', NULL, '019ede24-cd18-738a-bf20-f186a91f69fb', '2026-05-22', 'Dokumen dummy otomatis dari D:\\GHALIB_WIJOYO', 'uploads/2026/06/rPH2Dx8SgCxIUrbXjTtwDZvj2LaHlcj2O93zVvWr.docx', 'Pemberitahuan Hasil Penelitian - PPh Badan 2020 BK - Copy.docx', NULL, '019ede24-cc48-721c-a54d-7bce429c3a32', NULL, NULL, NULL, '2026-06-26 07:23:11', '2026-06-26 07:23:11'),
	('019f02cf-aa10-71eb-9392-52458a637e23', 'DUMMY-202606-0140', 'Pemberitahuan Hasil Penelitian - PPh Badan 2020 BK #8725', NULL, '019ede24-cd16-72b6-9a68-a731dc7fd7ee', '2026-03-18', 'Dokumen dummy otomatis dari D:\\GHALIB_WIJOYO', 'uploads/2026/06/kI10cqqkmSMCuigFdfnrcqL5zBvvryclKWAHQ4l9.docx', 'Pemberitahuan Hasil Penelitian - PPh Badan 2020 BK.docx', NULL, '019ede24-cb74-73b7-85ee-ba849d9f5f21', NULL, NULL, NULL, '2026-06-26 07:23:11', '2026-06-26 07:23:11'),
	('019f02cf-aa24-7155-bee7-f9ce0ea67e29', 'DUMMY-202606-0141', 'Pemberitahuan Hasil Penelitian - PPh Badan 2022 BK #1872', NULL, '019ede24-cd1c-7030-8aee-8464c96160ba', '2026-05-09', 'Dokumen dummy otomatis dari D:\\GHALIB_WIJOYO', 'uploads/2026/06/7fi5ruDLS6wX8OxaVkmSRjREfk3l2fVwrtzKDWBo.docx', 'Pemberitahuan Hasil Penelitian - PPh Badan 2022 BK - Copy (10).docx', NULL, '019ede24-cb74-73b7-85ee-ba849d9f5f21', NULL, NULL, NULL, '2026-06-26 07:23:11', '2026-06-26 07:23:11'),
	('019f02cf-aa32-719c-8814-281d82bcce7f', 'DUMMY-202606-0142', 'Pemberitahuan Hasil Penelitian - PPh Badan 2022 BK #2810', NULL, '019ede24-cd1d-73f5-9aeb-9ae06b776bd9', '2026-04-12', 'Dokumen dummy otomatis dari D:\\GHALIB_WIJOYO', 'uploads/2026/06/4bTEGgByOng9w1eH1sOGOFioa1FdwGEJLAcD4QAx.docx', 'Pemberitahuan Hasil Penelitian - PPh Badan 2022 BK - Copy (11).docx', NULL, '019ede24-cc48-721c-a54d-7bce429c3a32', NULL, NULL, NULL, '2026-06-26 07:23:11', '2026-06-26 07:23:11'),
	('019f02cf-aa3e-70a4-be93-96c6d00c122b', 'DUMMY-202606-0143', 'Pemberitahuan Hasil Penelitian - PPh Badan 2022 BK #6704', NULL, '019ede24-cd20-7030-a4c6-d75699e3f2c2', '2026-03-21', 'Dokumen dummy otomatis dari D:\\GHALIB_WIJOYO', 'uploads/2026/06/S9kf86whQntJ5rZABy3JRGEd05dXH6qRUXeqNiIA.docx', 'Pemberitahuan Hasil Penelitian - PPh Badan 2022 BK - Copy (12).docx', NULL, '019ede24-caa3-7243-b800-c3eb6d954d53', NULL, NULL, NULL, '2026-06-26 07:23:11', '2026-06-26 07:23:11'),
	('019f02cf-aa4c-7082-b11d-96e8a47e3631', 'DUMMY-202606-0144', 'Pemberitahuan Hasil Penelitian - PPh Badan 2022 BK #2288', NULL, '019ede24-cd1a-7095-98ba-1dda17e3c181', '2026-04-16', 'Dokumen dummy otomatis dari D:\\GHALIB_WIJOYO', 'uploads/2026/06/6d1hAMKDxdy3kGt1QSkTzRfSHZV29mkuOVJBUbAh.docx', 'Pemberitahuan Hasil Penelitian - PPh Badan 2022 BK - Copy (13).docx', NULL, '019ede2b-5b99-72bb-94c3-8bccaf599e4f', NULL, NULL, NULL, '2026-06-26 07:23:11', '2026-06-26 07:23:11'),
	('019f02cf-aa5a-7035-9eb0-d41e92073429', 'DUMMY-202606-0145', 'Pemberitahuan Hasil Penelitian - PPh Badan 2022 BK #8317', NULL, '019ede24-cd1f-733e-bcdf-2e729ad3e34d', '2026-05-06', 'Dokumen dummy otomatis dari D:\\GHALIB_WIJOYO', 'uploads/2026/06/qJI4GnAoXuQZMKZkBJPsY8plECF7pTUmkuDHhRpL.docx', 'Pemberitahuan Hasil Penelitian - PPh Badan 2022 BK - Copy (14).docx', NULL, '019ede24-caa3-7243-b800-c3eb6d954d53', NULL, NULL, NULL, '2026-06-26 07:23:11', '2026-06-26 07:23:11'),
	('019f02cf-aa68-7274-b62c-9fd580d2183a', 'DUMMY-202606-0146', 'Pemberitahuan Hasil Penelitian - PPh Badan 2022 BK #3652', NULL, '019ede24-cd11-73a2-8792-18e045563e16', '2026-05-29', 'Dokumen dummy otomatis dari D:\\GHALIB_WIJOYO', 'uploads/2026/06/ubL1DyXaKYOZg9BsucIYnqh8tx4tg7stIZQLftSx.docx', 'Pemberitahuan Hasil Penelitian - PPh Badan 2022 BK - Copy (15).docx', NULL, '019ede24-cb74-73b7-85ee-ba849d9f5f21', NULL, NULL, NULL, '2026-06-26 07:23:11', '2026-06-26 07:23:11'),
	('019f02cf-aa76-7119-b4f4-56865f41ce71', 'DUMMY-202606-0147', 'Pemberitahuan Hasil Penelitian - PPh Badan 2022 BK #5478', NULL, '019ede24-cd1e-71df-a9db-8eb5bd2db283', '2026-05-07', 'Dokumen dummy otomatis dari D:\\GHALIB_WIJOYO', 'uploads/2026/06/L0IESeBKHraSvkDFIaCMD82Y2derrY5WAPAkig4K.docx', 'Pemberitahuan Hasil Penelitian - PPh Badan 2022 BK - Copy (16).docx', NULL, '019ede2b-5b99-72bb-94c3-8bccaf599e4f', NULL, NULL, NULL, '2026-06-26 07:23:11', '2026-06-26 07:23:11'),
	('019f02cf-aa82-7297-905a-45bd10c63787', 'DUMMY-202606-0148', 'Pemberitahuan Hasil Penelitian - PPh Badan 2022 BK #5518', NULL, '019ede24-cd18-738a-bf20-f186a91f69fb', '2026-04-20', 'Dokumen dummy otomatis dari D:\\GHALIB_WIJOYO', 'uploads/2026/06/e9OtkoNkWtRuWct9h9aGyt4r7KkLQTDdA7a0MjMD.docx', 'Pemberitahuan Hasil Penelitian - PPh Badan 2022 BK - Copy (17).docx', NULL, '019ede2b-5b99-72bb-94c3-8bccaf599e4f', NULL, NULL, NULL, '2026-06-26 07:23:11', '2026-06-26 07:23:11'),
	('019f02cf-aa90-709b-b797-e9d8f888b700', 'DUMMY-202606-0149', 'Pemberitahuan Hasil Penelitian - PPh Badan 2022 BK #5679', NULL, '019ede24-cd18-738a-bf20-f186a8324f97', '2026-05-02', 'Dokumen dummy otomatis dari D:\\GHALIB_WIJOYO', 'uploads/2026/06/vkmcNCrvwmqMbrToyMxsMENbZuod6wgjB9AwR1Pz.docx', 'Pemberitahuan Hasil Penelitian - PPh Badan 2022 BK - Copy (18).docx', NULL, '019ede24-caa3-7243-b800-c3eb6d954d53', NULL, NULL, NULL, '2026-06-26 07:23:11', '2026-06-26 07:23:11'),
	('019f02cf-aa9f-7394-9899-9a4e4f0718d0', 'DUMMY-202606-0150', 'Pemberitahuan Hasil Penelitian - PPh Badan 2022 BK #9133', NULL, '019ede24-cd11-73a2-8792-18e045563e16', '2026-06-08', 'Dokumen dummy otomatis dari D:\\GHALIB_WIJOYO', 'uploads/2026/06/tGHBQF6NqGJyRMY9586kewAVf6HbCtGGx90LU5uZ.docx', 'Pemberitahuan Hasil Penelitian - PPh Badan 2022 BK - Copy (19).docx', NULL, '019ede24-caa3-7243-b800-c3eb6d954d53', NULL, NULL, NULL, '2026-06-26 07:23:11', '2026-06-26 07:23:11'),
	('019f02cf-aaad-73b7-97dc-ab8de9ef7b3e', 'DUMMY-202606-0151', 'Pemberitahuan Hasil Penelitian - PPh Badan 2022 BK #9344', NULL, '019ede24-cd1a-7095-98ba-1dda17e3c181', '2026-05-17', 'Dokumen dummy otomatis dari D:\\GHALIB_WIJOYO', 'uploads/2026/06/NGN1pK36BgWJ5a2DPOh1PgrwXlNqQPbdXFPRC34k.docx', 'Pemberitahuan Hasil Penelitian - PPh Badan 2022 BK - Copy (2).docx', NULL, '019ede24-cb74-73b7-85ee-ba849d9f5f21', NULL, NULL, NULL, '2026-06-26 07:23:11', '2026-06-26 07:23:11'),
	('019f02cf-aabc-71e0-be55-583111b97597', 'DUMMY-202606-0152', 'Pemberitahuan Hasil Penelitian - PPh Badan 2022 BK #2517', NULL, '019ede24-cd14-73fc-826d-e15086ad0e70', '2026-03-18', 'Dokumen dummy otomatis dari D:\\GHALIB_WIJOYO', 'uploads/2026/06/xz4Yo0n9SYAhBHkYdvKhG7EDXucP5l6ZXwi2aUaL.docx', 'Pemberitahuan Hasil Penelitian - PPh Badan 2022 BK - Copy (3).docx', NULL, '019ede24-caa3-7243-b800-c3eb6d954d53', NULL, NULL, NULL, '2026-06-26 07:23:11', '2026-06-26 07:23:11'),
	('019f02cf-aaca-70e4-9123-cbd79d3454e6', 'DUMMY-202606-0153', 'Pemberitahuan Hasil Penelitian - PPh Badan 2022 BK #6599', NULL, '019ede24-cd18-738a-bf20-f186a91f69fb', '2026-04-18', 'Dokumen dummy otomatis dari D:\\GHALIB_WIJOYO', 'uploads/2026/06/rIq9ViL9mYi4wKX7yupr7nbALFLA4HjiG3mtkc72.docx', 'Pemberitahuan Hasil Penelitian - PPh Badan 2022 BK - Copy (4).docx', NULL, '019ede24-cd0c-7025-87e8-0e4781f0eec8', NULL, NULL, NULL, '2026-06-26 07:23:11', '2026-06-26 07:23:11'),
	('019f02cf-aad9-7333-b2ed-52cdf45c55d5', 'DUMMY-202606-0154', 'Pemberitahuan Hasil Penelitian - PPh Badan 2022 BK #8379', NULL, '019ede24-cd21-72b8-b3a5-dbc1c090fc82', '2026-06-11', 'Dokumen dummy otomatis dari D:\\GHALIB_WIJOYO', 'uploads/2026/06/w8BUx0q9eOGR5RQiGm2Pl8FixxX7Kj4BRTKus3OW.docx', 'Pemberitahuan Hasil Penelitian - PPh Badan 2022 BK - Copy (5).docx', NULL, '019ede24-caa3-7243-b800-c3eb6d954d53', NULL, NULL, NULL, '2026-06-26 07:23:11', '2026-06-26 07:23:11'),
	('019f02cf-aae7-72fe-8bf5-36f1be22742e', 'DUMMY-202606-0155', 'Pemberitahuan Hasil Penelitian - PPh Badan 2022 BK #7473', NULL, '019ede24-cd1f-733e-bcdf-2e729ad3e34d', '2026-05-15', 'Dokumen dummy otomatis dari D:\\GHALIB_WIJOYO', 'uploads/2026/06/J0yCzDG2BjTUbuIaPRWEuBalCbvHhvJAH90LsNWz.docx', 'Pemberitahuan Hasil Penelitian - PPh Badan 2022 BK - Copy (6).docx', NULL, '019ede24-caa3-7243-b800-c3eb6d954d53', NULL, NULL, NULL, '2026-06-26 07:23:11', '2026-06-26 07:23:11'),
	('019f02cf-aaf5-7326-84f9-c03550e66e53', 'DUMMY-202606-0156', 'Pemberitahuan Hasil Penelitian - PPh Badan 2022 BK #3985', NULL, '019ede24-cd20-7030-a4c6-d75699e3f2c2', '2026-03-25', 'Dokumen dummy otomatis dari D:\\GHALIB_WIJOYO', 'uploads/2026/06/zGzOklu7fKSc6fbY9vUF4DyWQ7jszZdFWUVVJVWn.docx', 'Pemberitahuan Hasil Penelitian - PPh Badan 2022 BK - Copy (7).docx', NULL, '019ede24-cd0c-7025-87e8-0e4781f0eec8', NULL, NULL, NULL, '2026-06-26 07:23:11', '2026-06-26 07:23:11'),
	('019f02cf-ab02-71eb-8941-e31cf96f038b', 'DUMMY-202606-0157', 'Pemberitahuan Hasil Penelitian - PPh Badan 2022 BK #7792', NULL, '019ede24-cd14-73fc-826d-e15086ad0e70', '2026-03-29', 'Dokumen dummy otomatis dari D:\\GHALIB_WIJOYO', 'uploads/2026/06/Sg1MbX8VnyeSVOL1Y9o7HxTdlLBRDg73RGF0EHxL.docx', 'Pemberitahuan Hasil Penelitian - PPh Badan 2022 BK - Copy (8).docx', NULL, '019ede2b-5b99-72bb-94c3-8bccaf599e4f', NULL, NULL, NULL, '2026-06-26 07:23:12', '2026-06-26 07:23:12'),
	('019f02cf-ab0f-722f-9548-2ee0eb0ee69e', 'DUMMY-202606-0158', 'Pemberitahuan Hasil Penelitian - PPh Badan 2022 BK #3424', NULL, '019ede24-cd20-7030-a4c6-d75699e3f2c2', '2026-03-26', 'Dokumen dummy otomatis dari D:\\GHALIB_WIJOYO', 'uploads/2026/06/MTbbdu5Nd4IYtOT7fpiKiXX3wIZtBRfaDJvDkpn2.docx', 'Pemberitahuan Hasil Penelitian - PPh Badan 2022 BK - Copy (9).docx', NULL, '019ede24-cd0c-7025-87e8-0e4781f0eec8', NULL, NULL, NULL, '2026-06-26 07:23:12', '2026-06-26 07:23:12'),
	('019f02cf-ab1c-719e-b117-284c631b43c9', 'DUMMY-202606-0159', 'Pemberitahuan Hasil Penelitian - PPh Badan 2022 BK #1498', NULL, '019ede24-cd18-738a-bf20-f186a8324f97', '2026-04-24', 'Dokumen dummy otomatis dari D:\\GHALIB_WIJOYO', 'uploads/2026/06/8jo6d31gLFudSYknMrAz74p6ZzGxncfwcS6YCrVI.docx', 'Pemberitahuan Hasil Penelitian - PPh Badan 2022 BK - Copy.docx', NULL, '019ede2b-5b99-72bb-94c3-8bccaf599e4f', NULL, NULL, NULL, '2026-06-26 07:23:12', '2026-06-26 07:23:12'),
	('019f02cf-ab29-7077-91f6-ba773616cbc0', 'DUMMY-202606-0160', 'Pemberitahuan Hasil Penelitian - PPh Badan 2022 BK #4887', NULL, '019ede24-cd18-738a-bf20-f186a91f69fb', '2026-05-02', 'Dokumen dummy otomatis dari D:\\GHALIB_WIJOYO', 'uploads/2026/06/RahKVhPQRQLAv7NJU1IxBX3tttPpjWcqa8Pivz3u.docx', 'Pemberitahuan Hasil Penelitian - PPh Badan 2022 BK.docx', NULL, '019ede24-caa3-7243-b800-c3eb6d954d53', NULL, NULL, NULL, '2026-06-26 07:23:12', '2026-06-26 07:23:12'),
	('019f02cf-ab39-7125-b85b-0021fc40e3be', 'DUMMY-202606-0161', 'Pemberitahuan Hasil Penelitian PPh 21 Desember 2020 BK #4971', NULL, '019ede24-cd11-73a2-8792-18e045563e16', '2026-05-19', 'Dokumen dummy otomatis dari D:\\GHALIB_WIJOYO', 'uploads/2026/06/AvRvfnF6ViffcCaKC9AzVDNvomh3DPnaV26TnF6J.docx', 'Pemberitahuan Hasil Penelitian PPh 21 Desember 2020 BK - Copy (10).docx', NULL, '019ede24-cc48-721c-a54d-7bce429c3a32', NULL, NULL, NULL, '2026-06-26 07:23:12', '2026-06-26 07:23:12'),
	('019f02cf-ab49-70b9-a01f-222de9d4bae0', 'DUMMY-202606-0162', 'Pemberitahuan Hasil Penelitian PPh 21 Desember 2020 BK #4783', NULL, '019ede24-cd18-738a-bf20-f186a91f69fb', '2026-05-11', 'Dokumen dummy otomatis dari D:\\GHALIB_WIJOYO', 'uploads/2026/06/mXG3LWc630WWeVqTsqaK5OfvNtHuUXgLaSff0dJK.docx', 'Pemberitahuan Hasil Penelitian PPh 21 Desember 2020 BK - Copy (11).docx', NULL, '019ede2b-5b99-72bb-94c3-8bccaf599e4f', NULL, NULL, NULL, '2026-06-26 07:23:12', '2026-06-26 07:23:12'),
	('019f02cf-ab58-727c-b68a-2d8f5dab1151', 'DUMMY-202606-0163', 'Pemberitahuan Hasil Penelitian PPh 21 Desember 2020 BK #6987', NULL, '019ede24-cd20-7030-a4c6-d75699e3f2c2', '2026-04-08', 'Dokumen dummy otomatis dari D:\\GHALIB_WIJOYO', 'uploads/2026/06/DeJW1N0dKnBaEi2Zsyy0tMnZhpL1TNKCOqCu7Z0N.docx', 'Pemberitahuan Hasil Penelitian PPh 21 Desember 2020 BK - Copy (12).docx', NULL, '019ede24-caa3-7243-b800-c3eb6d954d53', NULL, NULL, NULL, '2026-06-26 07:23:12', '2026-06-26 07:23:12'),
	('019f02cf-ab68-7267-b368-949863a73dc9', 'DUMMY-202606-0164', 'Pemberitahuan Hasil Penelitian PPh 21 Desember 2020 BK #5501', NULL, '019ede24-cd1c-7030-8aee-8464c96160ba', '2026-03-23', 'Dokumen dummy otomatis dari D:\\GHALIB_WIJOYO', 'uploads/2026/06/AZ3XixdMRVgiSFxyGKQGLxLejBjg0nthvgcpuKqm.docx', 'Pemberitahuan Hasil Penelitian PPh 21 Desember 2020 BK - Copy (13).docx', NULL, '019ede24-cc48-721c-a54d-7bce429c3a32', NULL, NULL, NULL, '2026-06-26 07:23:12', '2026-06-26 07:23:12'),
	('019f02cf-ab77-7329-8136-16a79f3dfa65', 'DUMMY-202606-0165', 'Pemberitahuan Hasil Penelitian PPh 21 Desember 2020 BK #3731', NULL, '019ede24-cd18-738a-bf20-f186a8324f97', '2026-04-03', 'Dokumen dummy otomatis dari D:\\GHALIB_WIJOYO', 'uploads/2026/06/cfSo7F0cFfD6PohVJfR00I3ucEaKRFBFz9AstRHO.docx', 'Pemberitahuan Hasil Penelitian PPh 21 Desember 2020 BK - Copy (14).docx', NULL, '019ede2b-5b99-72bb-94c3-8bccaf599e4f', NULL, NULL, NULL, '2026-06-26 07:23:12', '2026-06-26 07:23:12'),
	('019f02cf-ab87-70e1-8abd-d7e6a362f3db', 'DUMMY-202606-0166', 'Pemberitahuan Hasil Penelitian PPh 21 Desember 2020 BK #4432', NULL, '019ede24-cd11-73a2-8792-18e045563e16', '2026-05-29', 'Dokumen dummy otomatis dari D:\\GHALIB_WIJOYO', 'uploads/2026/06/uBb0ReTsfWz9KWejQTKXsb2ruWLoiJ7vSSmkfHPl.docx', 'Pemberitahuan Hasil Penelitian PPh 21 Desember 2020 BK - Copy (15).docx', NULL, '019ede2b-5b99-72bb-94c3-8bccaf599e4f', NULL, NULL, NULL, '2026-06-26 07:23:12', '2026-06-26 07:23:12'),
	('019f02cf-ab99-7113-a3bb-cdbbdbc31a9b', 'DUMMY-202606-0167', 'Pemberitahuan Hasil Penelitian PPh 21 Desember 2020 BK #3861', NULL, '019ede24-cd1f-733e-bcdf-2e729ad3e34d', '2026-05-11', 'Dokumen dummy otomatis dari D:\\GHALIB_WIJOYO', 'uploads/2026/06/Pix3nFKOnnmsvnwnUiipvmstuVslivWcdMgN5ddC.docx', 'Pemberitahuan Hasil Penelitian PPh 21 Desember 2020 BK - Copy (16).docx', NULL, '019ede2b-5b99-72bb-94c3-8bccaf599e4f', NULL, NULL, NULL, '2026-06-26 07:23:12', '2026-06-26 07:23:12'),
	('019f02cf-aba9-7236-8b70-a819a1ed5935', 'DUMMY-202606-0168', 'Pemberitahuan Hasil Penelitian PPh 21 Desember 2020 BK #5138', NULL, '019ede24-cd21-72b8-b3a5-dbc1c090fc82', '2026-04-06', 'Dokumen dummy otomatis dari D:\\GHALIB_WIJOYO', 'uploads/2026/06/qzZsfnNdmwEFet4iflk39desSOYOZaVYFxyVuFO7.docx', 'Pemberitahuan Hasil Penelitian PPh 21 Desember 2020 BK - Copy (17).docx', NULL, '019ede24-cb74-73b7-85ee-ba849d9f5f21', NULL, NULL, NULL, '2026-06-26 07:23:12', '2026-06-26 07:23:12'),
	('019f02cf-abb8-700b-9ee2-9c0b20d8c4a1', 'DUMMY-202606-0169', 'Pemberitahuan Hasil Penelitian PPh 21 Desember 2020 BK #6122', NULL, '019ede24-cd1d-73f5-9aeb-9ae06b776bd9', '2026-04-11', 'Dokumen dummy otomatis dari D:\\GHALIB_WIJOYO', 'uploads/2026/06/KUuccjiHMySJ2KWn58YgQtZqVFSaTLx3pa7vQW8V.docx', 'Pemberitahuan Hasil Penelitian PPh 21 Desember 2020 BK - Copy (18).docx', NULL, '019ede2b-5b99-72bb-94c3-8bccaf599e4f', NULL, NULL, NULL, '2026-06-26 07:23:12', '2026-06-26 07:23:12'),
	('019f02cf-abca-71ae-a9b6-a5e1ada24dd8', 'DUMMY-202606-0170', 'Pemberitahuan Hasil Penelitian PPh 21 Desember 2020 BK #5941', NULL, '019ede24-cd11-73a2-8792-18e045563e16', '2026-03-18', 'Dokumen dummy otomatis dari D:\\GHALIB_WIJOYO', 'uploads/2026/06/d1xQZCEL0GajSUsk2EIXG5a4RKld2UWA70VCjPJD.docx', 'Pemberitahuan Hasil Penelitian PPh 21 Desember 2020 BK - Copy (19).docx', NULL, '019ede2b-5b99-72bb-94c3-8bccaf599e4f', NULL, NULL, NULL, '2026-06-26 07:23:12', '2026-06-26 07:23:12'),
	('019f02cf-abd9-73c7-a503-c1c68f2db6b9', 'DUMMY-202606-0171', 'Pemberitahuan Hasil Penelitian PPh 21 Desember 2020 BK #1432', NULL, '019ede24-cd1c-7030-8aee-8464c96160ba', '2026-05-31', 'Dokumen dummy otomatis dari D:\\GHALIB_WIJOYO', 'uploads/2026/06/wwFZ3X82sAaLLqbVJZMgj2na6GNVzAeoiMEknaPU.docx', 'Pemberitahuan Hasil Penelitian PPh 21 Desember 2020 BK - Copy (2).docx', NULL, '019ede24-cb74-73b7-85ee-ba849d9f5f21', NULL, NULL, NULL, '2026-06-26 07:23:12', '2026-06-26 07:23:12'),
	('019f02cf-abea-70cb-b6d6-3f8140751337', 'DUMMY-202606-0172', 'Pemberitahuan Hasil Penelitian PPh 21 Desember 2020 BK #1616', NULL, '019ede24-cd21-72b8-b3a5-dbc1c090fc82', '2026-03-22', 'Dokumen dummy otomatis dari D:\\GHALIB_WIJOYO', 'uploads/2026/06/V5U628DHbybFMZ31sS7XlxY7GR4rarIABSPJsFgL.docx', 'Pemberitahuan Hasil Penelitian PPh 21 Desember 2020 BK - Copy (3).docx', NULL, '019ede24-cb74-73b7-85ee-ba849d9f5f21', NULL, NULL, NULL, '2026-06-26 07:23:12', '2026-06-26 07:23:12'),
	('019f02cf-abfb-7223-9c8b-b281fdbbf052', 'DUMMY-202606-0173', 'Pemberitahuan Hasil Penelitian PPh 21 Desember 2020 BK #3601', NULL, '019ede24-cd1a-7095-98ba-1dda17e3c181', '2026-05-23', 'Dokumen dummy otomatis dari D:\\GHALIB_WIJOYO', 'uploads/2026/06/jJ4dksFhw7eMNfk2IEFRp4N0piu4D3h5Zjzj6X4O.docx', 'Pemberitahuan Hasil Penelitian PPh 21 Desember 2020 BK - Copy (4).docx', NULL, '019ede2b-5b99-72bb-94c3-8bccaf599e4f', NULL, NULL, NULL, '2026-06-26 07:23:12', '2026-06-26 07:23:12'),
	('019f02cf-ac0b-710b-a8f4-e41cd755c673', 'DUMMY-202606-0174', 'Pemberitahuan Hasil Penelitian PPh 21 Desember 2020 BK #9075', NULL, '019ede24-cd1e-71df-a9db-8eb5bd2db283', '2026-05-06', 'Dokumen dummy otomatis dari D:\\GHALIB_WIJOYO', 'uploads/2026/06/vDXzsKxx3UvVlgxaqoYGyXJWKeKIkzoJ872QkAXH.docx', 'Pemberitahuan Hasil Penelitian PPh 21 Desember 2020 BK - Copy (5).docx', NULL, '019ede24-cb74-73b7-85ee-ba849d9f5f21', NULL, NULL, NULL, '2026-06-26 07:23:12', '2026-06-26 07:23:12'),
	('019f02cf-ac1d-7348-9840-d2e3b815b54c', 'DUMMY-202606-0175', 'Pemberitahuan Hasil Penelitian PPh 21 Desember 2020 BK #5114', NULL, '019ede24-cd1c-7030-8aee-8464c96160ba', '2026-05-01', 'Dokumen dummy otomatis dari D:\\GHALIB_WIJOYO', 'uploads/2026/06/KtlyzAyqazX2pVzBHzO2op84IvqkBR6GP8i3eBPE.docx', 'Pemberitahuan Hasil Penelitian PPh 21 Desember 2020 BK - Copy (6).docx', NULL, '019ede24-cd0c-7025-87e8-0e4781f0eec8', NULL, NULL, NULL, '2026-06-26 07:23:12', '2026-06-26 07:23:12'),
	('019f02cf-ac2d-73b3-9ddc-2b6d7bd11e13', 'DUMMY-202606-0176', 'Pemberitahuan Hasil Penelitian PPh 21 Desember 2020 BK #8336', NULL, '019ede24-cd1c-7030-8aee-8464c96160ba', '2026-04-26', 'Dokumen dummy otomatis dari D:\\GHALIB_WIJOYO', 'uploads/2026/06/fFcvNzvtbWsvgoIuJMgNo7bS18c5tpcTL4dENVGM.docx', 'Pemberitahuan Hasil Penelitian PPh 21 Desember 2020 BK - Copy (7).docx', NULL, '019ede24-caa3-7243-b800-c3eb6d954d53', NULL, NULL, NULL, '2026-06-26 07:23:12', '2026-06-26 07:23:12'),
	('019f02cf-ac3d-70cd-b697-5a742c96d339', 'DUMMY-202606-0177', 'Pemberitahuan Hasil Penelitian PPh 21 Desember 2020 BK #8267', NULL, '019ede24-cd11-73a2-8792-18e045563e16', '2026-05-02', 'Dokumen dummy otomatis dari D:\\GHALIB_WIJOYO', 'uploads/2026/06/jDmbE0W178QommV8XDuYAQF4ottH1VFzt7XvCxXP.docx', 'Pemberitahuan Hasil Penelitian PPh 21 Desember 2020 BK - Copy (8).docx', NULL, '019ede24-cc48-721c-a54d-7bce429c3a32', NULL, NULL, NULL, '2026-06-26 07:23:12', '2026-06-26 07:23:12'),
	('019f02cf-ac4e-70d2-aba7-977b19ef3a13', 'DUMMY-202606-0178', 'Pemberitahuan Hasil Penelitian PPh 21 Desember 2020 BK #7508', NULL, '019ede24-cd1f-733e-bcdf-2e729ad3e34d', '2026-06-17', 'Dokumen dummy otomatis dari D:\\GHALIB_WIJOYO', 'uploads/2026/06/6Bi3DlpED4IBej4EZMcVld5UakItgqzYZuLiQ114.docx', 'Pemberitahuan Hasil Penelitian PPh 21 Desember 2020 BK - Copy (9).docx', NULL, '019ede24-caa3-7243-b800-c3eb6d954d53', NULL, NULL, NULL, '2026-06-26 07:23:12', '2026-06-26 07:23:12'),
	('019f02cf-ac5e-703b-b613-35482bd0ca9b', 'DUMMY-202606-0179', 'Pemberitahuan Hasil Penelitian PPh 21 Desember 2020 BK #5509', NULL, '019ede24-cd18-738a-bf20-f186a8324f97', '2026-05-31', 'Dokumen dummy otomatis dari D:\\GHALIB_WIJOYO', 'uploads/2026/06/9IFk5Za2UKrjYyK7fB4CfHkKTRqxrZgRMdowsukS.docx', 'Pemberitahuan Hasil Penelitian PPh 21 Desember 2020 BK - Copy.docx', NULL, '019ede24-cb74-73b7-85ee-ba849d9f5f21', NULL, NULL, NULL, '2026-06-26 07:23:12', '2026-06-26 07:23:12'),
	('019f02cf-ac6d-71a2-b8d5-f5e97d97e23f', 'DUMMY-202606-0180', 'Pemberitahuan Hasil Penelitian PPh 21 Desember 2020 BK #6759', NULL, '019ede24-cd20-7030-a4c6-d75699e3f2c2', '2026-06-23', 'Dokumen dummy otomatis dari D:\\GHALIB_WIJOYO', 'uploads/2026/06/xLrnpIJ6UNJt9pH6CiT6y084fs1PCGl51dORXaPU.docx', 'Pemberitahuan Hasil Penelitian PPh 21 Desember 2020 BK.docx', NULL, '019ede2b-5b99-72bb-94c3-8bccaf599e4f', NULL, NULL, NULL, '2026-06-26 07:23:12', '2026-06-26 07:23:12'),
	('019f02cf-ac7b-73f0-b422-980b3124a447', 'DUMMY-202606-0181', 'Pemberitahuan Hasil Penelitian PPh 21 Mei 2022 BK #9867', NULL, '019ede24-cd14-73fc-826d-e15086ad0e70', '2026-05-19', 'Dokumen dummy otomatis dari D:\\GHALIB_WIJOYO', 'uploads/2026/06/PYeUfagsLSA990Bai1LNM3kSvW2xRycEWIGMBlZ5.docx', 'Pemberitahuan Hasil Penelitian PPh 21 Mei 2022 BK - Copy (10).docx', NULL, '019ede2b-5b99-72bb-94c3-8bccaf599e4f', NULL, NULL, NULL, '2026-06-26 07:23:12', '2026-06-26 07:23:12'),
	('019f02cf-ac8a-7015-8fb1-0f0655b5456d', 'DUMMY-202606-0182', 'Pemberitahuan Hasil Penelitian PPh 21 Mei 2022 BK #2866', NULL, '019ede24-cd16-72b6-9a68-a731dc7fd7ee', '2026-04-07', 'Dokumen dummy otomatis dari D:\\GHALIB_WIJOYO', 'uploads/2026/06/qY7ySXuQxdBUzfJPzglHuHst6On2dAWUTBDTqPmz.docx', 'Pemberitahuan Hasil Penelitian PPh 21 Mei 2022 BK - Copy (11).docx', NULL, '019ede24-cb74-73b7-85ee-ba849d9f5f21', NULL, NULL, NULL, '2026-06-26 07:23:12', '2026-06-26 07:23:12'),
	('019f02cf-ac97-71f2-90b9-2a336865c466', 'DUMMY-202606-0183', 'Pemberitahuan Hasil Penelitian PPh 21 Mei 2022 BK #4955', NULL, '019ede24-cd1e-71df-a9db-8eb5bd2db283', '2026-06-14', 'Dokumen dummy otomatis dari D:\\GHALIB_WIJOYO', 'uploads/2026/06/I8SApJzF7aBeXPemJ9XOzEvrs1VADBZUY8KkBrGm.docx', 'Pemberitahuan Hasil Penelitian PPh 21 Mei 2022 BK - Copy (12).docx', NULL, '019ede24-caa3-7243-b800-c3eb6d954d53', NULL, NULL, NULL, '2026-06-26 07:23:12', '2026-06-26 07:23:12'),
	('019f02cf-aca6-7102-ac88-4789d9056fd5', 'DUMMY-202606-0184', 'Pemberitahuan Hasil Penelitian PPh 21 Mei 2022 BK #1382', NULL, '019ede24-cd18-738a-bf20-f186a91f69fb', '2026-06-16', 'Dokumen dummy otomatis dari D:\\GHALIB_WIJOYO', 'uploads/2026/06/9o8YjIjJCMJvxspfaZ1r5MtvwSPB9hSQvySHvBE1.docx', 'Pemberitahuan Hasil Penelitian PPh 21 Mei 2022 BK - Copy (13).docx', NULL, '019ede24-cb74-73b7-85ee-ba849d9f5f21', NULL, NULL, NULL, '2026-06-26 07:23:12', '2026-06-26 07:23:12'),
	('019f02cf-acb5-71f0-82b0-7881bcb4fddc', 'DUMMY-202606-0185', 'Pemberitahuan Hasil Penelitian PPh 21 Mei 2022 BK #6866', NULL, '019ede24-cd1e-71df-a9db-8eb5bd2db283', '2026-06-12', 'Dokumen dummy otomatis dari D:\\GHALIB_WIJOYO', 'uploads/2026/06/iYISBlqge7txTnN60JAv7HIjkME18MHNmKCOFm4O.docx', 'Pemberitahuan Hasil Penelitian PPh 21 Mei 2022 BK - Copy (14).docx', NULL, '019ede24-cd0c-7025-87e8-0e4781f0eec8', NULL, NULL, NULL, '2026-06-26 07:23:12', '2026-06-26 07:23:12'),
	('019f02cf-acc4-73b3-8d7b-1bc79f6b49e3', 'DUMMY-202606-0186', 'Pemberitahuan Hasil Penelitian PPh 21 Mei 2022 BK #6070', NULL, '019ede24-cd18-738a-bf20-f186a8324f97', '2026-04-28', 'Dokumen dummy otomatis dari D:\\GHALIB_WIJOYO', 'uploads/2026/06/E6lhEOiVRL0sYptQ8X6nnCCMuFFSE1mFDfipTbxX.docx', 'Pemberitahuan Hasil Penelitian PPh 21 Mei 2022 BK - Copy (15).docx', NULL, '019ede24-caa3-7243-b800-c3eb6d954d53', NULL, NULL, NULL, '2026-06-26 07:23:12', '2026-06-26 07:23:12'),
	('019f02cf-acd3-70a8-880c-470ba6ef7565', 'DUMMY-202606-0187', 'Pemberitahuan Hasil Penelitian PPh 21 Mei 2022 BK #8436', NULL, '019ede24-cd11-73a2-8792-18e045563e16', '2026-04-13', 'Dokumen dummy otomatis dari D:\\GHALIB_WIJOYO', 'uploads/2026/06/TcEQ2eu2iu4TkztHRVmD2qVv85AFeGskP6VkJPWT.docx', 'Pemberitahuan Hasil Penelitian PPh 21 Mei 2022 BK - Copy (16).docx', NULL, '019ede24-cc48-721c-a54d-7bce429c3a32', NULL, NULL, NULL, '2026-06-26 07:23:12', '2026-06-26 07:23:12'),
	('019f02cf-ace1-73bb-a84b-0af1b8dde1ca', 'DUMMY-202606-0188', 'Pemberitahuan Hasil Penelitian PPh 21 Mei 2022 BK #6337', NULL, '019ede24-cd1f-733e-bcdf-2e729ad3e34d', '2026-04-28', 'Dokumen dummy otomatis dari D:\\GHALIB_WIJOYO', 'uploads/2026/06/DpBVwLeYZO61DPfzaIKh4UC8qM9ycxGB9wGIlQgb.docx', 'Pemberitahuan Hasil Penelitian PPh 21 Mei 2022 BK - Copy (17).docx', NULL, '019ede24-cb74-73b7-85ee-ba849d9f5f21', NULL, NULL, NULL, '2026-06-26 07:23:12', '2026-06-26 07:23:12'),
	('019f02cf-acef-7365-84ed-30211368e288', 'DUMMY-202606-0189', 'budi', NULL, '019ede24-cd18-738a-bf20-f186a91f69fb', '2026-05-11', 'Dokumen dummy otomatis dari D:\\GHALIB_WIJOYO', 'uploads/2026/06/S6JAO9pko69NE9kuLlbWfcz61OLj6fkYbULZAWrg.docx', 'Pemberitahuan Hasil Penelitian PPh 21 Mei 2022 BK - Copy (18).docx', NULL, '019ede2b-5b99-72bb-94c3-8bccaf599e4f', '019ede24-cb74-73b7-85ee-ba849d9f5f21', NULL, NULL, '2026-06-26 07:23:12', '2026-06-26 07:29:50'),
	('019f02cf-acfd-7289-a7e0-c540ef8a5abf', 'DUMMY-202606-0190', 'Pemberitahuan Hasil Penelitian PPh 21 Mei 2022 BK #7546', NULL, '019ede24-cd18-738a-bf20-f186a91f69fb', '2026-06-23', 'Dokumen dummy otomatis dari D:\\GHALIB_WIJOYO', 'uploads/2026/06/m7qHChvJ4wHL2FxaTLX2BEzzhwORsWeTwScuxuDX.docx', 'Pemberitahuan Hasil Penelitian PPh 21 Mei 2022 BK - Copy (19).docx', NULL, '019ede24-cb74-73b7-85ee-ba849d9f5f21', NULL, NULL, NULL, '2026-06-26 07:23:12', '2026-06-26 07:23:12'),
	('019f02cf-ad0c-71a7-b6d4-9dba9bee08c2', 'tgl', 'tgl', NULL, '019ede24-cd1c-7030-8aee-8464c96160ba', '2025-06-01', 'Dokumen dummy otomatis dari D:\\GHALIB_WIJOYO', 'uploads/2026/06/MvIbcKI6YksKA7OL9dZRYiuOJYEc143EpD5OqWhm.docx', 'Pemberitahuan Hasil Penelitian PPh 21 Mei 2022 BK - Copy (2).docx', NULL, '019ede24-caa3-7243-b800-c3eb6d954d53', '019ede24-caa3-7243-b800-c3eb6d954d53', NULL, NULL, '2026-06-26 07:23:12', '2026-06-26 08:33:06'),
	('019f02cf-ad1c-71f3-a87c-47fa54fd68e0', 'DUMMY-202606-0192', 'Pemberitahuan Hasil Penelitian PPh 21 Mei 2022 BK #3931', NULL, '019ede24-cd1a-7095-98ba-1dda17e3c181', '2026-04-29', 'Dokumen dummy otomatis dari D:\\GHALIB_WIJOYO', 'uploads/2026/06/qfW5bQeNn3waWOmJJY2oBZ500t0TEdy1jL9GeTMo.docx', 'Pemberitahuan Hasil Penelitian PPh 21 Mei 2022 BK - Copy (3).docx', NULL, '019ede24-cb74-73b7-85ee-ba849d9f5f21', NULL, NULL, NULL, '2026-06-26 07:23:12', '2026-06-26 07:23:12'),
	('019f02cf-ad23-711e-8bf8-869b97bfae2d', 'DUMMY-202606-0193', 'Pemberitahuan Hasil Penelitian PPh 21 Mei 2022 BK #5721', NULL, '019ede24-cd16-72b6-9a68-a731dc7fd7ee', '2026-05-07', 'Dokumen dummy otomatis dari D:\\GHALIB_WIJOYO', 'uploads/2026/06/A6iANrm7eXGsj7L9Qc5vSXvaWAnJEsavhyMqmfw0.docx', 'Pemberitahuan Hasil Penelitian PPh 21 Mei 2022 BK - Copy (4).docx', NULL, '019ede24-caa3-7243-b800-c3eb6d954d53', NULL, NULL, NULL, '2026-06-26 07:23:12', '2026-06-26 07:23:12'),
	('019f02cf-ad32-73ee-8b12-214cf2eb9223', 'DUMMY-202606-0194', 'Pemberitahuan Hasil Penelitian PPh 21 Mei 2022 BK #6941', NULL, '019ede24-cd18-738a-bf20-f186a91f69fb', '2026-05-17', 'Dokumen dummy otomatis dari D:\\GHALIB_WIJOYO', 'uploads/2026/06/0h53OZYd67AxFfxgKaZ3yWNeDcC5iWLjW79yBtag.docx', 'Pemberitahuan Hasil Penelitian PPh 21 Mei 2022 BK - Copy (5).docx', NULL, '019ede24-cc48-721c-a54d-7bce429c3a32', NULL, NULL, NULL, '2026-06-26 07:23:12', '2026-06-26 07:23:12'),
	('019f02cf-ad37-736f-a8bb-41382b77c4dd', 'DUMMY-202606-0195', 'Pemberitahuan Hasil Penelitian PPh 21 Mei 2022 BK #6310', NULL, '019ede24-cd20-7030-a4c6-d75699e3f2c2', '2026-05-20', 'Dokumen dummy otomatis dari D:\\GHALIB_WIJOYO', 'uploads/2026/06/igwBvqrEpEOwsZ4uj9dFd0FT10g8c8GNBjbz3BAD.docx', 'Pemberitahuan Hasil Penelitian PPh 21 Mei 2022 BK - Copy (6).docx', NULL, '019ede2b-5b99-72bb-94c3-8bccaf599e4f', NULL, NULL, NULL, '2026-06-26 07:23:12', '2026-06-26 07:23:12'),
	('019f02cf-ad45-733a-b809-df9b51e413d5', 'budi', 'Pemberitahuan Hasil Penelitian PPh 21 Mei 2022 BK #6902', NULL, '019ede24-cd1d-73f5-9aeb-9ae06b776bd9', '2026-06-02', 'Dokumen dummy otomatis dari D:\\GHALIB_WIJOYO', 'uploads/2026/06/NMEvRa4BhBCNvAChody4tJCIqmm7b6dYLbWNhfSp.docx', 'Pemberitahuan Hasil Penelitian PPh 21 Mei 2022 BK - Copy (7).docx', NULL, '019ede2b-5b99-72bb-94c3-8bccaf599e4f', '019ede24-cb74-73b7-85ee-ba849d9f5f21', NULL, NULL, '2026-06-26 07:23:12', '2026-06-26 07:30:14'),
	('019f02cf-ad52-7168-b9cc-377a61a387d6', 'DUMMY-202606-0197', 'Pemberitahuan Hasil Penelitian PPh 21 Mei 2022 BK #2768', NULL, '019ede24-cd11-73a2-8792-18e045563e16', '2026-05-22', 'Dokumen dummy otomatis dari D:\\GHALIB_WIJOYO', 'uploads/2026/06/5NMRYcC47aG43t29pqIyz5suKu5UHAmtAE1XhhIK.docx', 'Pemberitahuan Hasil Penelitian PPh 21 Mei 2022 BK - Copy (8).docx', NULL, '019ede24-caa3-7243-b800-c3eb6d954d53', NULL, NULL, NULL, '2026-06-26 07:23:12', '2026-06-26 07:23:12'),
	('019f02cf-ad5f-73fa-8e16-e531130d9380', 'DUMMY-202606-0198', 'Pemberitahuan Hasil Penelitian PPh 21 Mei 2022 BK #9848', NULL, '019ede24-cd11-73a2-8792-18e045563e16', '2026-03-31', 'Dokumen dummy otomatis dari D:\\GHALIB_WIJOYO', 'uploads/2026/06/PobttEi0zRtuEEKQOKEGMZosNv2XkrwVcTH3Bdtc.docx', 'Pemberitahuan Hasil Penelitian PPh 21 Mei 2022 BK - Copy (9).docx', NULL, '019ede24-cc48-721c-a54d-7bce429c3a32', NULL, NULL, NULL, '2026-06-26 07:23:12', '2026-06-26 07:23:12'),
	('019f02cf-ad6f-72e6-84d7-f97083ef0d02', 'DUMMY-202606-0199', 'Pemberitahuan Hasil Penelitian PPh 21 Mei 2022 BK #8363', NULL, '019ede24-cd14-73fc-826d-e15086ad0e70', '2026-03-27', 'Dokumen dummy otomatis dari D:\\GHALIB_WIJOYO', 'uploads/2026/06/M1oX3cMm2WA4FUJYiE9SWdzSR5YAacdwSjgCH7bq.docx', 'Pemberitahuan Hasil Penelitian PPh 21 Mei 2022 BK - Copy.docx', NULL, '019ede24-cb74-73b7-85ee-ba849d9f5f21', NULL, NULL, NULL, '2026-06-26 07:23:12', '2026-06-26 07:23:12'),
	('019f02cf-ad7f-7273-ac71-1201b1d014ef', 'DUMMY-202606-0200', 'Pemberitahuan Hasil Penelitian PPh 21 Mei 2022 BK #5682', NULL, '019ede24-cd18-738a-bf20-f186a8324f97', '2026-05-10', 'Dokumen dummy otomatis dari D:\\GHALIB_WIJOYO', 'uploads/2026/06/IYHZ9cJYOyPvapqytbeHao7Ar2laFqUlKTPDJarU.docx', 'Pemberitahuan Hasil Penelitian PPh 21 Mei 2022 BK.docx', NULL, '019ede24-cd0c-7025-87e8-0e4781f0eec8', NULL, NULL, NULL, '2026-06-26 07:23:12', '2026-06-26 07:23:12'),
	('019f0314-4304-700a-a567-fd23c0dc759d', 'tgll', 'tol', '019f0338-4dc1-70d0-aebd-d65376a7b6f3', '019ede24-cd1e-71df-a9db-8eb5bd2db283', '2026-06-26', 'tes', 'uploads/2026/06/kontrak kerja rumah 2 lantai dan garasi.pdf', 'kontrak kerja rumah 2 lantai dan garasi.pdf', NULL, '019ede24-caa3-7243-b800-c3eb6d954d53', '019ede24-caa3-7243-b800-c3eb6d954d53', NULL, NULL, '2026-06-26 08:38:07', '2026-06-26 09:18:05');

-- Dumping structure for table sipsr.document_histories
DROP TABLE IF EXISTS `document_histories`;
CREATE TABLE IF NOT EXISTS `document_histories` (
  `id` char(36) CHARACTER SET utf8mb4 COLLATE utf8mb4_unicode_ci NOT NULL,
  `document_id` char(36) CHARACTER SET utf8mb4 COLLATE utf8mb4_unicode_ci NOT NULL,
  `field_name` varchar(255) CHARACTER SET utf8mb4 COLLATE utf8mb4_unicode_ci NOT NULL,
  `old_value` text CHARACTER SET utf8mb4 COLLATE utf8mb4_unicode_ci,
  `new_value` text CHARACTER SET utf8mb4 COLLATE utf8mb4_unicode_ci,
  `changed_by_id` char(36) CHARACTER SET utf8mb4 COLLATE utf8mb4_unicode_ci NOT NULL,
  `changed_at` timestamp NOT NULL,
  PRIMARY KEY (`id`),
  KEY `document_histories_document_id_foreign` (`document_id`),
  KEY `document_histories_changed_by_id_foreign` (`changed_by_id`),
  CONSTRAINT `document_histories_changed_by_id_foreign` FOREIGN KEY (`changed_by_id`) REFERENCES `users` (`id`) ON DELETE CASCADE,
  CONSTRAINT `document_histories_document_id_foreign` FOREIGN KEY (`document_id`) REFERENCES `documents` (`id`) ON DELETE CASCADE
) ENGINE=InnoDB DEFAULT CHARSET=utf8mb4 COLLATE=utf8mb4_unicode_ci;

-- Dumping data for table sipsr.document_histories: ~5 rows (approximately)
INSERT INTO `document_histories` (`id`, `document_id`, `field_name`, `old_value`, `new_value`, `changed_by_id`, `changed_at`) VALUES
	('019f02d5-bde9-7092-a4bb-f7da839622e4', '019f02cf-acef-7365-84ed-30211368e288', 'Nama Dokumen', 'Pemberitahuan Hasil Penelitian PPh 21 Mei 2022 BK #6997', 'budi', '019ede24-cb74-73b7-85ee-ba849d9f5f21', '2026-06-26 07:29:49'),
	('019f02d6-1e0d-7193-b467-40f12a8e1d9f', '019f02cf-ad45-733a-b809-df9b51e413d5', 'Nomor Dokumen', 'DUMMY-202606-0196', 'budi', '019ede24-cb74-73b7-85ee-ba849d9f5f21', '2026-06-26 07:30:14'),
	('019f030f-aa91-73ae-9070-237d49888f67', '019f02cf-ad0c-71a7-b6d4-9dba9bee08c2', 'Nomor Dokumen', 'DUMMY-202606-0191', 'tgl', '019ede24-caa3-7243-b800-c3eb6d954d53', '2026-06-26 08:33:06'),
	('019f030f-aa95-73a0-9cf9-def80ba95968', '019f02cf-ad0c-71a7-b6d4-9dba9bee08c2', 'Nama Dokumen', 'Pemberitahuan Hasil Penelitian PPh 21 Mei 2022 BK #2681', 'tgl', '019ede24-caa3-7243-b800-c3eb6d954d53', '2026-06-26 08:33:06'),
	('019f030f-aa97-722c-885e-ed44f06ef363', '019f02cf-ad0c-71a7-b6d4-9dba9bee08c2', 'Tanggal Dokumen', '2026-04-26', '2025-06-01', '019ede24-caa3-7243-b800-c3eb6d954d53', '2026-06-26 08:33:06'),
	('019f0338-d8df-7100-ac4f-97d1a6291635', '019f0314-4304-700a-a567-fd23c0dc759d', 'Bank', NULL, 'bang bang tut', '019ede24-caa3-7243-b800-c3eb6d954d53', '2026-06-26 09:18:05');

-- Dumping structure for table sipsr.document_share_links
DROP TABLE IF EXISTS `document_share_links`;
CREATE TABLE IF NOT EXISTS `document_share_links` (
  `id` char(36) CHARACTER SET utf8mb4 COLLATE utf8mb4_unicode_ci NOT NULL,
  `document_id` char(36) CHARACTER SET utf8mb4 COLLATE utf8mb4_unicode_ci NOT NULL,
  `token` varchar(255) CHARACTER SET utf8mb4 COLLATE utf8mb4_unicode_ci NOT NULL,
  `created_by_id` char(36) CHARACTER SET utf8mb4 COLLATE utf8mb4_unicode_ci NOT NULL,
  `expired_at` timestamp NOT NULL,
  `revoked_at` timestamp NULL DEFAULT NULL,
  `created_at` timestamp NULL DEFAULT NULL,
  `updated_at` timestamp NULL DEFAULT NULL,
  PRIMARY KEY (`id`),
  UNIQUE KEY `document_share_links_token_unique` (`token`),
  KEY `document_share_links_document_id_foreign` (`document_id`),
  KEY `document_share_links_created_by_id_foreign` (`created_by_id`),
  CONSTRAINT `document_share_links_created_by_id_foreign` FOREIGN KEY (`created_by_id`) REFERENCES `users` (`id`) ON DELETE CASCADE,
  CONSTRAINT `document_share_links_document_id_foreign` FOREIGN KEY (`document_id`) REFERENCES `documents` (`id`) ON DELETE CASCADE
) ENGINE=InnoDB DEFAULT CHARSET=utf8mb4 COLLATE=utf8mb4_unicode_ci;

-- Dumping data for table sipsr.document_share_links: ~1 rows (approximately)
INSERT INTO `document_share_links` (`id`, `document_id`, `token`, `created_by_id`, `expired_at`, `revoked_at`, `created_at`, `updated_at`) VALUES
	('019f0314-e795-7324-9261-b2af7d13af46', '019f0314-4304-700a-a567-fd23c0dc759d', '610f31dd-8f59-47af-b79b-2d20fa15767d', '019ede24-caa3-7243-b800-c3eb6d954d53', '2026-06-27 23:38:49', '2026-06-26 08:39:15', '2026-06-26 08:38:49', '2026-06-26 08:39:15');

-- Dumping structure for table sipsr.failed_jobs
DROP TABLE IF EXISTS `failed_jobs`;
CREATE TABLE IF NOT EXISTS `failed_jobs` (
  `id` bigint unsigned NOT NULL AUTO_INCREMENT,
  `uuid` varchar(255) CHARACTER SET utf8mb4 COLLATE utf8mb4_unicode_ci NOT NULL,
  `connection` varchar(255) CHARACTER SET utf8mb4 COLLATE utf8mb4_unicode_ci NOT NULL,
  `queue` varchar(255) CHARACTER SET utf8mb4 COLLATE utf8mb4_unicode_ci NOT NULL,
  `payload` longtext CHARACTER SET utf8mb4 COLLATE utf8mb4_unicode_ci NOT NULL,
  `exception` longtext CHARACTER SET utf8mb4 COLLATE utf8mb4_unicode_ci NOT NULL,
  `failed_at` timestamp NOT NULL DEFAULT CURRENT_TIMESTAMP,
  PRIMARY KEY (`id`),
  UNIQUE KEY `failed_jobs_uuid_unique` (`uuid`),
  KEY `failed_jobs_connection_queue_failed_at_index` (`connection`,`queue`,`failed_at`)
) ENGINE=InnoDB DEFAULT CHARSET=utf8mb4 COLLATE=utf8mb4_unicode_ci;

-- Dumping data for table sipsr.failed_jobs: ~0 rows (approximately)

-- Dumping structure for table sipsr.jobs
DROP TABLE IF EXISTS `jobs`;
CREATE TABLE IF NOT EXISTS `jobs` (
  `id` bigint unsigned NOT NULL AUTO_INCREMENT,
  `queue` varchar(255) CHARACTER SET utf8mb4 COLLATE utf8mb4_unicode_ci NOT NULL,
  `payload` longtext CHARACTER SET utf8mb4 COLLATE utf8mb4_unicode_ci NOT NULL,
  `attempts` smallint unsigned NOT NULL,
  `reserved_at` int unsigned DEFAULT NULL,
  `available_at` int unsigned NOT NULL,
  `created_at` int unsigned NOT NULL,
  PRIMARY KEY (`id`),
  KEY `jobs_queue_index` (`queue`)
) ENGINE=InnoDB DEFAULT CHARSET=utf8mb4 COLLATE=utf8mb4_unicode_ci;

-- Dumping data for table sipsr.jobs: ~0 rows (approximately)

-- Dumping structure for table sipsr.job_batches
DROP TABLE IF EXISTS `job_batches`;
CREATE TABLE IF NOT EXISTS `job_batches` (
  `id` varchar(255) CHARACTER SET utf8mb4 COLLATE utf8mb4_unicode_ci NOT NULL,
  `name` varchar(255) CHARACTER SET utf8mb4 COLLATE utf8mb4_unicode_ci NOT NULL,
  `total_jobs` int NOT NULL,
  `pending_jobs` int NOT NULL,
  `failed_jobs` int NOT NULL,
  `failed_job_ids` longtext CHARACTER SET utf8mb4 COLLATE utf8mb4_unicode_ci NOT NULL,
  `options` mediumtext CHARACTER SET utf8mb4 COLLATE utf8mb4_unicode_ci,
  `cancelled_at` int DEFAULT NULL,
  `created_at` int NOT NULL,
  `finished_at` int DEFAULT NULL,
  PRIMARY KEY (`id`)
) ENGINE=InnoDB DEFAULT CHARSET=utf8mb4 COLLATE=utf8mb4_unicode_ci;

-- Dumping data for table sipsr.job_batches: ~0 rows (approximately)

-- Dumping structure for table sipsr.migrations
DROP TABLE IF EXISTS `migrations`;
CREATE TABLE IF NOT EXISTS `migrations` (
  `id` int unsigned NOT NULL AUTO_INCREMENT,
  `migration` varchar(255) CHARACTER SET utf8mb4 COLLATE utf8mb4_unicode_ci NOT NULL,
  `batch` int NOT NULL,
  PRIMARY KEY (`id`)
) ENGINE=InnoDB AUTO_INCREMENT=13 DEFAULT CHARSET=utf8mb4 COLLATE=utf8mb4_unicode_ci;

-- Dumping data for table sipsr.migrations: ~8 rows (approximately)
INSERT INTO `migrations` (`id`, `migration`, `batch`) VALUES
	(1, '0001_01_01_000000_create_users_table', 1),
	(2, '0001_01_01_000001_create_cache_table', 1),
	(3, '0001_01_01_000002_create_jobs_table', 1),
	(4, '0001_01_01_000003_create_categories_table', 1),
	(5, '0001_01_01_000004_create_documents_table', 1),
	(6, '0001_01_01_000005_create_document_histories_table', 1),
	(7, '0001_01_01_000006_create_document_share_links_table', 1),
	(8, '0001_01_01_000007_create_activity_logs_table', 1),
	(9, '2026_06_23_194258_make_expired_at_nullable_in_document_share_links_table', 2),
	(10, '2026_06_26_043619_add_indexes_to_sipsr_tables', 2),
	(11, '2026_06_26_155020_add_nama_bank_to_documents_table', 2),
	(12, '2026_06_26_161017_create_banks_table_and_update_documents', 3);

-- Dumping structure for table sipsr.sessions
DROP TABLE IF EXISTS `sessions`;
CREATE TABLE IF NOT EXISTS `sessions` (
  `id` varchar(255) CHARACTER SET utf8mb4 COLLATE utf8mb4_unicode_ci NOT NULL,
  `user_id` char(36) CHARACTER SET utf8mb4 COLLATE utf8mb4_unicode_ci DEFAULT NULL,
  `ip_address` varchar(45) CHARACTER SET utf8mb4 COLLATE utf8mb4_unicode_ci DEFAULT NULL,
  `user_agent` text CHARACTER SET utf8mb4 COLLATE utf8mb4_unicode_ci,
  `payload` longtext CHARACTER SET utf8mb4 COLLATE utf8mb4_unicode_ci NOT NULL,
  `last_activity` int NOT NULL,
  PRIMARY KEY (`id`),
  KEY `sessions_user_id_index` (`user_id`),
  KEY `sessions_last_activity_index` (`last_activity`)
) ENGINE=InnoDB DEFAULT CHARSET=utf8mb4 COLLATE=utf8mb4_unicode_ci;

-- Dumping data for table sipsr.sessions: ~3 rows (approximately)
INSERT INTO `sessions` (`id`, `user_id`, `ip_address`, `user_agent`, `payload`, `last_activity`) VALUES
	('jMuMM67aIYNFKQLyR7n1CHkIryBUhXsQqqsO0fwS', '019ede24-cb74-73b7-85ee-ba849d9f5f21', '127.0.0.1', 'Mozilla/5.0 (Windows NT 10.0; Win64; x64) AppleWebKit/537.36 (KHTML, like Gecko) Chrome/149.0.0.0 Safari/537.36', 'eyJfdG9rZW4iOiJxaXFKb1FnVjFWZWlUMlZ4OFlnb0MwUUVPVll3T1UzVU5VZHU4RjRQIiwidXJsIjpbXSwiX3ByZXZpb3VzIjp7InVybCI6Imh0dHA6XC9cL3NpcHNyLnRlc3RcL2Rva3VtZW4/Y2F0ZWdvcnlfaWQ9MDE5ZWRlMjQtY2QyMS03MmI4LWIzYTUtZGJjMWMwOTBmYzgyJnNlYXJjaD1iJnRhbmdnYWxfZGFyaT0mdGFuZ2dhbF9zYW1wYWk9JnVwbG9hZGVyX2lkPSIsInJvdXRlIjoiZG9rdW1lbi5pbmRleCJ9LCJfZmxhc2giOnsib2xkIjpbXSwibmV3IjpbXX0sImxvZ2luX3dlYl81OWJhMzZhZGRjMmIyZjk0MDE1ODBmMDE0YzdmNThlYTRlMzA5ODlkIjoiMDE5ZWRlMjQtY2I3NC03M2I3LTg1ZWUtYmE4NDlkOWY1ZjIxIn0=', 1782459415),
	('mVnlUCQKYpDpSIuceTVf98lmkM7Mq9ZJsru8IZ4d', '019ede24-cb74-73b7-85ee-ba849d9f5f21', '127.0.0.1', 'Mozilla/5.0 (Windows NT 10.0; Win64; x64) AppleWebKit/537.36 (KHTML, like Gecko) Chrome/149.0.0.0 Safari/537.36 Edg/149.0.0.0', 'eyJfdG9rZW4iOiJ2UGg4NHJzWVozU21hRmFoUU03YmFESG5aN241OVhCZk1IdFJ3NUVoIiwiX2ZsYXNoIjp7Im5ldyI6W10sIm9sZCI6W119LCJfcHJldmlvdXMiOnsidXJsIjoiaHR0cDpcL1wvMTI3LjAuMC4xOjgwMDBcL2xhcG9yYW5cL2V4cG9ydC1leGNlbD9wZXJpb2RlPTFfYnVsYW4iLCJyb3V0ZSI6ImxhcG9yYW4uZXhwb3J0LmV4Y2VsIn0sImxvZ2luX3dlYl81OWJhMzZhZGRjMmIyZjk0MDE1ODBmMDE0YzdmNThlYTRlMzA5ODlkIjoiMDE5ZWRlMjQtY2I3NC03M2I3LTg1ZWUtYmE4NDlkOWY1ZjIxIn0=', 1782466005),
	('zUK0oAGTvmavecz3O6Ve2evcpFMjKReIhkM2wy8g', '019ede24-caa3-7243-b800-c3eb6d954d53', '127.0.0.1', 'Mozilla/5.0 (Windows NT 10.0; Win64; x64) AppleWebKit/537.36 (KHTML, like Gecko) Chrome/149.0.0.0 Safari/537.36', 'eyJfdG9rZW4iOiJOaTFHQ1FMQWduVEQya05BVkVTME81T0JqNzdWQmpmUDg4Q3NMalNyIiwiX3ByZXZpb3VzIjp7InVybCI6Imh0dHA6XC9cL3NpcHNyLnRlc3RcL2Rva3VtZW4/c2VhcmNoPSIsInJvdXRlIjoiZG9rdW1lbi5pbmRleCJ9LCJfZmxhc2giOnsib2xkIjpbXSwibmV3IjpbXX0sInVybCI6W10sImxvZ2luX3dlYl81OWJhMzZhZGRjMmIyZjk0MDE1ODBmMDE0YzdmNThlYTRlMzA5ODlkIjoiMDE5ZWRlMjQtY2FhMy03MjQzLWI4MDAtYzNlYjZkOTU0ZDUzIn0=', 1782466346);

-- Dumping structure for table sipsr.users
DROP TABLE IF EXISTS `users`;
CREATE TABLE IF NOT EXISTS `users` (
  `id` char(36) CHARACTER SET utf8mb4 COLLATE utf8mb4_unicode_ci NOT NULL,
  `username` varchar(255) CHARACTER SET utf8mb4 COLLATE utf8mb4_unicode_ci NOT NULL,
  `password` varchar(255) CHARACTER SET utf8mb4 COLLATE utf8mb4_unicode_ci NOT NULL,
  `nama_lengkap` varchar(255) CHARACTER SET utf8mb4 COLLATE utf8mb4_unicode_ci NOT NULL,
  `role` enum('ADMIN','STAFF') CHARACTER SET utf8mb4 COLLATE utf8mb4_unicode_ci NOT NULL,
  `is_active` tinyint(1) NOT NULL DEFAULT '1',
  `created_at` timestamp NULL DEFAULT NULL,
  `updated_at` timestamp NULL DEFAULT NULL,
  PRIMARY KEY (`id`),
  UNIQUE KEY `users_username_unique` (`username`),
  KEY `users_is_active_index` (`is_active`)
) ENGINE=InnoDB DEFAULT CHARSET=utf8mb4 COLLATE=utf8mb4_unicode_ci;

-- Dumping data for table sipsr.users: ~5 rows (approximately)
INSERT INTO `users` (`id`, `username`, `password`, `nama_lengkap`, `role`, `is_active`, `created_at`, `updated_at`) VALUES
	('019ede24-caa3-7243-b800-c3eb6d954d53', 'admin', '$2y$12$xXRjxUm8e1EssQK3Voh1RuWjNGrBt6sA.TCt1t/HS2LefcL1DCoCW', 'mimin', 'ADMIN', 1, '2026-06-18 21:30:13', '2026-06-26 07:10:25'),
	('019ede24-cb74-73b7-85ee-ba849d9f5f21', 'budi_psr', '$2y$12$1V/C/mS6Gi9tjmHJ1MRGhO.fl8u17pwPRuB73lD8cC8YFVvsn3Ggq', 'Budi Santoso', 'STAFF', 1, '2026-06-18 21:30:13', '2026-06-26 09:00:49'),
	('019ede24-cc48-721c-a54d-7bce429c3a32', 'sari_psr', '$2y$12$F011fDwzjcYGnnsm6Ka1vOXPSorpY1JMrnF/KosoEJxuKnW2KeU0.', 'Sari Dewi', 'STAFF', 1, '2026-06-18 21:30:14', '2026-06-18 21:30:14'),
	('019ede24-cd0c-7025-87e8-0e4781f0eec8', 'eko_psr', '$2y$12$4SdU9rnkD5Ge5tFXFmDYaur1HaWVcdb6KcWYT4JGty.Y5kU15bQUy', 'Eko Prasetyo', 'STAFF', 1, '2026-06-18 21:30:14', '2026-06-18 21:30:14'),
	('019ede2b-5b99-72bb-94c3-8bccaf599e4f', 'ghalib', '$2y$12$B2fLRjSKzRB0tsAy0.B8fO0F8g0mLMD.2FBv00abZ3FIgx7tHtEpy', 'wijoyo', 'ADMIN', 1, '2026-06-18 21:37:23', '2026-06-26 07:11:45');

/*!40103 SET TIME_ZONE=IFNULL(@OLD_TIME_ZONE, 'system') */;
/*!40101 SET SQL_MODE=IFNULL(@OLD_SQL_MODE, '') */;
/*!40014 SET FOREIGN_KEY_CHECKS=IFNULL(@OLD_FOREIGN_KEY_CHECKS, 1) */;
/*!40101 SET CHARACTER_SET_CLIENT=@OLD_CHARACTER_SET_CLIENT */;
/*!40111 SET SQL_NOTES=IFNULL(@OLD_SQL_NOTES, 1) */;
